sl,ee,tp,scope,n_intrabar_sl,n_intrabar_tp,sharpe,total_return,max_drawdown,calmar,win_rate,profit_factor,n_bars
0.0,1.0,0.0,portfolio,0,0,3.2577642558070434,3.010062371818038,0.03512542191760291,10.13725266061862,0.5460176991150443,2.023764612061593,1149
0.0,1.0,0.0,bitcoin,-1,-1,1.8449377838260133,1.9096614790819415,0.07181354369799398,3.6755135498764666,0.5013286093888397,1.6402518609378236,1149
0.0,1.0,0.0,ethereum,-1,-1,1.1247418008120025,0.7566626587720664,0.15002277920674814,0.8767206998389321,0.5280289330922242,1.4724735529837973,1149
0.0,1.0,0.0,binancecoin,-1,-1,1.6401760535539671,2.3042116369392986,0.0981394693287854,3.053800118232882,0.5106194690265486,1.5012526324576447,1149
0.0,1.0,0.0,solana,-1,-1,2.7025250044361795,12.08598300904668,0.10430909278527452,7.263774592250984,0.515929203539823,1.8152791013818832,1149
0.0,1.0,0.01,portfolio,1942,1503,1.7616475245999008,0.3317663066593226,0.030422509473644676,2.1317470134457226,0.7141592920353982,1.3841773257695722,1149
0.0,1.0,0.01,bitcoin,-1,-1,0.5933179150952238,0.16149173979192333,0.11062993594927811,0.3017128717895794,0.6651904340124003,1.1410145394822588,1149
0.0,1.0,0.01,ethereum,-1,-1,-0.06394494510750609,-0.017179731619184624,0.15274331477178768,-0.024835171140767283,0.7645985401459854,0.979872326818866,1149
0.0,1.0,0.01,binancecoin,-1,-1,1.2835591935185553,0.475912558868715,0.08781204925641195,1.0149759374841258,0.7283185840707964,1.2828410157993002,1149
0.0,1.0,0.01,solana,-1,-1,2.0537094573620513,0.8281238329000593,0.06884322767269226,2.0549156935949395,0.8407079646017699,1.539145982814915,1149
0.0,1.0,0.02,portfolio,1842,1174,2.512698186333153,0.7633722205833351,0.03384433064686552,3.914231414503523,0.6557522123893805,1.5476743929108527,1149
0.0,1.0,0.02,bitcoin,-1,-1,1.2345247668581854,0.5364317090784392,0.09397024974831689,1.0510641338583673,0.5589016829052259,1.2946593386166212,1149
0.0,1.0,0.02,ethereum,-1,-1,0.18497376212303096,0.04908776294119055,0.15534720404822483,0.06801224047288743,0.6355311355311355,1.0600160966386525,1149
0.0,1.0,0.02,binancecoin,-1,-1,1.4430737821379114,0.8596098205185299,0.08924294311090962,1.6331835250404472,0.5893805309734513,1.3154892573895,1149
0.0,1.0,0.02,solana,-1,-1,2.527249300748959,2.075097860212904,0.0913163107336213,3.0594181055631386,0.7150442477876107,1.5600051641139767,1149
0.0,1.0,0.03,portfolio,1700,863,2.531103610916668,0.9267927337578901,0.03268187513170577,4.733606002909681,0.5982300884955752,1.5519023303555146,1149
0.0,1.0,0.03,bitcoin,-1,-1,1.3922906123994674,0.7400765712659956,0.083038932726164,1.5556104837260596,0.5270150575730735,1.3517343911098527,1149
0.0,1.0,0.03,ethereum,-1,-1,0.3847001109163217,0.13058365956282025,0.16069612720176224,0.16978462140049616,0.5711678832116789,1.1232003646354554,1149
0.0,1.0,0.03,binancecoin,-1,-1,1.1410201089572491,0.7409997073077015,0.11652328711403934,1.1097145766813183,0.5486725663716814,1.248946669812225,1149
0.0,1.0,0.03,solana,-1,-1,2.4858025359807274,2.7722671724462327,0.12378352598489735,2.7306977453058674,0.6247787610619469,1.5279766890285342,1149
0.0,1.0,0.05,portfolio,1568,923,3.144257058868267,1.9165604611337987,0.033331311061316676,7.938731532893657,0.5716814159292035,1.7891009456920615,1149
0.0,1.0,0.05,bitcoin,-1,-1,1.6538809134936712,1.1730991736361638,0.0683185622651817,2.716304510089383,0.5190434012400355,1.4759715214028908,1149
0.0,1.0,0.05,ethereum,-1,-1,1.5545181165637236,1.292345143162903,0.12861692095170507,1.5514780240741135,0.5504424778761062,1.3926200610071502,1149
0.0,1.0,0.05,binancecoin,-1,-1,1.4941784934182536,1.3234214569965816,0.08055952041211122,2.521044592831031,0.5309734513274337,1.3613699432242643,1149
0.0,1.0,0.05,solana,-1,-1,2.663945175647849,4.683185696355117,0.12696860035104682,3.6533019095452532,0.5575221238938053,1.5992388555779928,1149
0.0,1.0,0.08,portfolio,875,451,3.1136364874365676,2.1658336287294113,0.03643644508940257,7.892110024222323,0.5548672566371682,1.8530688175207337,1149
0.0,1.0,0.08,bitcoin,-1,-1,1.8720916462401607,1.7036105221711866,0.07255959282214287,3.3593625230674795,0.5101860053144376,1.5994661275462059,1149
0.0,1.0,0.08,ethereum,-1,-1,0.9294036674808461,0.5330429858510213,0.15165199001939753,0.6477778046072488,0.5406896551724137,1.3083192161938528,1149
0.0,1.0,0.08,binancecoin,-1,-1,1.713353932573824,1.883223536854549,0.1030171919725554,2.537672125780618,0.5221238938053098,1.4516112345448273,1149
0.0,1.0,0.08,solana,-1,-1,2.6179385354651745,6.508835497442201,0.11300444642239936,4.920857709316111,0.54070796460177,1.6549593860792804,1149
0.0,1.0,0.12,portfolio,453,201,3.3493345116684123,2.851232503421689,0.03844919816233697,8.94969891375483,0.5592920353982301,2.0275076157059746,1149
0.0,1.0,0.12,bitcoin,-1,-1,1.7901040614480535,1.8068251180557966,0.07185380034580904,3.535179513942642,0.5031000885739593,1.616985641552865,1149
0.0,1.0,0.12,ethereum,-1,-1,1.130261786429262,0.7068014028540364,0.1509989983682937,0.8238774459143138,0.5291970802919708,1.4520655926695805,1149
0.0,1.0,0.12,binancecoin,-1,-1,1.7929433004769963,2.4933651133176604,0.10209455204468702,3.0918760807074905,0.5176991150442478,1.5316834159276813,1149
0.0,1.0,0.12,solana,-1,-1,2.8646494829283813,10.47432869252104,0.10430909278527449,6.7849837314584045,0.531858407079646,1.7868602121207224,1149
0.005,1.0,0.0,portfolio,1997,1358,1.102691959803826,0.4709518792743639,0.050672043438621014,1.7430361189317298,0.37256637168141593,1.329722408177086,1149
0.005,1.0,0.0,bitcoin,-1,-1,0.8293867199073928,0.44969444195940445,0.1349371764351979,0.6288416535034284,0.27192205491585475,1.2996749024910852,1149
0.005,1.0,0.0,ethereum,-1,-1,0.17746632514919716,0.05610590556357575,0.15135674243836408,0.07957598585674842,0.21818181818181817,1.0904058656785707,1149
0.005,1.0,0.0,binancecoin,-1,-1,0.4597621916939946,0.2503668773397447,0.15241659176486103,0.32952473211567745,0.2918181818181818,1.1350151245578612,1149
0.005,1.0,0.0,solana,-1,-1,1.0993223772328722,1.2411693773267798,0.13058595443882293,1.4827104601914198,0.20353982300884957,1.396781336735762,1149
0.005,1.0,0.01,portfolio,2063,1874,-4.584499670731848,-0.15034191505620076,0.15034191505620076,-0.23347596817740413,0.12690355329949238,0.11588752083665854,1149
0.005,1.0,0.01,bitcoin,-1,-1,-3.5269430961299597,-0.15155077047652532,0.15155077047652532,-0.2336014440258426,0.07947019867549669,0.12157555272607194,1149
0.005,1.0,0.01,ethereum,-1,-1,-3.288214152358015,-0.14869475034947943,0.15044672938281742,-0.2305884498706112,0.12690355329949238,0.2607635437552889,1149
0.005,1.0,0.01,binancecoin,-1,-1,-3.096328588378734,-0.15001448791430394,0.15001448791430394,-0.23344201801475994,0.11242603550295859,0.21724672440087078,1149
0.005,1.0,0.01,solana,-1,-1,-4.421650974666303,-0.151442770867794,0.151442770867794,-0.23359022547757718,0.0893854748603352,0.13608380240872323,1149
0.005,1.0,0.02,portfolio,2389,2130,-3.138398128137009,-0.14891165688002528,0.14917991879198586,-0.23290819994242973,0.14056224899598393,0.3170484089700458,1149
0.005,1.0,0.02,bitcoin,-1,-1,-2.066703495278971,-0.1500097691093063,0.15096512823298955,-0.23196423076214287,0.0970873786407767,0.39583135029056726,1149
0.005,1.0,0.02,ethereum,-1,-1,-2.0257711577103685,-0.14533250498554107,0.15045013851038336,-0.225034032711444,0.11244979919678715,0.4682960985242802,1149
0.005,1.0,0.02,binancecoin,-1,-1,-2.0883549907933534,-0.15028043050255468,0.15028043050255468,-0.23346959182155202,0.09865470852017937,0.38464200831696205,1149
0.005,1.0,0.02,solana,-1,-1,-3.289425445572982,-0.15094783230504427,0.15094783230504427,-0.23353883464127934,0.08247422680412371,0.2564086401994253,1149
0.005,1.0,0.03,portfolio,2410,2027,-1.74603076701345,-0.1472960381213403,0.14798602615592618,-0.23207361968618573,0.2357563850687623,0.697780675503855,1149
0.005,1.0,0.03,bitcoin,-1,-1,-1.500653069987406,-0.1503721191960159,0.1503721191960159,-0.23347910074428527,0.09734513274336283,0.4930264671635463,1149
0.005,1.0,0.03,ethereum,-1,-1,-1.2304813060407025,-0.14219575416341634,0.15068335856750478,-0.2195320443172815,0.14622641509433962,0.6549571027781698,1149
0.005,1.0,0.03,binancecoin,-1,-1,-0.6155483291280002,-0.1528098756797679,0.1528098756797679,-0.23373235774659223,0.22298624754420432,0.8757725760154879,1149
0.005,1.0,0.03,solana,-1,-1,-2.6180826102995893,-0.14970722779663603,0.1500516644390397,-0.2328743905737214,0.07339449541284404,0.3300825751287346,1149
0.005,1.0,0.05,portfolio,2379,1898,-0.41067124278611783,-0.061150272959183294,0.09502556146593055,-0.14463277377180073,0.27256637168141595,0.9172274739816104,1149
0.005,1.0,0.05,bitcoin,-1,-1,-1.1496699541668836,-0.1476779057193216,0.15114617127668842,-0.22784907315086603,0.11724137931034483,0.5919577252397713,1149
0.005,1.0,0.05,ethereum,-1,-1,0.048731354176275624,0.004859159884663011,0.13467748450270414,0.007898135125734677,0.20530973451327433,1.0125964281926731,1149
0.005,1.0,0.05,binancecoin,-1,-1,0.16315317829592677,0.04598171797157624,0.15011987179684452,0.0660042172411185,0.22796081923419412,1.0392582868235571,1149
0.005,1.0,0.05,solana,-1,-1,-1.4734759611419233,-0.14814446290081118,0.15145428269995131,-0.22815109650399537,0.07467532467532467,0.5368713230183924,1149
0.005,1.0,0.08,portfolio,2340,1842,-0.2888155538191907,-0.04943738623716187,0.07890253927296824,-0.1401508527845359,0.26194690265486725,0.9375360530844893,1149
0.005,1.0,0.08,bitcoin,-1,-1,-0.7815964475941553,-0.13059654326000614,0.15016165621920038,-0.20129831414345903,0.13870967741935483,0.6842755366624121,1149
0.005,1.0,0.08,ethereum,-1,-1,-0.27754796669060866,-0.06728805106817426,0.15062776615028853,-0.10065574665212772,0.18558558558558558,0.9013277917134557,1149
0.005,1.0,0.08,binancecoin,-1,-1,0.3013985601876925,0.11734206203812425,0.1392395620850251,0.17690927310253787,0.24601769911504426,1.0777685837523032,1149
0.005,1.0,0.08,solana,-1,-1,-0.4932906586980446,-0.1206306542572897,0.15023818581256604,-0.18503990243214435,0.11574074074074074,0.8520503933753424,1149
0.005,1.0,0.12,portfolio,2211,1611,0.39246910342500907,0.091640011998948,0.07334758392941884,0.26471802246049586,0.30619469026548674,1.0943677007143129,1149
0.005,1.0,0.12,bitcoin,-1,-1,-0.5383822524642872,-0.10454557011801269,0.15264421366984005,-0.1567527275126615,0.18052256532066507,0.7921134703628783,1149
0.005,1.0,0.12,ethereum,-1,-1,0.7175520072388656,0.3172447598387045,0.10550223134493766,0.5904672976705962,0.2513274336283186,1.2225907480457656,1149
0.005,1.0,0.12,binancecoin,-1,-1,0.29730631675070024,0.12845236256356185,0.1522037850730695,0.17646531557010872,0.260989010989011,1.0849077965824285,1149
0.005,1.0,0.12,solana,-1,-1,0.09791318694103801,0.022328623564606742,0.1282398473691188,0.03785885834807926,0.13274336283185842,1.026654468208979,1149
0.01,1.0,0.0,portfolio,1553,878,2.322021432798145,1.6720337969267902,0.04685493265776623,5.134003922889982,0.4539823008849557,1.700423267887505,1149
0.01,1.0,0.0,bitcoin,-1,-1,1.6508118531794915,1.409445630672876,0.09581903789479981,2.2200753502823343,0.38972542072630645,1.6057318795912743,1149
0.01,1.0,0.0,ethereum,-1,-1,1.4976544167737271,1.3698148655368914,0.1485799950852905,1.4020886022553023,0.4079646017699115,1.4968339597271036,1149
0.01,1.0,0.0,binancecoin,-1,-1,0.7939795230023947,0.6069684852189403,0.12282229859714394,0.8926648561456492,0.37964601769911505,1.2290858848298094,1149
0.01,1.0,0.0,solana,-1,-1,1.9143594647255335,3.931403551849569,0.10884030347436355,3.84969790306831,0.3176991150442478,1.627796157845607,1149
0.01,1.0,0.01,portfolio,2188,1926,-3.7395719354723744,-0.1508076594173119,0.15182316688253011,-0.23196230049097039,0.18493150684931506,0.13846705876532311,1149
0.01,1.0,0.01,bitcoin,-1,-1,-2.466384454230968,-0.15115776942619719,0.15115776942619719,-0.23356062871955155,0.24806201550387597,0.24390424642553493,1149
0.01,1.0,0.01,ethereum,-1,-1,-2.726374478192876,-0.1521977280367537,0.15361710003291232,-0.2315096596404593,0.2222222222222222,0.2727845801906213,1149
0.01,1.0,0.01,binancecoin,-1,-1,-2.484382552416792,-0.15067310290383296,0.15204978472376096,-0.23139608592157976,0.2191780821917808,0.2903540351277367,1149
0.01,1.0,0.01,solana,-1,-1,-3.4309925316971226,-0.1498475692207526,0.15111122873624477,-0.23147271485199053,0.17777777777777778,0.19314667503263344,1149
0.01,1.0,0.02,portfolio,2396,2122,-2.169944012140967,-0.1483146560896278,0.15053134070371788,-0.22983099802617762,0.28193832599118945,0.4588446727346387,1149
0.01,1.0,0.02,bitcoin,-1,-1,-1.3984198265397563,-0.1533683536171807,0.1533683536171807,-0.23379049744212838,0.26540284360189575,0.5831239066560978,1149
0.01,1.0,0.02,ethereum,-1,-1,-1.4450974844761804,-0.1461942655331192,0.15046540634385622,-0.22643171375428536,0.24669603524229075,0.6029445299057599,1149
0.01,1.0,0.02,binancecoin,-1,-1,-1.371897739678005,-0.14952870080975433,0.15252753498718033,-0.2288029770800312,0.21428571428571427,0.55967721303263,1149
0.01,1.0,0.02,solana,-1,-1,-2.1237434216156874,-0.1463014178848251,0.15112604950512687,-0.22561780842623105,0.18857142857142858,0.43749194342431585,1149
0.01,1.0,0.03,portfolio,2432,2056,-1.5443916145655363,-0.1447320611639833,0.14815792144550308,-0.22751112616239919,0.2962138084632517,0.6386431417669225,1149
0.01,1.0,0.03,bitcoin,-1,-1,-0.9924279251958104,-0.14978771584643413,0.15224674447207653,-0.22964843086512507,0.25517241379310346,0.7002692769631029,1149
0.01,1.0,0.03,ethereum,-1,-1,-0.8688180928540937,-0.14359136236955683,0.1512245770629831,-0.22102932909066123,0.267260579064588,0.782100458880368,1149
0.01,1.0,0.03,binancecoin,-1,-1,-1.0228044312798636,-0.14933657597296934,0.15395057747338897,-0.22637746762440467,0.21052631578947367,0.6887249830659903,1149
0.01,1.0,0.03,solana,-1,-1,-1.4790104296142055,-0.14088260895182503,0.15020713216991308,-0.21806810248129685,0.17857142857142858,0.5669117002698493,1149
0.01,1.0,0.05,portfolio,2358,1689,0.32102728521367935,0.05851137680654084,0.09363808225886762,0.13402104022323227,0.384070796460177,1.0649418140032554,1149
0.01,1.0,0.05,bitcoin,-1,-1,-0.19504144242529972,-0.04592582841801773,0.15051807108846466,-0.06815232730027854,0.3273542600896861,0.9384391809100094,1149
0.01,1.0,0.05,ethereum,-1,-1,0.633757284335706,0.254571618606505,0.11024362098685439,0.46259909261310395,0.3433628318584071,1.1475821191709017,1149
0.01,1.0,0.05,binancecoin,-1,-1,0.39087801493941665,0.15858304987434302,0.14530633340572957,0.22580122238250197,0.32654867256637166,1.0835821424584642,1149
0.01,1.0,0.05,solana,-1,-1,-0.7846389692455458,-0.11962981665565331,0.1508994283465306,-0.18262156728936893,0.15034965034965034,0.7437177698459568,1149
0.01,1.0,0.08,portfolio,2131,1421,1.0803552988117637,0.2849838552429764,0.07882742704190904,0.7171895429103986,0.3911504424778761,1.2557879038753244,1149
0.01,1.0,0.08,bitcoin,-1,-1,1.1731149576614555,0.7139894604714518,0.1364058561042171,0.919619801980935,0.36935341009743133,1.3632571312628428,1149
0.01,1.0,0.08,ethereum,-1,-1,0.8241778562774926,0.4001473938116693,0.11625227859177553,0.6590103481436759,0.368141592920354,1.2093515245061086,1149
0.01,1.0,0.08,binancecoin,-1,-1,0.32479211120207274,0.12074669995632936,0.1522785244873529,0.16625265569577377,0.3353584447144593,1.087655749840769,1149
0.01,1.0,0.08,solana,-1,-1,-0.12208448052800241,-0.02906534278128814,0.15053056041446897,-0.04283675292242447,0.17834394904458598,0.954105987099518,1149
0.01,1.0,0.12,portfolio,1967,1199,1.6771833908807394,0.6790485399037243,0.06468036835883495,1.860983864216283,0.4,1.4288253172801115,1149
0.01,1.0,0.12,bitcoin,-1,-1,1.3450443024893797,1.0031053828394088,0.13350119616269565,1.232811925690815,0.37821080602302926,1.4750685780595985,1149
0.01,1.0,0.12,ethereum,-1,-1,1.132823325525736,0.6998673974944429,0.1269575665948029,0.9719879333926108,0.3769911504424779,1.324633359313735,1149
0.01,1.0,0.12,binancecoin,-1,-1,0.41071851429093037,0.19369003986420297,0.15419575958297374,0.2567803330285495,0.34657039711191334,1.1249817234225614,1149
0.01,1.0,0.12,solana,-1,-1,1.1243702653550123,0.8156997996142259,0.15259497576367476,0.915895941698217,0.24710080285459413,1.2866337228083236,1149
0.015,1.0,0.0,portfolio,1340,678,2.7952769362480225,2.5528704471685573,0.04357688921230225,7.355883158599349,0.4920353982300885,1.8711264599577706,1149
0.015,1.0,0.0,bitcoin,-1,-1,1.805465325972478,1.6877426584037907,0.10197479448263164,2.3745995742563117,0.44729849424269263,1.6334368816087421,1149
0.015,1.0,0.0,ethereum,-1,-1,1.7692212195657977,1.9158945231772462,0.13322003737162857,1.9857748219409357,0.46194690265486726,1.5636990582621761,1149
0.015,1.0,0.0,binancecoin,-1,-1,1.359253416642021,1.4939193109310076,0.10717517446918085,2.070679445761366,0.43628318584070797,1.408345795048611,1149
0.015,1.0,0.0,solana,-1,-1,2.2314152643045646,6.154398255559837,0.10404696849884325,5.186734533670812,0.38849557522123895,1.7013013418883671,1149
0.015,1.0,0.01,portfolio,2405,2114,-3.182075145516396,-0.15016699659205668,0.1511832701945216,-0.2318884954980165,0.2595419847328244,0.15059117359125215,1149
0.015,1.0,0.01,bitcoin,-1,-1,-1.9345349097146105,-0.15000518757383485,0.15000518757383485,-0.23344105390701012,0.36936936936936937,0.2941788484039272,1149
0.015,1.0,0.01,ethereum,-1,-1,-2.344554719633819,-0.14904437737909826,0.15046902864586698,-0.2311322252831773,0.26666666666666666,0.24645580366503764,1149
0.015,1.0,0.01,binancecoin,-1,-1,-2.461915911719315,-0.1510420200305046,0.15241810386925117,-0.2314400533379702,0.29770992366412213,0.27150120086755075,1149
0.015,1.0,0.01,solana,-1,-1,-2.88387044441929,-0.15140610637417862,0.1526674492929843,-0.2316565195094941,0.2689075630252101,0.22928616112230024,1149
0.015,1.0,0.02,portfolio,2402,2113,-1.8362122052209118,-0.1488425061977141,0.1510578169743635,-0.2298989020675129,0.34513274336283184,0.5165556853423002,1149
0.015,1.0,0.02,bitcoin,-1,-1,-1.0999290281212302,-0.15085735145299073,0.15085735145299073,-0.23352944354599534,0.37735849056603776,0.6628599232215856,1149
0.015,1.0,0.02,ethereum,-1,-1,-1.194254178275995,-0.1494469837712189,0.15286206216989143,-0.2281692164049314,0.3495575221238938,0.6677596329897152,1149
0.015,1.0,0.02,binancecoin,-1,-1,-1.1586149984793963,-0.15159212555474377,0.15458368392091815,-0.22908491898746228,0.29213483146067415,0.6160934399594196,1149
0.015,1.0,0.02,solana,-1,-1,-1.8681323659227798,-0.14678921925398103,0.15011659179892123,-0.22794150390135964,0.2727272727272727,0.4762341261505105,1149
0.015,1.0,0.03,portfolio,2438,1998,-1.2254980934313726,-0.13679340893548708,0.14025106827333,-0.22636213326583154,0.35517970401691334,0.7142970239076303,1149
0.015,1.0,0.03,bitcoin,-1,-1,-0.7945598573076692,-0.1552953815197794,0.15544421074100323,-0.23376741878211504,0.37735849056603776,0.7896416314131905,1149
0.015,1.0,0.03,ethereum,-1,-1,-0.5277656809814817,-0.10985858406035554,0.15060353557041833,-0.16733016083023128,0.3488372093023256,0.8711970959839987,1149
0.015,1.0,0.03,binancecoin,-1,-1,-0.9338969774045132,-0.14541721335917557,0.1500524734966424,-0.2257703786157514,0.28512396694214875,0.6975579296949296,1149
0.015,1.0,0.03,solana,-1,-1,-1.1741240839720184,-0.14299403481539363,0.1508023450358966,-0.22066797511577307,0.27411167512690354,0.657932980571581,1149
0.015,1.0,0.05,portfolio,2300,1589,0.7232384943730553,0.15845427497865194,0.09952654092644983,0.3294113232384571,0.4327433628318584,1.1477039816502015,1149
0.015,1.0,0.05,bitcoin,-1,-1,-0.12038953432378889,-0.035184378595802146,0.1520949301072362,-0.051447651359709745,0.4088888888888889,0.9632574356103988,1149
0.015,1.0,0.05,ethereum,-1,-1,0.9587773213996956,0.46697637526679103,0.11858125364111528,0.7393867919797013,0.415929203539823,1.2149009460041285,1149
0.015,1.0,0.05,binancecoin,-1,-1,0.682548099459187,0.3546654350967515,0.13272792924750962,0.5186708825246962,0.4026548672566372,1.1447824174765266,1149
0.015,1.0,0.05,solana,-1,-1,-0.46402073618749984,-0.09398568961258957,0.1520035392772552,-0.1408810671495418,0.22602739726027396,0.8562128269132064,1149
0.015,1.0,0.08,portfolio,2003,1200,1.6830499155619492,0.5792385272443263,0.07999981018502139,1.3176406992355074,0.46017699115044247,1.4009581096355124,1149
0.015,1.0,0.08,bitcoin,-1,-1,1.5303352571196127,1.1298931244286177,0.13330806301345174,1.3529835127187073,0.43312666076173606,1.4743610116759356,1149
0.015,1.0,0.08,ethereum,-1,-1,1.262081944628353,0.7728939586985666,0.11430413465018863,1.1706740681049954,0.4336283185840708,1.313036375171618,1149
0.015,1.0,0.08,binancecoin,-1,-1,0.8456469275985425,0.5380250414932433,0.10415864864091899,0.9506514075371385,0.4008849557522124,1.196067016815457,1149
0.015,1.0,0.08,solana,-1,-1,0.06569672191200432,0.009719976248956597,0.15194368591306015,0.013977247351039019,0.2616822429906542,1.0227478699436352,1149
0.015,1.0,0.12,portfolio,1773,931,2.162463672189481,1.2413155010032355,0.056548211805368676,3.4243033048922458,0.4557522123893805,1.5784593008320154,1149
0.015,1.0,0.12,bitcoin,-1,-1,1.515527901783226,1.250614854425132,0.1205991852506395,1.6146266356560273,0.4366696191319752,1.511683188503075,1149
0.015,1.0,0.12,ethereum,-1,-1,1.3767301442539277,1.0071282586670183,0.10883622539319704,1.5169069335411154,0.43628318584070797,1.3707935660192514,1149
0.015,1.0,0.12,binancecoin,-1,-1,1.1146156751063894,0.9697386741443959,0.10717517446918062,1.4956757806725702,0.4150442477876106,1.3049241779813652,1149
0.015,1.0,0.12,solana,-1,-1,1.468583385652283,1.578118714977688,0.15573358162770584,1.482381049920059,0.3285586392121755,1.368443698687276,1149
0.02,1.0,0.0,portfolio,1181,555,3.0057500229672045,2.951383691739895,0.035125421917602685,10.01263857074329,0.5106194690265486,1.9387721938453162,1149
0.02,1.0,0.0,bitcoin,-1,-1,1.9346653596581078,1.9448837856908825,0.08562700079004402,3.1215811787817427,0.4650132860938884,1.684246442659631,1149
0.02,1.0,0.0,ethereum,-1,-1,1.6924398688747513,1.8166785452642569,0.1464965693706282,1.7405204171650535,0.4823008849557522,1.5144183988126387,1149
0.02,1.0,0.0,binancecoin,-1,-1,1.5636990405697788,1.9935203604444518,0.11808634339105605,2.3021522602805993,0.4663716814159292,1.4822045816538503,1149
0.02,1.0,0.0,solana,-1,-1,2.3621647616547867,7.525696671138801,0.10146787447248312,5.913519805727993,0.42123893805309737,1.7265729185297582,1149
0.02,1.0,0.01,portfolio,2401,2116,-2.9956007406764042,-0.15105263257880286,0.15206784709263377,-0.23199052084416263,0.3076923076923077,0.16482139522971223,1149
0.02,1.0,0.01,bitcoin,-1,-1,-1.6268840800091813,-0.15275749748164513,0.15275749748164513,-0.23372690726980577,0.4788732394366197,0.4100683638534891,1149
0.02,1.0,0.01,ethereum,-1,-1,-2.0112009230672503,-0.14918186163799174,0.15060628273162524,-0.2311486952892688,0.3793103448275862,0.2963336562158119,1149
0.02,1.0,0.01,binancecoin,-1,-1,-2.1997701500202833,-0.15423144471348227,0.15560235878427248,-0.23181986387433037,0.3937007874015748,0.29502483599015183,1149
0.02,1.0,0.01,solana,-1,-1,-2.6229449713039457,-0.14936172966589312,0.1506261113292664,-0.23141539560023208,0.28421052631578947,0.2070864023223694,1149
0.02,1.0,0.02,portfolio,2410,2095,-1.6119881528855646,-0.14879027741077466,0.15100572412348218,-0.2298921855680799,0.3677685950413223,0.5762448195132032,1149
0.02,1.0,0.02,bitcoin,-1,-1,-0.9601450269232906,-0.154522837969998,0.154522837969998,-0.2339108257177891,0.42738589211618255,0.7125431465853542,1149
0.02,1.0,0.02,ethereum,-1,-1,-1.033546533368033,-0.149103698610478,0.15220250087486545,-0.22859676459381068,0.4177215189873418,0.7130504820785062,1149
0.02,1.0,0.02,binancecoin,-1,-1,-0.9928501885762844,-0.14757407227697172,0.15057979864094634,-0.22853475766944997,0.3502824858757062,0.6597876862345428,1149
0.02,1.0,0.02,solana,-1,-1,-1.5127655397927289,-0.14858331739978703,0.15133663484932072,-0.22904941099175496,0.3493975903614458,0.5642062842312691,1149
0.02,1.0,0.03,portfolio,2436,1777,-0.5081460959062787,-0.07600489282949008,0.12862746316669002,-0.13362299781554468,0.4415929203539823,0.8972630271761289,1149
0.02,1.0,0.03,bitcoin,-1,-1,0.23607265823987894,0.07600461708202588,0.12926983630695266,0.1252888857935988,0.4481842338352524,1.0504438536929086,1149
0.02,1.0,0.03,ethereum,-1,-1,-0.48879065855257947,-0.0915891924603055,0.15239690386341176,-0.13679610628438882,0.3951048951048951,0.8622372711970602,1149
0.02,1.0,0.03,binancecoin,-1,-1,-0.7177081032668751,-0.14508905985663434,0.15541575386372444,-0.2174557628548447,0.3684210526315789,0.7802916642000746,1149
0.02,1.0,0.03,solana,-1,-1,-0.9694831160298429,-0.14234597329064458,0.15063305852629572,-0.21985190853818268,0.32751091703056767,0.7297356016918509,1149
0.02,1.0,0.05,portfolio,2151,1289,1.403671798061416,0.42382331890636293,0.06530180448230792,1.2339340082839412,0.46371681415929206,1.3046498892655252,1149
0.02,1.0,0.05,bitcoin,-1,-1,1.30072187973378,0.7647577125432741,0.07330684375169379,1.8097850868547554,0.46147032772364927,1.3479974890038735,1149
0.02,1.0,0.05,ethereum,-1,-1,0.9846868645662669,0.5186378216775047,0.13045762451241327,0.7356040299076163,0.4557522123893805,1.2144828626262585,1149
0.02,1.0,0.05,binancecoin,-1,-1,0.8293476119873573,0.4895633781155282,0.1401154558092395,0.6518088698824426,0.44601769911504424,1.1775156935057185,1149
0.02,1.0,0.05,solana,-1,-1,-0.06310117016523017,-0.02116139629951841,0.15269949856639486,-0.030648213897823656,0.30959752321981426,0.9813732800696414,1149
0.02,1.0,0.08,portfolio,1884,920,2.3883739501421895,1.2577091227956951,0.049064886481207756,3.985489561995873,0.47345132743362833,1.5794420951592236,1149
0.02,1.0,0.08,bitcoin,-1,-1,1.7795433915263157,1.4568615382071552,0.08636194706142662,2.5233328302570515,0.45704162976085033,1.5550696067480194,1149
0.02,1.0,0.08,ethereum,-1,-1,1.2794545379589672,0.8574215302265114,0.13028878499647994,1.1163989824912814,0.46106194690265484,1.3081647191499972,1149
0.02,1.0,0.08,binancecoin,-1,-1,1.3019731328296706,1.051241282830401,0.0947980263937659,1.8002795116486454,0.45132743362831856,1.3185684052533102,1149
0.02,1.0,0.08,solana,-1,-1,1.5352517585766057,1.548137677161387,0.1252864089644306,1.8174586615615296,0.36902654867256635,1.3378689774656916,1149
0.02,1.0,0.12,portfolio,1626,795,2.636685059640373,1.8447259784533387,0.032582554309855315,7.9094613410990275,0.479646017699115,1.725155375877654,1149
0.02,1.0,0.12,bitcoin,-1,-1,1.725238250381115,1.5957213989230712,0.08553962467655117,2.7203156713345926,0.45969884853852966,1.591909220085542,1149
0.02,1.0,0.12,ethereum,-1,-1,1.519285323265523,1.2730166016735076,0.12385680449816787,1.593135784648653,0.4654867256637168,1.405155555663776,1149
0.02,1.0,0.12,binancecoin,-1,-1,1.444201552588622,1.5410288605093911,0.1118041996848199,2.0298956851451533,0.4584070796460177,1.4097497813924618,1149
0.02,1.0,0.12,solana,-1,-1,1.9196313383912547,2.920392838639152,0.11667682708245815,2.994303974868023,0.37964601769911505,1.485808388633825,1149
0.03,1.0,0.0,portfolio,895,413,3.215816688829329,3.3988424900283025,0.03512542191760279,10.928771975420897,0.5424778761061947,2.0291928425473307,1149
0.03,1.0,0.0,bitcoin,-1,-1,2.0049942784242214,2.0939559385839464,0.06600456840292071,4.258666076516462,0.48804251550044286,1.71057485941725,1149
0.03,1.0,0.0,ethereum,-1,-1,1.8835915662296154,2.2398570275675764,0.13052021944341374,2.253319896703548,0.5150442477876106,1.5776942058136612,1149
0.03,1.0,0.0,binancecoin,-1,-1,1.7019697493722077,2.3745861584730807,0.0981394693287854,3.115154653081373,0.4920353982300885,1.527640993372659,1149
0.03,1.0,0.0,solana,-1,-1,2.436021680370412,8.54778169517656,0.12570139154187013,5.093519037259294,0.4654867256637168,1.7342565306981637,1149
0.03,1.0,0.01,portfolio,2410,2099,-2.205345748838571,-0.1522497617455666,0.15326354467134898,-0.2321284230280102,0.4915254237288136,0.4033249227595338,1149
0.03,1.0,0.01,bitcoin,-1,-1,-1.028122974355977,-0.151857057981016,0.151857057981016,-0.23363326896234682,0.6085106382978723,0.661529218091269,1149
0.03,1.0,0.01,ethereum,-1,-1,-1.452377437762171,-0.1538409876546032,0.15525760854149834,-0.23170610568271632,0.5789473684210527,0.48807507633396313,1149
0.03,1.0,0.01,binancecoin,-1,-1,-1.79896892821841,-0.1549237263484078,0.15629351829349547,-0.23190223963709192,0.5079365079365079,0.3485913382969896,1149
0.03,1.0,0.01,solana,-1,-1,-1.838939736264345,-0.15137025577191954,0.1526316519787628,-0.23165229264844744,0.5454545454545454,0.400036896236414,1149
0.03,1.0,0.02,portfolio,2365,1869,-0.5914823153769138,-0.07741679359703879,0.11819207423034268,-0.1482092195815884,0.49380530973451325,0.8808258862967964,1149
0.03,1.0,0.02,bitcoin,-1,-1,0.43941766982651675,0.15614590228485103,0.09161298423214924,0.3529353844752074,0.5110717449069974,1.0950328833020244,1149
0.03,1.0,0.02,ethereum,-1,-1,-0.8350095130082194,-0.14723452136843618,0.1543159543440832,-0.22245511951709074,0.5271966527196653,0.7547627832689692,1149
0.03,1.0,0.02,binancecoin,-1,-1,-1.253287421037324,-0.14754331733492254,0.15054915214344014,-0.22853052813645713,0.38405797101449274,0.5367791194540362,1149
0.03,1.0,0.02,solana,-1,-1,-1.0462967372529837,-0.15072072452278396,0.15698779777386374,-0.22419315669649395,0.5052083333333334,0.6881973052048573,1149
0.03,1.0,0.03,portfolio,2339,1755,0.04063467554119059,0.003732865579279654,0.09361403010960105,0.008732730475242588,0.4778761061946903,1.0089139686137127,1149
0.03,1.0,0.03,bitcoin,-1,-1,0.9061110526791557,0.4270323496297235,0.07423075959260074,1.0926977942712284,0.4924712134632418,1.2166335715322694,1149
0.03,1.0,0.03,ethereum,-1,-1,-0.3920233298683592,-0.08770313890671788,0.15347916752808147,-0.12985584923516907,0.4870848708487085,0.884039089585553,1149
0.03,1.0,0.03,binancecoin,-1,-1,-0.773157206474421,-0.1503111044738118,0.15895743977361124,-0.22077324849586757,0.39106145251396646,0.7137039146739266,1149
0.03,1.0,0.03,solana,-1,-1,-0.5206806163927576,-0.10140025128437702,0.1570019900629477,-0.14761904963941422,0.45692883895131087,0.8552076339142857,1149
0.03,1.0,0.05,portfolio,1941,1030,2.1396676958608385,0.9786372955213394,0.03267843143671536,4.940473919803326,0.5106194690265486,1.4833196670728868,1149
0.03,1.0,0.05,bitcoin,-1,-1,1.7407671865564482,1.2047500251221392,0.06636253135585793,2.8531136518790015,0.4995571302037201,1.4982643015729908,1149
0.03,1.0,0.05,ethereum,-1,-1,1.45060786801117,0.964126060089487,0.12231245348958758,1.3046373034306982,0.5070796460176992,1.3323272358717702,1149
0.03,1.0,0.05,binancecoin,-1,-1,1.2397873453871426,0.9329391103753988,0.08716346260272013,1.7841188226300237,0.4893805309734513,1.284569864932935,1149
0.03,1.0,0.05,solana,-1,-1,0.9529689619033513,0.6970267651925284,0.1411670323064182,0.871231896122567,0.4398230088495575,1.1748203629158946,1149
0.03,1.0,0.08,portfolio,1610,760,2.772457158411599,1.6861786616634187,0.027369434651974306,8.841641922872967,0.515929203539823,1.7056540306001626,1149
0.03,1.0,0.08,bitcoin,-1,-1,1.9153153841933581,1.6877563193796759,0.06712159892929007,3.607641833626164,0.4871567759078831,1.6094421404215582,1149
0.03,1.0,0.08,ethereum,-1,-1,1.65662979474456,1.3449402274494027,0.11681421355725359,1.7594535160105427,0.5026548672566372,1.4167364594073923,1149
0.03,1.0,0.08,binancecoin,-1,-1,1.483376670294805,1.3682197717116331,0.08856645810392949,2.350143606703101,0.48849557522123893,1.371496407019497,1149
0.03,1.0,0.08,solana,-1,-1,1.7474452078989515,2.1675214838188777,0.11436380999537515,2.5157517682747725,0.44424778761061945,1.3767430997448,1149
0.03,1.0,0.12,portfolio,1359,629,2.9623824127135974,2.354735513659497,0.035235747053237614,8.628487146714715,0.5265486725663717,1.842581164967205,1149
0.03,1.0,0.12,bitcoin,-1,-1,1.8052461531827961,1.7660694925157912,0.06591531719919551,3.7927410864830358,0.4853852967227635,1.6243285557318516,1149
0.03,1.0,0.12,ethereum,-1,-1,1.8941495402779576,1.903520729951952,0.11213397407430462,2.348673778281428,0.5053097345132743,1.524158944281815,1149
0.03,1.0,0.12,binancecoin,-1,-1,1.6107893530489161,1.8861920393485692,0.10447842264190378,2.5049055614900726,0.4893805309734513,1.4545602213184714,1149
0.03,1.0,0.12,solana,-1,-1,2.0961062397690813,3.862745789259238,0.11330459507316534,3.6595656466223425,0.4451327433628319,1.5092502981472549,1149
0.05,1.0,0.0,portfolio,633,231,3.282706482768196,3.6113692142596214,0.03512542191760284,11.3385935687178,0.5486725663716814,2.0451041592587718,1149
0.05,1.0,0.0,bitcoin,-1,-1,1.94934063248017,2.0480451069918626,0.06632971335202423,4.174566002047987,0.491585473870682,1.6828305620590134,1149
0.05,1.0,0.0,ethereum,-1,-1,1.7030594664494982,1.9452867638897202,0.14989328938524088,1.7834665380459835,0.5230088495575221,1.5021909380843577,1149
0.05,1.0,0.0,binancecoin,-1,-1,1.6537881066250113,2.313415445614104,0.09813946932878567,3.0618819054860817,0.5061946902654867,1.502503117175053,1149
0.05,1.0,0.0,solana,-1,-1,2.7368801416273314,12.04517741092984,0.0919988135625592,8.222651611920188,0.49557522123893805,1.8340831555932986,1149
0.05,1.0,0.01,portfolio,2345,1881,-0.986442984996996,-0.11790001875082956,0.1366096126687825,-0.19865917385485,0.5973451327433629,0.7936887430853753,1149
0.05,1.0,0.01,bitcoin,-1,-1,-0.023440394246991805,-0.017311718707501367,0.12863352610149442,-0.02971814465390725,0.6102745792736936,0.9948864410621878,1149
0.05,1.0,0.01,ethereum,-1,-1,-0.8487159845791261,-0.14396619278321,0.15252920103272646,-0.21974720735841935,0.7329376854599406,0.7354110568987121,1149
0.05,1.0,0.01,binancecoin,-1,-1,-1.0030627913501258,-0.16065576814555815,0.16743625550572283,-0.2250548185696504,0.6235294117647059,0.5734617101486431,1149
0.05,1.0,0.01,solana,-1,-1,-1.2464390395148284,-0.15281945344185477,0.15407869557331208,-0.23182311704726946,0.7142857142857143,0.5291556570750597,1149
0.05,1.0,0.02,portfolio,2106,1444,0.5729649606685603,0.12141685629507104,0.06720532526919272,0.37870722285436803,0.5628318584070796,1.1148633627059628,1149
0.05,1.0,0.02,bitcoin,-1,-1,1.1341962670964407,0.4985031403153326,0.0672612497459128,1.3791244623190644,0.537643932683791,1.26799894642083,1149
0.05,1.0,0.02,ethereum,-1,-1,-0.10776433663568251,-0.04231507970763315,0.1504397391166316,-0.06273507825673691,0.5805555555555556,0.9741261186803544,1149
0.05,1.0,0.02,binancecoin,-1,-1,0.4543891176906007,0.21090368031332596,0.1465261129481932,0.29253516686023623,0.5530973451327433,1.0900761499282694,1149
0.05,1.0,0.02,solana,-1,-1,-0.5995045978465523,-0.12214933920247928,0.15518952946770734,-0.18151062840602977,0.6194029850746269,0.8225111843970796,1149
0.05,1.0,0.03,portfolio,1975,1029,1.6360329153044975,0.5966247687006443,0.04630943149925676,2.333621703476823,0.5637168141592921,1.3297445778787436,1149
0.05,1.0,0.03,bitcoin,-1,-1,1.4477427485683765,0.8190778579394453,0.06257057853470235,2.2410828539795253,0.5119574844995571,1.372437345648966,1149
0.05,1.0,0.03,ethereum,-1,-1,1.0257067893403702,0.5490616357317115,0.13338436504909865,0.7552863307449742,0.5371681415929204,1.2159707996867573,1149
0.05,1.0,0.03,binancecoin,-1,-1,0.6970671813904034,0.3960176802006239,0.14011119718947118,0.5418139999717096,0.5221238938053098,1.1432913239792244,1149
0.05,1.0,0.03,solana,-1,-1,0.8338495792092766,0.5418477158116763,0.14898390013538737,0.6686432013935187,0.5486725663716814,1.146659989162593,1149
0.05,1.0,0.05,portfolio,1635,794,2.6195916569008184,1.4772118645287802,0.03879286723501362,5.674376950246828,0.5495575221238939,1.6228546757154294,1149
0.05,1.0,0.05,bitcoin,-1,-1,1.7599385375521917,1.3215630511409469,0.0666186000873504,3.04544111672363,0.503985828166519,1.5141781214230814,1149
0.05,1.0,0.05,ethereum,-1,-1,1.6241552433550523,1.2832686057870641,0.12259704662278588,1.619150133784882,0.5274336283185841,1.3891007317529682,1149
0.05,1.0,0.05,binancecoin,-1,-1,1.4288380237826026,1.2539782397139296,0.10779341395199267,1.8100735811951614,0.5203539823008849,1.3412848592855378,1149
0.05,1.0,0.05,solana,-1,-1,1.6652690203107046,1.881051603232236,0.1387004616502461,1.8833058400575406,0.5,1.3299441177061009,1149
0.05,1.0,0.08,portfolio,1310,556,3.0686055623876802,2.2418375618353386,0.030916394390633224,9.518486048287158,0.5469026548672566,1.8175359353612217,1149
0.05,1.0,0.08,bitcoin,-1,-1,1.9844233315923192,1.9268237173791438,0.06822590622881507,3.8927001350831243,0.49601417183348095,1.651733327106268,1149
0.05,1.0,0.08,ethereum,-1,-1,1.67952553956439,1.5137502896199058,0.1391287436792535,1.6103779767704816,0.5212389380530974,1.4277499621860195,1149
0.05,1.0,0.08,binancecoin,-1,-1,1.6307303436407266,1.7324737679568196,0.10567665832230343,2.334045066249279,0.511504424778761,1.4238111716726038,1149
0.05,1.0,0.08,solana,-1,-1,2.2075124671023545,3.92359874290898,0.10512007582387356,3.9812511978057628,0.49380530973451325,1.498852584356899,1149
0.05,1.0,0.12,portfolio,1003,423,3.2272535054505482,2.8526657327806864,0.03465267116461591,9.933388268558204,0.5513274336283186,1.9348856778521888,1149
0.05,1.0,0.12,bitcoin,-1,-1,1.8248700491170282,1.671877272687134,0.06521638290413939,3.688298230129545,0.4924712134632418,1.5955685537357833,1149
0.05,1.0,0.12,ethereum,-1,-1,1.8189048550788527,1.9563064690794385,0.13561658897941298,1.97887369529969,0.5194690265486726,1.5066419456419633,1149
0.05,1.0,0.12,binancecoin,-1,-1,1.692104281421439,2.177326089278017,0.09750193024094646,2.9597783294859155,0.5088495575221239,1.483125397701016,1149
0.05,1.0,0.12,solana,-1,-1,2.5276688770950604,6.720141961140573,0.09472004083434579,5.9710598950740295,0.4929203539823009,1.6373032138979449,1149
0.07,1.0,0.0,portfolio,428,135,3.206670429134896,3.4567374866843554,0.04081916648512311,9.501713683748209,0.5513274336283186,1.9990057946934485,1149
0.07,1.0,0.0,bitcoin,-1,-1,1.8750586687085606,1.9581645530193428,0.059019761454792506,4.550050549895293,0.5022143489813995,1.6503149495667435,1149
0.07,1.0,0.0,ethereum,-1,-1,1.6894005436227733,1.953375080485113,0.14724590246584757,1.8207104850783875,0.5327433628318584,1.494712606551259,1149
0.07,1.0,0.0,binancecoin,-1,-1,1.6021493760177028,2.235770409742895,0.09813946932878521,2.9931446447066103,0.5088495575221239,1.4845337787480082,1149
0.07,1.0,0.0,solana,-1,-1,2.6250316542175427,10.91199209371303,0.10569291512107498,6.8293470726570344,0.5061946902654867,1.7793021079708193,1149
0.07,1.0,0.01,portfolio,2231,1803,-0.24705783786153898,-0.03862342241044814,0.0977086835013117,-0.08803364957966528,0.6159292035398231,0.941473418294361,1149
0.07,1.0,0.01,bitcoin,-1,-1,0.9289148350678046,0.31633963719121083,0.08933119085841887,0.6955631388141392,0.6226749335695305,1.2257635940383727,1149
0.07,1.0,0.01,ethereum,-1,-1,-0.500433361234521,-0.12159810043232278,0.1621994456625936,-0.17284116022866652,0.7025547445255474,0.854845998447191,1149
0.07,1.0,0.01,binancecoin,-1,-1,-0.767261352066646,-0.1535160419056899,0.16035420622566104,-0.22383543339877074,0.6497175141242938,0.6467606441631544,1149
0.07,1.0,0.01,solana,-1,-1,-0.8030835900158921,-0.14108160102354916,0.15095209305185062,-0.2173174555245217,0.796875,0.6445777824289372,1149
0.07,1.0,0.02,portfolio,1866,1353,1.2028698091858925,0.3003004211732505,0.0677749884118914,0.8747101741983023,0.584070796460177,1.2643954809391544,1149
0.07,1.0,0.02,bitcoin,-1,-1,1.418380831197414,0.7014493059357785,0.10047551765045055,1.2304532549788714,0.5465013286093888,1.3533053195407965,1149
0.07,1.0,0.02,ethereum,-1,-1,0.27373494289805733,0.07984803216398206,0.15078936509950114,0.11268072070523605,0.6019417475728155,1.0708317296017675,1149
0.07,1.0,0.02,binancecoin,-1,-1,0.880853851306956,0.5120933690104574,0.10038302596634847,0.945653487474942,0.5663716814159292,1.1897792730481438,1149
0.07,1.0,0.02,solana,-1,-1,-0.02350268066753512,-0.010408857733322896,0.1537171952746135,-0.014911901554886814,0.7038834951456311,0.9906208319951411,1149
0.07,1.0,0.03,portfolio,1654,863,2.1970271555277425,0.9328051412583209,0.04518943627483394,3.4409017221281903,0.5867256637168141,1.4796252609307228,1149
0.07,1.0,0.03,bitcoin,-1,-1,1.4865749627768863,0.8794671435274626,0.08002213424108885,1.8547654619638612,0.5199291408325952,1.3893202531738267,1149
0.07,1.0,0.03,ethereum,-1,-1,1.3087648026232153,0.7967284174070726,0.14538771439695553,0.9432608826340769,0.5539823008849557,1.2916426728658146,1149
0.07,1.0,0.03,binancecoin,-1,-1,0.9665367438565035,0.6467070430134223,0.11226464671422794,1.0297106446404838,0.5283185840707965,1.2117811417185194,1149
0.07,1.0,0.03,solana,-1,-1,1.517843717300235,1.32912048351221,0.14108518488267044,1.4440973801264054,0.5778761061946903,1.2924735458979075,1149
0.07,1.0,0.05,portfolio,1318,642,2.931588199593172,1.8451796671949978,0.04094258678567371,6.295509485744944,0.5699115044247788,1.7303565327859827,1149
0.07,1.0,0.05,bitcoin,-1,-1,1.7505997628152221,1.3466032931651664,0.06084723243655651,3.380870971046487,0.5137289636846767,1.519877217279044,1149
0.07,1.0,0.05,ethereum,-1,-1,1.7178198601856696,1.4504061358325187,0.13652528448470388,1.591041323080854,0.5380530973451327,1.4243952257282517,1149
0.07,1.0,0.05,binancecoin,-1,-1,1.517522400101886,1.4604727777635023,0.08736828446210891,2.4987595303715984,0.5274336283185841,1.3756028689798716,1149
0.07,1.0,0.05,solana,-1,-1,2.1770032753937247,3.2091820759471235,0.14757126211321844,2.5110945086020777,0.5309734513274337,1.4596354488351653,1149
0.07,1.0,0.08,portfolio,1018,416,3.147645819234275,2.3833680248096822,0.03747940995417756,8.176865912913376,0.5530973451327433,1.8421927627227828,1149
0.07,1.0,0.08,bitcoin,-1,-1,1.9617025067027145,1.9299656566746073,0.059776093846891566,4.4479460330127125,0.5066430469441984,1.6466568908213843,1149
0.07,1.0,0.08,ethereum,-1,-1,1.7631277454041316,1.6688044645556932,0.1364470247180223,1.7605691795559713,0.5345132743362832,1.4573436096963168,1149
0.07,1.0,0.08,binancecoin,-1,-1,1.5088039298482412,1.5890910253883677,0.11140056618592924,2.0826061904697184,0.511504424778761,1.3892498538846219,1149
0.07,1.0,0.08,solana,-1,-1,2.3832136492306217,4.769758210579899,0.10692344757076004,4.383663934007975,0.5185840707964602,1.5525044918676563,1149
0.07,1.0,0.12,portfolio,752,321,3.324441395363928,3.076685950912144,0.043144595963184366,8.366861138093626,0.5592920353982301,1.977790342343117,1149
0.07,1.0,0.12,bitcoin,-1,-1,1.773241310822259,1.6439448792086702,0.05894633593186617,4.032166595799315,0.5022143489813995,1.5802262851938509,1149
0.07,1.0,0.12,ethereum,-1,-1,1.966032398361571,2.2365785638656925,0.13292474181821765,2.210397277672094,0.5336283185840708,1.5552053409761926,1149
0.07,1.0,0.12,binancecoin,-1,-1,1.5840986490837135,2.0411889279840696,0.11698897672022744,2.3614812505285196,0.5123893805309735,1.4528856088105893,1149
0.07,1.0,0.12,solana,-1,-1,2.717578120828713,8.28259553805357,0.12426136326081752,5.071250644261061,0.5123893805309735,1.7043324584566375,1149
0.1,1.0,0.0,portfolio,437,263,3.1609615545900964,3.0148381677999163,0.035859728441019055,9.939543220591082,0.5469026548672566,1.9965795562053001,1149
0.1,1.0,0.0,bitcoin,-1,-1,1.861793429249996,1.9447079763639885,0.07934157899970898,3.3686629862753863,0.5031000885739593,1.6417844711679006,1149
0.1,1.0,0.0,ethereum,-1,-1,0.9806524873590584,0.6821436849806009,0.15140232313550467,0.7980178461289362,0.543448275862069,1.3595849681547982,1149
0.1,1.0,0.0,binancecoin,-1,-1,1.683407339047911,2.4386112771322583,0.10040055776502423,3.0987187609418987,0.5132743362831859,1.5176000582889315,1149
0.1,1.0,0.0,solana,-1,-1,2.700458525424404,12.03632951527828,0.09819154532049355,7.701404813239617,0.5168141592920354,1.810614596992738,1149
0.1,1.0,0.01,portfolio,1988,1575,0.4273197249225566,0.08215038197247826,0.08468019200825729,0.2062609888520891,0.6345132743362832,1.0973364804960621,1149
0.1,1.0,0.01,bitcoin,-1,-1,1.2142392997585678,0.4503163722731509,0.10143647226864996,0.8375308468734018,0.6111603188662533,1.3070544010947478,1149
0.1,1.0,0.01,ethereum,-1,-1,-0.3583870517849447,-0.10387321427378882,0.15699007651869457,-0.15138986191625534,0.7142857142857143,0.8793847469257168,1149
0.1,1.0,0.01,binancecoin,-1,-1,0.3748540786638679,0.15482913717775748,0.14800505202481318,0.21671883094829444,0.6637168141592921,1.0864136813254304,1149
0.1,1.0,0.01,solana,-1,-1,-0.5730038931352255,-0.11270801929969154,0.15091091331895726,-0.17152999285398648,0.819047619047619,0.7308857223549742,1149
0.1,1.0,0.02,portfolio,1678,1112,1.84184513907557,0.6176506458656794,0.05795704279351172,1.9195721990228625,0.6221238938053097,1.3983197063831805,1149
0.1,1.0,0.02,bitcoin,-1,-1,1.5208616263510975,0.7849015168306528,0.1151211243284448,1.1769573399759934,0.5438441098317095,1.3869495085839079,1149
0.1,1.0,0.02,ethereum,-1,-1,0.21081209834014084,0.06292412616135867,0.15702309900491315,0.08580747835820764,0.5993640699523053,1.0612907663926154,1149
0.1,1.0,0.02,binancecoin,-1,-1,0.9893159946296948,0.6272268575371978,0.12487134869627872,0.9024663740796448,0.5690265486725664,1.2241173522403932,1149
0.1,1.0,0.02,solana,-1,-1,1.4624506621437463,1.0877945542114116,0.12278243545251709,1.4269693826417436,0.6672566371681415,1.2974400601086682,1149
0.1,1.0,0.03,portfolio,1530,926,2.3114017243745293,0.926499692881388,0.05436222891477604,2.845074693501648,0.5946902654867257,1.515382107870137,1149
0.1,1.0,0.03,bitcoin,-1,-1,1.6925714302989872,1.072403183114575,0.08497497365605124,2.0394375219487846,0.5234720992028343,1.4581609634014467,1149
0.1,1.0,0.03,ethereum,-1,-1,0.5547795291438773,0.20379332150299478,0.15436880589520208,0.2689527066524301,0.5583941605839416,1.1730324656456557,1149
0.1,1.0,0.03,binancecoin,-1,-1,1.0650189220440143,0.7717013211233714,0.10968632809479859,1.2184340865493384,0.5336283185840708,1.2448315805689831,1149
0.1,1.0,0.03,solana,-1,-1,1.8136729577361836,1.888021958924484,0.14063857331792148,1.8621063873939572,0.5946902654867257,1.3697966372705692,1149
0.1,1.0,0.05,portfolio,1059,549,2.9560504143893946,1.9269581042092994,0.04507303537286089,5.892563851459523,0.5725663716814159,1.7545144981263716,1149
0.1,1.0,0.05,bitcoin,-1,-1,1.8578155460212396,1.506283425809607,0.07729643150660548,2.888251092443419,0.5128432240921169,1.5640307073900226,1149
0.1,1.0,0.05,ethereum,-1,-1,1.4541543332817874,1.2017300610112942,0.1390033764834337,1.3595522724421134,0.5424778761061947,1.3619624033991835,1149
0.1,1.0,0.05,binancecoin,-1,-1,1.5273269041552375,1.5288215185922462,0.1051731715335502,2.1455630198833187,0.531858407079646,1.3882118746552508,1149
0.1,1.0,0.05,solana,-1,-1,2.2739881082251947,3.7415433741035935,0.14101470454805126,2.885061241865435,0.5460176991150443,1.4972976873335113,1149
0.1,1.0,0.08,portfolio,739,317,3.1864217300138176,2.508162762571632,0.03760876951957145,8.425800186162318,0.5637168141592921,1.8622500433862788,1149
0.1,1.0,0.08,bitcoin,-1,-1,1.9093165947952904,1.861108796920822,0.08008157730927838,3.237891716072527,0.5066430469441984,1.6262753338904372,1149
0.1,1.0,0.08,ethereum,-1,-1,1.6755181030769042,1.581763409147312,0.1403824117266693,1.6472001738212074,0.5371681415929204,1.4374726541138916,1149
0.1,1.0,0.08,binancecoin,-1,-1,1.5056276562286983,1.6236537704083092,0.10926325024445165,2.156186276363767,0.5185840707964602,1.3977380142331002,1149
0.1,1.0,0.08,solana,-1,-1,2.5646267508110046,5.934261480178786,0.1028822555063913,5.143225443553565,0.531858407079646,1.6188023771374336,1149
0.1,1.0,0.12,portfolio,536,242,3.3308318186012342,3.1392331105692044,0.04075817078085522,8.968443038496227,0.5637168141592921,1.9851960569786047,1149
0.1,1.0,0.12,bitcoin,-1,-1,1.760722664259759,1.63351664337116,0.07926973920623703,2.9848608820357674,0.503985828166519,1.5717524250847519,1149
0.1,1.0,0.12,ethereum,-1,-1,1.7736131593695554,1.9614711551340736,0.13659702637899027,1.9682255080529854,0.536283185840708,1.4959711845710324,1149
0.1,1.0,0.12,binancecoin,-1,-1,1.5525979322655212,2.0241147172042373,0.10926325024445133,2.5140410966526514,0.5168141592920354,1.4544501317391259,1149
0.1,1.0,0.12,solana,-1,-1,2.8622550765445776,9.819844357640356,0.1124652625699476,6.098590154359212,0.5274336283185841,1.7622684947942964,1149
0.0,0.005,0.0,portfolio,0,0,3.1751061307367405,3.877665441871617,0.04947161880902064,8.400703401467592,0.5495575221238939,2.0509144496988148,1149
0.0,0.005,0.0,bitcoin,-1,-1,2.1211886433214087,1.8456947277049913,0.06969701606580318,3.69892990818605,0.5133928571428571,1.6867590783069812,1149
0.0,0.005,0.0,ethereum,-1,-1,1.6799576001283267,1.9590691595111833,0.1464453518696157,1.8343222479183372,0.5324909747292419,1.4842351051060045,1149
0.0,0.005,0.0,binancecoin,-1,-1,2.240015475441351,4.779242060119151,0.10665744328273226,4.399557893554461,0.5161290322580645,1.7685106441897525,1149
0.0,0.005,0.0,solana,-1,-1,2.407100745994337,9.058993655597954,0.1261360769254386,5.225577178898787,0.5182546749777382,1.689364510470698,1149
0.0,0.005,0.01,portfolio,1967,1577,1.8981102309384066,0.38891301656799704,0.04685843238253664,1.594396156575951,0.727433628318584,1.4256293615447087,1149
0.0,0.005,0.01,bitcoin,-1,-1,0.9689859501507755,0.24712120977502838,0.06079622148800132,0.8162765278580881,0.6747529200359389,1.2266839663182347,1149
0.0,0.005,0.01,ethereum,-1,-1,-0.05218671842653161,-0.018380112179559593,0.15442467361532425,-0.026293650044624063,0.7407407407407407,0.9853639163842712,1149
0.0,0.005,0.01,binancecoin,-1,-1,2.1881037533581607,0.9586226239319562,0.06927702068003193,2.293112656163328,0.7369838420107719,1.5399083731994427,1149
0.0,0.005,0.01,solana,-1,-1,1.2944371676501771,0.5183956075075506,0.06884322767269163,1.3934096030209187,0.834681042228212,1.319018964876435,1149
0.0,0.005,0.02,portfolio,1881,1227,2.582645439987307,0.8654339108231137,0.03219107711954806,4.552073454567838,0.6637168141592921,1.588095254329767,1149
0.0,0.005,0.02,bitcoin,-1,-1,1.7443903538913472,0.7288842418131456,0.05734182805152331,2.224890668558228,0.5757847533632287,1.4161612677644595,1149
0.0,0.005,0.02,ethereum,-1,-1,0.21507251565219743,0.06148101905642811,0.15281951939668392,0.08619197961005337,0.6212914485165794,1.067040763047465,1149
0.0,0.005,0.02,binancecoin,-1,-1,2.113973514588556,1.6167725627139737,0.07196260170142753,3.263923781573461,0.5960502692998204,1.5045258659193912,1149
0.0,0.005,0.02,solana,-1,-1,1.880361611067233,1.40472128904824,0.11476082854912044,1.8490940832074312,0.7088948787061995,1.3935669213552488,1149
0.0,0.005,0.03,portfolio,1715,901,2.5367084992743525,1.0022500613344003,0.029492026725277058,5.5768559889774885,0.6,1.578281459052377,1149
0.0,0.005,0.03,bitcoin,-1,-1,1.8343584819584293,0.9337973237100867,0.0681216271379597,2.2844797126121215,0.5384615384615384,1.4617377710629857,1149
0.0,0.005,0.03,ethereum,-1,-1,0.3825109461337985,0.14370270007441444,0.15392542409967222,0.19416129634146742,0.5675675675675675,1.1092231724575445,1149
0.0,0.005,0.03,binancecoin,-1,-1,1.974656499260277,1.8365649983801506,0.07404185381179659,3.4699053700530587,0.553763440860215,1.4841765179827506,1149
0.0,0.005,0.03,solana,-1,-1,1.7353536908685843,1.4084814933959988,0.15503538619230314,1.3714226315768892,0.623,1.3675639087403184,1149
0.0,0.005,0.05,portfolio,1468,721,3.2059598680892187,1.9663605072855828,0.030204622016194234,8.91628119690985,0.5663716814159292,1.8141670929761566,1149
0.0,0.005,0.05,bitcoin,-1,-1,2.042379289185492,1.3245088579712845,0.06807088164444537,2.9853824239105213,0.5335120643431636,1.5684118238508562,1149
0.0,0.005,0.05,ethereum,-1,-1,1.6437446097835875,1.4140803175701882,0.09487714151480679,2.24750361954978,0.5501355013550135,1.4088676767099104,1149
0.0,0.005,0.05,binancecoin,-1,-1,2.150137051391574,2.6988599104872577,0.0936956828445155,3.5461714677186804,0.5286738351254481,1.5761425039703807,1149
0.0,0.005,0.05,solana,-1,-1,1.9799239782164346,2.407324924856477,0.15489461745725494,1.991595477060026,0.55078125,1.4401434644004867,1149
0.0,0.005,0.08,portfolio,875,392,3.3341708007849284,2.888142922035131,0.050648440054575465,6.8496390833322325,0.5628318584070796,1.9359817584127765,1149
0.0,0.005,0.08,bitcoin,-1,-1,2.1763583358448546,1.741653341344152,0.06969830207514825,3.5520436327080347,0.5232142857142857,1.6692292171083989,1149
0.0,0.005,0.08,ethereum,-1,-1,1.6520402010971746,1.607830079668163,0.13206979150696016,1.771439647218403,0.5347786811201445,1.4323077541705995,1149
0.0,0.005,0.08,binancecoin,-1,-1,2.2948576286238502,3.4994320081418095,0.10298516166484213,3.794305175092385,0.5241935483870968,1.6596237885356888,1149
0.0,0.005,0.08,solana,-1,-1,2.3667399644960354,5.349172348847413,0.12877133258749454,3.881821376489217,0.5440783615316117,1.5680261783815101,1149
0.0,0.005,0.12,portfolio,487,218,3.427077528890959,3.6711768639175135,0.04927054678929416,8.16370686486183,0.5628318584070796,2.0614022368213427,1149
0.0,0.005,0.12,bitcoin,-1,-1,2.1314840881499726,1.7821750011192026,0.07329779289965639,3.432468559191552,0.5160714285714286,1.6739657771717351,1149
0.0,0.005,0.12,ethereum,-1,-1,1.7536011242230833,1.994139997452093,0.13741374295311456,1.9787720737785173,0.5324909747292419,1.489200286225755,1149
0.0,0.005,0.12,binancecoin,-1,-1,2.3071123628788417,4.334927299952811,0.11170283834943294,3.9720777900089446,0.5206093189964157,1.7350143647773284,1149
0.0,0.005,0.12,solana,-1,-1,2.5998519050307887,8.399675518739013,0.12342404293152008,5.142012222489974,0.5298308103294747,1.676511648710091,1149
0.005,0.005,0.0,portfolio,2011,1415,0.9141087452272779,0.3687695208748074,0.05507034831635689,1.2942157538837507,0.3596102745792737,1.290997028287999,1149
0.005,0.005,0.0,bitcoin,-1,-1,0.6933279844370696,0.29592115872727676,0.1258451629702889,0.46485698609638276,0.279319606087735,1.2199853302039285,1149
0.005,0.005,0.0,ethereum,-1,-1,0.18728178669465817,0.06150657018051198,0.1502477136817105,0.08770293662829257,0.22542372881355932,1.0896442440840917,1149
0.005,0.005,0.0,binancecoin,-1,-1,0.7835207743252632,0.5397787221585264,0.14969588111988,0.6633000076019241,0.29084380610412924,1.2411683824177733,1149
0.005,0.005,0.0,solana,-1,-1,0.675844905036167,0.5378486181475688,0.15035523905927403,0.6583802227171955,0.19765739385065886,1.3175362955130803,1149
0.005,0.005,0.01,portfolio,2367,2110,-4.485721985673931,-0.15022038360203693,0.15022038360203693,-0.2334633650797804,0.1043956043956044,0.10708101289843835,1149
0.005,0.005,0.01,bitcoin,-1,-1,-3.4635178977526344,-0.15058366882676955,0.15058366882676955,-0.23350104487070125,0.08275862068965517,0.12346529801587199,1149
0.005,0.005,0.01,ethereum,-1,-1,-3.230719944332712,-0.14902004317741302,0.15077135276085102,-0.23062861214022523,0.12921348314606743,0.2631347207593608,1149
0.005,0.005,0.01,binancecoin,-1,-1,-3.2106020075670494,-0.15105370754643566,0.15105370754643566,-0.23354982501870733,0.10191082802547771,0.19124514485893787,1149
0.005,0.005,0.01,solana,-1,-1,-4.3786685263245415,-0.15054136572303634,0.15054136572303634,-0.23349665624274657,0.08383233532934131,0.12774139927414163,1149
0.005,0.005,0.02,portfolio,2375,2103,-3.0580116372057082,-0.14922544839475393,0.14949361140004708,-0.23294166325355686,0.13360323886639677,0.3148722552033492,1149
0.005,0.005,0.02,bitcoin,-1,-1,-2.0422744000903768,-0.1496172274080405,0.1505730277347895,-0.23191927665448875,0.1,0.3977219287198374,1149
0.005,0.005,0.02,ethereum,-1,-1,-1.9977433929040105,-0.14569963558398613,0.15081507078039127,-0.2250931443157403,0.11304347826086956,0.4709974703329003,1149
0.005,0.005,0.02,binancecoin,-1,-1,-2.129734473497564,-0.15063568765383284,0.15063568765383284,-0.2335064417815009,0.0893854748603352,0.3570993679615012,1149
0.005,0.005,0.02,solana,-1,-1,-3.1133709976392927,-0.1518557472344545,0.1518557472344545,-0.23363313274007264,0.08196721311475409,0.2637791881193439,1149
0.005,0.005,0.03,portfolio,2380,2089,-2.2735418119563597,-0.14885175992931443,0.1495404891103232,-0.2322469862601749,0.16784869976359337,0.4534641929431334,1149
0.005,0.005,0.03,bitcoin,-1,-1,-1.544156627204714,-0.15180621163379981,0.15180621163379981,-0.2336279848218629,0.10047846889952153,0.47359842225227206,1149
0.005,0.005,0.03,ethereum,-1,-1,-1.2153178599319645,-0.1420598791647688,0.1505488279935818,-0.21950510875387394,0.1477832512315271,0.6574895232108114,1149
0.005,0.005,0.03,binancecoin,-1,-1,-1.6746744322174372,-0.15273915231493118,0.15273915231493118,-0.23372499836423283,0.10434782608695652,0.46377465656925226,1149
0.005,0.005,0.03,solana,-1,-1,-2.4373046649518915,-0.15069836655510027,0.15104240170696176,-0.23298106366321783,0.078125,0.33784912421024027,1149
0.005,0.005,0.05,portfolio,2372,1892,-0.4376244039332774,-0.06886457827317372,0.1078903637030717,-0.14391351028725355,0.2657218777679362,0.9125013087528465,1149
0.005,0.005,0.05,bitcoin,-1,-1,-1.1465750052692352,-0.1477009844021201,0.1511691560478059,-0.2278523617464965,0.10121457489878542,0.5803645021298328,1149
0.005,0.005,0.05,ethereum,-1,-1,-0.002549094727974072,-0.010309548562841275,0.13146523154166187,-0.017268879920188863,0.20489573889392565,0.999379380943268,1149
0.005,0.005,0.05,binancecoin,-1,-1,0.10592603162212404,0.025177642117304222,0.13995977108703106,0.03907206542241662,0.22172351885098743,1.025941287294879,1149
0.005,0.005,0.05,solana,-1,-1,-1.1983018701009711,-0.14726830566966242,0.15058152971098274,-0.22802773292982578,0.09226190476190477,0.62720118816675,1149
0.005,0.005,0.08,portfolio,2317,1826,-0.14664440309925666,-0.029385917187898736,0.0806678646115083,-0.08082767852275882,0.25177304964539005,0.9668630546513938,1149
0.005,0.005,0.08,bitcoin,-1,-1,-0.7812234555956241,-0.13103355301388464,0.15058883147664043,-0.20143738019154556,0.14788732394366197,0.6829827424558176,1149
0.005,0.005,0.08,ethereum,-1,-1,-0.23420910405797515,-0.06256722697089323,0.15134310523764952,-0.09297062438965949,0.19031719532554256,0.9190743490124788,1149
0.005,0.005,0.08,binancecoin,-1,-1,0.49253499430951253,0.22218233085172479,0.13276189385366213,0.3388525892717181,0.24506283662477557,1.1322002784214884,1149
0.005,0.005,0.08,solana,-1,-1,-0.5173215647484921,-0.13072176251350887,0.15168704001495184,-0.19947599820809087,0.11367380560131796,0.8401049638178953,1149
0.005,0.005,0.12,portfolio,2216,1684,0.2352917053582121,0.047722497404316666,0.0853528407690452,0.12040522756087978,0.2883762200532387,1.058363672998177,1149
0.005,0.005,0.12,bitcoin,-1,-1,-0.555228263300126,-0.10711333808866186,0.15022258711832248,-0.16337059218797298,0.16172506738544473,0.7814757620164,1149
0.005,0.005,0.12,ethereum,-1,-1,0.6213699850470965,0.2659801219466065,0.13371004704816267,0.39703312098280724,0.2484134179510426,1.1826573393870108,1149
0.005,0.005,0.12,binancecoin,-1,-1,0.25505346864221956,0.09913472519480071,0.15309595454198457,0.13682483069712673,0.25083240843507215,1.0831127288396405,1149
0.005,0.005,0.12,solana,-1,-1,-0.16625036587446607,-0.06341018421119582,0.1516144948207038,-0.09408713899839001,0.13884785819793205,0.9471051962467835,1149
0.01,0.005,0.0,portfolio,1496,886,2.269218495670009,1.653005454090816,0.04617396235238928,5.167640546288259,0.4495575221238938,1.68960522049828,1149
0.01,0.005,0.0,bitcoin,-1,-1,1.7151168792612346,1.1661088938548372,0.0660447340707209,2.7971427181526933,0.40125111706881145,1.557264662082349,1149
0.01,0.005,0.0,ethereum,-1,-1,1.4541623870223157,1.3130793497184943,0.1493454538279765,1.352016884315068,0.41229656419529837,1.4648388735197373,1149
0.01,0.005,0.0,binancecoin,-1,-1,1.3754487931350357,1.504541370684656,0.1485913097746372,1.5011979792179315,0.3951612903225806,1.4347588689809279,1149
0.01,0.005,0.0,solana,-1,-1,1.5279312373402982,2.5200379724815996,0.10398302836782987,3.0568483811157905,0.3055555555555556,1.4778284340451429,1149
0.01,0.005,0.01,portfolio,2390,2089,-3.519201210974373,-0.14960313097302347,0.15062007887472326,-0.23182353457461272,0.18,0.153468580293935,1149
0.01,0.005,0.01,bitcoin,-1,-1,-2.3741331513815123,-0.1502035374202937,0.1502035374202937,-0.23346161825718598,0.2542372881355932,0.24018178462801745,1149
0.01,0.005,0.01,ethereum,-1,-1,-2.640542595239774,-0.14900503495163953,0.15042975208463866,-0.23112751198124062,0.22580645161290322,0.2727356943397508,1149
0.01,0.005,0.01,binancecoin,-1,-1,-2.335043784583477,-0.15018888346908787,0.1515663501647745,-0.23133836457123932,0.22142857142857142,0.30961465457803156,1149
0.01,0.005,0.01,solana,-1,-1,-3.4384292838839494,-0.1496651990507032,0.15092912963970218,-0.23145120015908224,0.18181818181818182,0.19556102588115173,1149
0.01,0.005,0.02,portfolio,2382,2096,-2.3873009780236067,-0.1480802465930524,0.15029754130561157,-0.22980082591094178,0.25892857142857145,0.4116604949689684,1149
0.01,0.005,0.02,bitcoin,-1,-1,-1.8512038591560185,-0.1521396621725456,0.1521396621725456,-0.2336626449761292,0.22695035460992907,0.3838129694011659,1149
0.01,0.005,0.02,ethereum,-1,-1,-1.425072585235436,-0.14701361745442776,0.1512806594786514,-0.2265558346806116,0.2463768115942029,0.6048912724641127,1149
0.01,0.005,0.02,binancecoin,-1,-1,-1.3237702518215202,-0.14850600493953747,0.1515084452296349,-0.2286627830796712,0.23118279569892472,0.583989853532349,1149
0.01,0.005,0.02,solana,-1,-1,-2.3369216037259295,-0.14662802763703187,0.15145081343988587,-0.2256692238885209,0.17834394904458598,0.386410920611337,1149
0.01,0.005,0.03,portfolio,2405,2040,-1.4886985770834242,-0.1441628882906104,0.14759102845034341,-0.2274296491686191,0.2857142857142857,0.637026127230982,1149
0.01,0.005,0.03,bitcoin,-1,-1,-0.9762250603121717,-0.14836639346740732,0.15082953291628934,-0.22946189702717698,0.25984251968503935,0.6974612163675139,1149
0.01,0.005,0.03,ethereum,-1,-1,-0.8504658706781222,-0.14283447843714137,0.15047443927639131,-0.2208865306355702,0.2694063926940639,0.7869279312963648,1149
0.01,0.005,0.03,binancecoin,-1,-1,-1.00910567997956,-0.14653223032429274,0.1511614426056925,-0.22594392479025363,0.2157676348547718,0.6775440264403331,1149
0.01,0.005,0.03,solana,-1,-1,-1.4997267701039634,-0.1434590716382912,0.15275563094086453,-0.21859961635683103,0.17679558011049723,0.5478755296662546,1149
0.01,0.005,0.05,portfolio,2296,1550,0.6944274972639387,0.1599231641014105,0.10146658096589295,0.3259421761250841,0.4,1.1406794306038677,1149
0.01,0.005,0.05,bitcoin,-1,-1,0.7193722849826572,0.2586028800614748,0.1397139949957784,0.3703161419591429,0.36884512085944493,1.1691986726884303,1149
0.01,0.005,0.05,ethereum,-1,-1,0.5763632254334581,0.22447051224739534,0.10426467013661989,0.43557885494144927,0.3471971066907776,1.128134081886942,1149
0.01,0.005,0.05,binancecoin,-1,-1,0.609986034566666,0.3026162708477669,0.13985696000646297,0.42684293238986337,0.3324372759856631,1.1369107011207098,1149
0.01,0.005,0.05,solana,-1,-1,-0.7278719638912403,-0.1289206446515221,0.1527456904332044,-0.19521076449021535,0.15737704918032788,0.7715932708728724,1149
0.01,0.005,0.08,portfolio,2164,1469,0.7415003106059574,0.18003965890905516,0.08444347139511657,0.4378713936327072,0.363716814159292,1.1531281699963611,1149
0.01,0.005,0.08,bitcoin,-1,-1,1.1333757202038686,0.5549302755775276,0.10336781283730306,0.9834458535184419,0.37980339588918677,1.3112385914069726,1149
0.01,0.005,0.08,ethereum,-1,-1,0.7587579792620227,0.3607394041644474,0.10746524994851649,0.6503623700454271,0.3716094032549729,1.1848464065253437,1149
0.01,0.005,0.08,binancecoin,-1,-1,-0.7140099457936919,-0.13199426773014522,0.1534905023659644,-0.19916179286659189,0.21888412017167383,0.7290034990561515,1149
0.01,0.005,0.08,solana,-1,-1,0.07439065337271024,0.010932584353807284,0.14697975265730032,0.016244282796510984,0.22062780269058296,1.0153860724073607,1149
0.01,0.005,0.12,portfolio,2010,1369,1.264537714105954,0.38101488267431494,0.05961590179430366,1.23067095441468,0.37168141592920356,1.2931977172034292,1149
0.01,0.005,0.12,bitcoin,-1,-1,1.3439660751731484,0.7547040441288158,0.10858393860103197,1.208753880886792,0.38873994638069703,1.3992010014469802,1149
0.01,0.005,0.12,ethereum,-1,-1,1.0823654730993084,0.6601067559872984,0.12774246471738646,0.9204832114300189,0.3806509945750452,1.2980483328107517,1149
0.01,0.005,0.12,binancecoin,-1,-1,-0.6344181651585848,-0.13184464738897228,0.15144095100071922,-0.20161519482365017,0.2236842105263158,0.7389119369539339,1149
0.01,0.005,0.12,solana,-1,-1,0.6130855425105,0.36072042220673484,0.15260567060416036,0.4579651664080827,0.24141048824593128,1.1452803580756612,1149
0.015,0.005,0.0,portfolio,1284,694,2.7781414092982653,2.5609608892579185,0.042243593482500716,7.603648558755025,0.48761061946902656,1.862557177696079,1149
0.015,0.005,0.0,bitcoin,-1,-1,2.085469306663316,1.6432026532094661,0.061892649664496986,3.838989547779068,0.46112600536193027,1.672665669783558,1149
0.015,0.005,0.0,ethereum,-1,-1,1.779972502261543,1.9507824304154897,0.11780232017853563,2.2737067016233463,0.4620253164556962,1.5540126724346655,1149
0.015,0.005,0.0,binancecoin,-1,-1,1.8023446622185684,2.654325109033944,0.13036295340171922,2.5216232834855945,0.44275491949910556,1.5868765491210515,1149
0.015,0.005,0.0,solana,-1,-1,1.8280773838101465,3.9700473601591915,0.10398302836782969,4.052907973868476,0.3747763864042934,1.5437512523487902,1149
0.015,0.005,0.01,portfolio,2392,2087,-2.9440291273253725,-0.15041297944442222,0.15142895888806004,-0.23191683335801327,0.2827586206896552,0.1987308407560974,1149
0.015,0.005,0.01,bitcoin,-1,-1,-1.8710690720807062,-0.1507134283288064,0.1507134283288064,-0.23351450803233198,0.35789473684210527,0.29772684856796355,1149
0.015,0.005,0.01,ethereum,-1,-1,-2.2950028296625637,-0.1488868663011227,0.15031178126948855,-0.23111335445771294,0.26436781609195403,0.24798560593184696,1149
0.015,0.005,0.01,binancecoin,-1,-1,-1.9646286590779345,-0.15184451875129878,0.15321930181244933,-0.23153566811042842,0.32592592592592595,0.36357467442522756,1149
0.015,0.005,0.01,solana,-1,-1,-2.8890044560117185,-0.1511759780614953,0.1524376630411145,-0.23162938599970032,0.28205128205128205,0.23492929071364524,1149
0.015,0.005,0.02,portfolio,2389,2084,-1.7355403725183365,-0.1475079521918341,0.14972673641716105,-0.22972711801748763,0.314410480349345,0.5370284383648887,1149
0.015,0.005,0.02,bitcoin,-1,-1,-1.067958394584302,-0.1502290035701409,0.1502290035701409,-0.23346425892140577,0.37320574162679426,0.6713511786913543,1149
0.015,0.005,0.02,ethereum,-1,-1,-1.144498683496521,-0.1474127822917758,0.1508360282677756,-0.22788090370172723,0.33962264150943394,0.6798033164250041,1149
0.015,0.005,0.02,binancecoin,-1,-1,-1.0940831556233528,-0.14885364179165295,0.15185485628462536,-0.22871047288828766,0.31843575418994413,0.6416200144499057,1149
0.015,0.005,0.02,solana,-1,-1,-1.9017656497481255,-0.14689415504926417,0.15022111836298965,-0.22795632516289951,0.2789115646258503,0.4695393077728327,1149
0.015,0.005,0.03,portfolio,2414,2008,-1.0722031995437977,-0.12712034596097244,0.13061675170884696,-0.2249190235495057,0.3638297872340426,0.7310005431994343,1149
0.015,0.005,0.03,bitcoin,-1,-1,-0.8072041940229302,-0.15075171053182335,0.15090134030628183,-0.23328692970697973,0.33797909407665505,0.761554693222574,1149
0.015,0.005,0.03,ethereum,-1,-1,-0.48330163580650387,-0.10128619731665256,0.15193034033171274,-0.1523678146704358,0.3487858719646799,0.8794381011497022,1149
0.015,0.005,0.03,binancecoin,-1,-1,-0.6997402048572616,-0.11982374749110725,0.15174291849971,-0.18191607110785143,0.30603448275862066,0.7671940850600013,1149
0.015,0.005,0.03,solana,-1,-1,-1.0933541376694464,-0.14256059971917012,0.1503728590320123,-0.22058527000199438,0.2765957446808511,0.6688783355211906,1149
0.015,0.005,0.05,portfolio,2220,1406,1.1983620994727608,0.3319422048036029,0.09986419898824837,0.6497217131375528,0.4486725663716814,1.2485951219452267,1149
0.015,0.005,0.05,bitcoin,-1,-1,1.1130931624624891,0.49709213256231477,0.12363793760010829,0.7484424415905351,0.44543828264758495,1.2677360110047555,1149
0.015,0.005,0.05,ethereum,-1,-1,0.9389738748483167,0.45574980453920544,0.1188230295085675,0.7224722258068843,0.4159132007233273,1.203502958474233,1149
0.015,0.005,0.05,binancecoin,-1,-1,0.880384504018817,0.541110595606139,0.1397091187918472,0.7122065765306376,0.4069767441860465,1.1945173875855422,1149
0.015,0.005,0.05,solana,-1,-1,-0.44254708971915574,-0.10375499788967191,0.1516611365364842,-0.15652304178482615,0.2358490566037736,0.8684247814290538,1149
0.015,0.005,0.08,portfolio,1941,1083,1.8315158360393073,0.7807269001905541,0.06687054847678388,2.017474978149539,0.4407079646017699,1.4111433044625799,1149
0.015,0.005,0.08,bitcoin,-1,-1,1.7176500363543163,1.0697987861090774,0.10492534652091662,1.6485778641157152,0.44682752457551383,1.4877151204358918,1149
0.015,0.005,0.08,ethereum,-1,-1,1.2417428466075582,0.7669421629456885,0.10957823923274079,1.2135345671122124,0.43309222423146476,1.2988588214752954,1149
0.015,0.005,0.08,binancecoin,-1,-1,1.1595667888224905,0.9133121866854361,0.13296225699968986,1.1501491429453268,0.40608228980322003,1.2858564769326373,1149
0.015,0.005,0.08,solana,-1,-1,0.561238711685683,0.33364366478087937,0.14683660229794693,0.4439093117038849,0.2990152193375112,1.1144534951909841,1149
0.015,0.005,0.12,portfolio,1709,946,2.157828244120948,1.163637480536456,0.05386625790568749,3.42403502949472,0.4557522123893805,1.5482809228504044,1149
0.015,0.005,0.12,bitcoin,-1,-1,1.7095249375407875,1.1228951847719935,0.10566176976533,1.6989300050824436,0.4495084897229669,1.5037995159515727,1149
0.015,0.005,0.12,ethereum,-1,-1,1.4142463571958397,1.057066374373814,0.09449519478330685,1.813756320166832,0.4358047016274864,1.373181940821121,1149
0.015,0.005,0.12,binancecoin,-1,-1,1.4358076064816263,1.5039926050562507,0.14742013001348173,1.5127255310631345,0.4203935599284436,1.4077049357076994,1149
0.015,0.005,0.12,solana,-1,-1,0.9745147634249459,0.8278900048460685,0.15574609767823752,0.9081126811657118,0.3197463768115942,1.225168399671806,1149
0.02,0.005,0.0,portfolio,1131,579,2.8368426626277325,2.991178766803091,0.0425606653178772,8.333331827222686,0.5008849557522124,1.9238391037201577,1149
0.02,0.005,0.0,bitcoin,-1,-1,2.151646419687702,1.7967522946418573,0.05510955970054469,4.591357533979516,0.47631814119749777,1.6999425696838477,1149
0.02,0.005,0.0,ethereum,-1,-1,1.6984936419677439,1.8497078913851848,0.13037489660042278,1.980390459583042,0.48148148148148145,1.5046467552946847,1149
0.02,0.005,0.0,binancecoin,-1,-1,2.0204024134809635,3.5951005715202236,0.13304579456884527,2.9853590975055626,0.4717994628469114,1.6874031750161513,1149
0.02,0.005,0.0,solana,-1,-1,1.9917528661857589,5.094454838511808,0.10398302836782995,4.678249908999897,0.41234347048300535,1.5807985620193656,1149
0.02,0.005,0.01,portfolio,2393,2086,-2.7739726105351608,-0.14957882814974144,0.15059580511399548,-0.23182073466011713,0.3333333333333333,0.2045104107584212,1149
0.02,0.005,0.01,bitcoin,-1,-1,-1.5860881917681413,-0.15038686134913726,0.15038686134913726,-0.2334806297468343,0.46774193548387094,0.4002545452095751,1149
0.02,0.005,0.01,ethereum,-1,-1,-1.9618436957458494,-0.14878588463085596,0.15021096866052258,-0.2311012552533704,0.38095238095238093,0.29839729273794496,1149
0.02,0.005,0.01,binancecoin,-1,-1,-1.642659043328614,-0.15082722833394213,0.1522036603305355,-0.231414455503393,0.42028985507246375,0.42485879944675303,1149
0.02,0.005,0.01,solana,-1,-1,-2.6680266210679906,-0.1499025129963013,0.15116609084382165,-0.2314791964129147,0.29347826086956524,0.20628128056827122,1149
0.02,0.005,0.02,portfolio,2401,2063,-1.5765785188026968,-0.14894812956936987,0.15116316543967678,-0.22991248341972234,0.36909871244635195,0.5775288754582053,1149
0.02,0.005,0.02,bitcoin,-1,-1,-0.9356776000543157,-0.15097085898300566,0.15097085898300566,-0.23354122478899694,0.42035398230088494,0.7101418240037751,1149
0.02,0.005,0.02,ethereum,-1,-1,-1.027536830730994,-0.1504965600029876,0.15359028973147376,-0.22878883875782816,0.41203703703703703,0.7111566677413884,1149
0.02,0.005,0.02,binancecoin,-1,-1,-0.9310545378950784,-0.149073768447325,0.1520742067549764,-0.22874065187920475,0.375,0.6990524374239278,1149
0.02,0.005,0.02,solana,-1,-1,-1.6763450946440173,-0.14997932140825465,0.15272812444989067,-0.22923694530842528,0.34265734265734266,0.5125166214188022,1149
0.02,0.005,0.03,portfolio,2394,1787,-0.3131801463434761,-0.04763905408275493,0.1119097039933443,-0.09515014095821071,0.4536541889483066,0.9336075824220882,1149
0.02,0.005,0.03,bitcoin,-1,-1,0.46076746196930163,0.1543844868498736,0.112766684538265,0.28366812208727166,0.4574753804834378,1.0956988260517744,1149
0.02,0.005,0.03,ethereum,-1,-1,-0.5395263327079094,-0.10234836696279159,0.152729609489141,-0.15322910275505264,0.38661710037174724,0.8486187638185593,1149
0.02,0.005,0.03,binancecoin,-1,-1,-0.44452689634586806,-0.08702644177505303,0.15240370404713666,-0.12972633763847963,0.36681222707423583,0.8442712589685478,1149
0.02,0.005,0.03,solana,-1,-1,-0.9245325291887901,-0.1426469344391308,0.15093111163656087,-0.2199108514908416,0.3473684210526316,0.7200858056670613,1149
0.02,0.005,0.05,portfolio,2165,1194,1.466885763939018,0.5405462880907734,0.057880422773570694,1.7175659104158472,0.45663716814159294,1.3000320287797809,1149
0.02,0.005,0.05,bitcoin,-1,-1,1.4335883420024758,0.7565771654521101,0.06940690821402798,1.894854579779791,0.47137745974955275,1.3622147066922323,1149
0.02,0.005,0.05,ethereum,-1,-1,1.0468273662839707,0.5647142482445657,0.1307532475195998,0.7890682257571467,0.45438121047877145,1.223016917590459,1149
0.02,0.005,0.05,binancecoin,-1,-1,1.1390045293642044,0.8357467892484223,0.14128545797213735,1.0086617746766702,0.4529991047448523,1.2588414374099126,1149
0.02,0.005,0.05,solana,-1,-1,0.1399383109133359,0.04471106688509874,0.14794647862908986,0.0651542865396897,0.3393017009847807,1.0243874021013994,1149
0.02,0.005,0.08,portfolio,1818,940,2.385129985127335,1.263656627896856,0.05564655540371112,3.526500818009049,0.4761061946902655,1.5731037570436575,1149
0.02,0.005,0.08,bitcoin,-1,-1,2.0019208339335868,1.4242222300992422,0.06463698885442892,3.3162554694382362,0.4700625558534406,1.5920856289086232,1149
0.02,0.005,0.08,ethereum,-1,-1,1.2614125980056485,0.8546277381065297,0.11679200033046357,1.2421756199223908,0.4598012646793135,1.295823655407511,1149
0.02,0.005,0.08,binancecoin,-1,-1,1.618817315938548,1.6474106569597966,0.14082857193930176,1.6902613405012512,0.4556848701880036,1.42142035315211,1149
0.02,0.005,0.08,solana,-1,-1,1.1695284556853927,1.0252985894926638,0.12257395845376401,1.3657026524885572,0.35989256938227393,1.2437601860827918,1149
0.02,0.005,0.12,portfolio,1564,821,2.6036818719559753,1.780605226585494,0.05617844015857201,4.475693067095882,0.4778761061946903,1.7080500269817258,1149
0.02,0.005,0.12,bitcoin,-1,-1,1.962688174440249,1.4778196145059987,0.0809050536700505,2.721597566736117,0.4718498659517426,1.6039242602641857,1149
0.02,0.005,0.12,ethereum,-1,-1,1.5213073828626766,1.282423240827411,0.10879405228898768,1.8236813973436286,0.4643179765130985,1.395567569977107,1149
0.02,0.005,0.12,binancecoin,-1,-1,1.7761677723870746,2.309404304989592,0.15247151936787406,1.9685382325058418,0.4641235240690282,1.5304039199783237,1149
0.02,0.005,0.12,solana,-1,-1,1.5114671031664195,1.88413214622831,0.11668587276345474,2.241154171998511,0.37153088630259623,1.356931501148325,1149
0.03,0.005,0.0,portfolio,849,416,3.1130564230111375,3.6730813862173513,0.043149839862809916,9.324615605468688,0.536283185840708,2.0344588949378544,1149
0.03,0.005,0.0,bitcoin,-1,-1,2.126748423123611,1.79573244950459,0.06011920150382935,4.207099547969638,0.4928698752228164,1.6818110821028853,1149
0.03,0.005,0.0,ethereum,-1,-1,1.9293297322942884,2.363804320585956,0.10687733952593559,2.8519003311683786,0.5175834084761046,1.582497738048713,1149
0.03,0.005,0.0,binancecoin,-1,-1,2.318604981192357,4.973828766083201,0.12144020714115229,3.952195774711315,0.4968722073279714,1.8139058489016415,1149
0.03,0.005,0.0,solana,-1,-1,2.1479798656805174,6.418032662537342,0.13036985074338708,4.233587244901388,0.463871543264942,1.6165536594861616,1149
0.03,0.005,0.01,portfolio,2400,2069,-2.003759356350349,-0.1516868265188125,0.15270128263121924,-0.23206357696324306,0.4784688995215311,0.4217095345771994,1149
0.03,0.005,0.01,bitcoin,-1,-1,-1.065792740691875,-0.15580044513683344,0.15580044513683344,-0.234044210397535,0.6,0.6280590843873154,1149
0.03,0.005,0.01,ethereum,-1,-1,-1.4518044318740513,-0.15110913052281194,0.15253032502508723,-0.23137943514594483,0.574468085106383,0.4904460968356523,1149
0.03,0.005,0.01,binancecoin,-1,-1,-1.1910854770482404,-0.15244040826869654,0.15381422544701906,-0.23160664348499824,0.5521472392638037,0.5590010834604812,1149
0.03,0.005,0.01,solana,-1,-1,-1.8580223130570006,-0.15082280624944433,0.1520850161807131,-0.23158774070108343,0.546875,0.40035888311846096,1149
0.03,0.005,0.02,portfolio,2329,1858,-0.39671485664113987,-0.0580624515619077,0.10883738243960994,-0.11975023050027543,0.5151785714285714,0.916219643198516,1149
0.03,0.005,0.02,bitcoin,-1,-1,0.6519662630008228,0.22240773040265638,0.07037859991003573,0.6398106267496684,0.5210384959713519,1.1359645697483922,1149
0.03,0.005,0.02,ethereum,-1,-1,-0.8116996092115771,-0.14623847291180225,0.15332817715377384,-0.2222755760960904,0.5248868778280543,0.7584638303209891,1149
0.03,0.005,0.02,binancecoin,-1,-1,-0.6898739554497255,-0.1295678281599293,0.15647972730009727,-0.1915630804357872,0.4533333333333333,0.765270652818598,1149
0.03,0.005,0.02,solana,-1,-1,-0.9067918914503337,-0.14528953887807738,0.1515966903922897,-0.22326179433967158,0.526595744680851,0.720282868866771,1149
0.03,0.005,0.03,portfolio,2223,1523,1.1047788541492307,0.2613729553583757,0.09105651979960741,0.5737710306716892,0.531858407079646,1.2294382135850468,1149
0.03,0.005,0.03,bitcoin,-1,-1,1.1343363305678231,0.4943706042698266,0.06005089570622643,1.5336986522667306,0.4959785522788204,1.260294213231839,1149
0.03,0.005,0.03,ethereum,-1,-1,-0.37791239829823897,-0.0866007042299084,0.15034885980085194,-0.1308326574578256,0.48616600790513836,0.8870812182780816,1149
0.03,0.005,0.03,binancecoin,-1,-1,1.3003329493858646,0.9151731481022067,0.14595863334120865,1.0494225085277686,0.5013404825737265,1.2852436891383447,1149
0.03,0.005,0.03,solana,-1,-1,-0.2874920572690144,-0.06526365351508201,0.1500354470700464,-0.09793112603421718,0.4775510204081633,0.9127253473774175,1149
0.03,0.005,0.05,portfolio,1908,1056,2.271762857829201,1.0624906644554688,0.047679470592072955,3.608849011600988,0.5106194690265486,1.5161009464233697,1149
0.03,0.005,0.05,bitcoin,-1,-1,1.7702474300963684,1.058185266411075,0.05601659837593999,3.0621453747898606,0.5031222123104371,1.4688914891204201,1149
0.03,0.005,0.05,ethereum,-1,-1,1.5466473304371595,1.0634772001786192,0.12276942999434808,1.4025555435863941,0.5076645626690712,1.347967628249184,1149
0.03,0.005,0.05,binancecoin,-1,-1,1.889434404202364,2.0824445000173553,0.11292333129741375,2.479952609701643,0.49508489722966936,1.4860316223638612,1149
0.03,0.005,0.05,solana,-1,-1,0.5121577320240652,0.2836253469584933,0.15862202490393068,0.3548632438349172,0.4294117647058823,1.0935756430861134,1149
0.03,0.005,0.08,portfolio,1555,766,2.8683963727188986,1.8705560590152541,0.04902372194750389,5.307762459235628,0.515929203539823,1.7333619581966484,1149
0.03,0.005,0.08,bitcoin,-1,-1,2.054438385002079,1.5378281071318325,0.0601192015038297,3.76937365476827,0.4928698752228164,1.611204578088422,1149
0.03,0.005,0.08,ethereum,-1,-1,1.7060372900349312,1.4280843509631382,0.08845331739041482,2.4281374196841266,0.5049594229035167,1.422610587264037,1149
0.03,0.005,0.08,binancecoin,-1,-1,2.1176098003887995,2.8354278091408442,0.1082159175835861,3.168637722793631,0.4932975871313673,1.5922446928218628,1149
0.03,0.005,0.08,solana,-1,-1,1.4611666796274254,1.616124523213578,0.14519595615509406,1.617217000125293,0.4375,1.3002223821118528,1149
0.03,0.005,0.12,portfolio,1333,760,3.025533614959773,2.272137169239553,0.0361548226235991,8.212479581592792,0.5256637168141592,1.908423931717549,1149
0.03,0.005,0.12,bitcoin,-1,-1,1.9563607322181988,1.489613956574777,0.0640490534219943,3.4577009004654835,0.4910873440285205,1.5960291164066547,1149
0.03,0.005,0.12,ethereum,-1,-1,1.9413565241305075,1.99302049632999,0.0916024534361743,2.9672366890131934,0.5076645626690712,1.527417594553948,1149
0.03,0.005,0.12,binancecoin,-1,-1,2.218223519142853,3.8261390038737852,0.12882478346973267,3.200494859989147,0.49508489722966936,1.6991787815632657,1149
0.03,0.005,0.12,solana,-1,-1,1.681453953327881,1.8891193944458493,0.15235068222872813,1.7196453144384543,0.45894428152492667,1.5195621149112826,1149
0.05,0.005,0.0,portfolio,584,238,3.1307788253345037,3.7751340919017577,0.04432818895267584,9.226993367774138,0.5380530973451327,2.0259972934881834,1149
0.05,0.005,0.0,bitcoin,-1,-1,2.1315922023306575,1.8397012414029872,0.06743412194155615,3.8144322184221147,0.5008912655971479,1.6847241282115486,1149
0.05,0.005,0.0,ethereum,-1,-1,1.764527772022471,2.0898260868926535,0.12588918075819502,2.229867381645778,0.5260791366906474,1.5132457531529404,1149
0.05,0.005,0.0,binancecoin,-1,-1,2.213112162002983,4.57781347658148,0.11602260398690765,3.9462860670485944,0.5067024128686327,1.7523660254228555,1149
0.05,0.005,0.0,solana,-1,-1,2.35185312952037,8.243636329448007,0.12019931011116226,5.230125694028567,0.4933095450490633,1.6710364288325577,1149
0.05,0.005,0.01,portfolio,2264,1735,-0.3478566487490482,-0.05660055007356324,0.10831958267474533,-0.11722304759601294,0.6271036315323295,0.9326907196242341,1149
0.05,0.005,0.01,bitcoin,-1,-1,0.1191308456944255,0.024976352535829083,0.11674021138073487,0.04647255318516432,0.6171735241502684,1.0254584371910915,1149
0.05,0.005,0.01,ethereum,-1,-1,-0.8416292176423996,-0.14420563892061322,0.152766251961865,-0.21979438096126977,0.7258687258687259,0.7196384447931032,1149
0.05,0.005,0.01,binancecoin,-1,-1,0.14489903736800316,0.041654265224550846,0.14175178307778918,0.06342559551527113,0.6598030438675022,1.0309271350480098,1149
0.05,0.005,0.01,solana,-1,-1,-1.2047170808247203,-0.1516089468644085,0.1528699882827934,-0.23168043386694182,0.7222222222222222,0.5393831292095518,1149
0.05,0.005,0.02,portfolio,2016,1377,1.2809695808908306,0.3307801450809198,0.06950920175563262,0.9305258028687926,0.584070796460177,1.2677793107766233,1149
0.05,0.005,0.02,bitcoin,-1,-1,1.4731291394229702,0.6181937394795329,0.06638185482520378,1.677183353002044,0.5495093666369313,1.3429149977547887,1149
0.05,0.005,0.02,ethereum,-1,-1,0.4481680414461793,0.17804000212054127,0.14166331538804003,0.2582865484876113,0.572202166064982,1.0866572828042094,1149
0.05,0.005,0.02,binancecoin,-1,-1,1.2602057982909634,0.820489095578532,0.13419056235220572,1.0464208347422048,0.55863921217547,1.2771353846671174,1149
0.05,0.005,0.02,solana,-1,-1,-0.5894972383915773,-0.13248703073958024,0.1514508192337268,-0.20264117464344156,0.6317991631799164,0.812088446735218,1149
0.05,0.005,0.03,portfolio,1916,1067,1.9221104924383587,0.7322406509294703,0.04903345106959829,2.611666879331498,0.5619469026548672,1.3973651799431395,1149
0.05,0.005,0.03,bitcoin,-1,-1,1.6995293382855472,0.886393797902733,0.06269515470590237,2.3821493341603985,0.5209634255129348,1.4247952357718199,1149
0.05,0.005,0.03,ethereum,-1,-1,1.0852713117676398,0.599929134667198,0.10928233684650272,0.9934930988459906,0.5379061371841155,1.2258496862460284,1149
0.05,0.005,0.03,binancecoin,-1,-1,1.6370693106035201,1.4177415649784275,0.1153042698766468,1.8528371598504936,0.5272564789991063,1.382713558494452,1149
0.05,0.005,0.03,solana,-1,-1,0.33474909901414035,0.15532756348585264,0.15382799405915287,0.2091502345511066,0.5456410256410257,1.0593843222820698,1149
0.05,0.005,0.05,portfolio,1595,839,2.78827936691997,1.5775609949737643,0.03538349784254292,6.522761200596811,0.5460176991150443,1.669453825241245,1149
0.05,0.005,0.05,bitcoin,-1,-1,1.9352303424434218,1.2300570008058673,0.06064538964078559,3.1712324445634907,0.5133689839572193,1.5221410849633303,1149
0.05,0.005,0.05,ethereum,-1,-1,1.7976622244096196,1.519118236220066,0.0850481153033086,2.6411245591456156,0.531953195319532,1.4286154752399731,1149
0.05,0.005,0.05,binancecoin,-1,-1,2.068229659454824,2.6389765551904176,0.14182133709434933,2.309245336463513,0.5183199285075961,1.5535321780908393,1149
0.05,0.005,0.05,solana,-1,-1,1.1645569808127108,0.9798284598899847,0.16087762871047478,1.0044917624252658,0.49412915851272016,1.2302279261410556,1149
0.05,0.005,0.08,portfolio,1257,566,3.143518295032584,2.458445782298827,0.03854823372408722,8.113680082159808,0.5451327433628319,1.8387797831834365,1149
0.05,0.005,0.08,bitcoin,-1,-1,2.1507233077892933,1.7130988122741826,0.06743412194155587,3.6288748898715517,0.5062388591800356,1.6508865547515903,1149
0.05,0.005,0.08,ethereum,-1,-1,1.7747495479046056,1.6769812526038712,0.1073545769302612,2.2454265620626153,0.5229522952295229,1.4476773412313562,1149
0.05,0.005,0.08,binancecoin,-1,-1,2.1621384616416233,3.303327041433474,0.10966031680212257,3.439992904431967,0.5093833780160858,1.626876715226134,1149
0.05,0.005,0.08,solana,-1,-1,1.9486876179390473,3.1150126786549315,0.12019931011116322,3.0264804698453482,0.4915254237288136,1.4223638944384562,1149
0.05,0.005,0.12,portfolio,954,427,3.2909733398891445,3.11385403445665,0.03817517648537325,9.52704534575366,0.5451327433628319,1.962289822631245,1149
0.05,0.005,0.12,bitcoin,-1,-1,2.0465856767263775,1.6086334671250997,0.06695121678277956,3.49563516599925,0.5026737967914439,1.6266556950744353,1149
0.05,0.005,0.12,ethereum,-1,-1,1.88551054123257,2.09357593677031,0.10078076205954498,2.7887952022790325,0.5224820143884892,1.5170764251906086,1149
0.05,0.005,0.12,binancecoin,-1,-1,2.1913857463485864,3.814624955372439,0.1265714785644568,3.2516281401474676,0.5075960679177838,1.6766012052255417,1149
0.05,0.005,0.12,solana,-1,-1,2.320118691818809,5.531270397046394,0.12560797744090954,4.053866806263277,0.49063336306868865,1.5581634322180693,1149
0.07,0.005,0.0,portfolio,379,141,3.1238362737997694,3.73297095517953,0.04550653804254171,8.927900133977152,0.5495575221238939,2.0112015533050482,1149
0.07,0.005,0.0,bitcoin,-1,-1,2.0854303877383,1.7928188942197183,0.06283918843080372,4.020436623642713,0.5084594835262689,1.6633291915417172,1149
0.07,0.005,0.0,ethereum,-1,-1,1.7471031527158036,2.085239872877197,0.1313097324635804,2.1346400600012205,0.5341726618705036,1.5047472297055091,1149
0.07,0.005,0.0,binancecoin,-1,-1,2.2177535068797702,4.667420676299208,0.11354593831191011,4.077319490667623,0.5093833780160858,1.7515259275069375,1149
0.07,0.005,0.0,solana,-1,-1,2.3051118849211205,7.904875481899584,0.1492953958637099,4.121864710871915,0.5062277580071174,1.6501230663086308,1149
0.07,0.005,0.01,portfolio,2109,1632,0.5907081933711102,0.10689464945978977,0.07285657599483394,0.30915313345833256,0.6504424778761062,1.1296752185807661,1149
0.07,0.005,0.01,bitcoin,-1,-1,1.1290258594404106,0.36495361329211096,0.06350009178087218,1.1120800942701994,0.6306868867082962,1.2710827551196024,1149
0.07,0.005,0.01,ethereum,-1,-1,-0.3425214349762842,-0.08920147807533185,0.15130698500631296,-0.13405477664165685,0.6944444444444444,0.9023243060841337,1149
0.07,0.005,0.01,binancecoin,-1,-1,0.8321300931904708,0.3764954803969516,0.10625010780269363,0.683257480950367,0.6723366159355416,1.1942780868294036,1149
0.07,0.005,0.01,solana,-1,-1,-0.8115857058736419,-0.1436895567450277,0.15129811085486825,-0.22108256450550462,0.7941176470588235,0.6150241632815389,1149
0.07,0.005,0.02,portfolio,1862,1369,1.810035607475361,0.47750744434170045,0.0699361814798955,1.278095687552655,0.5982300884955752,1.4174150252366162,1149
0.07,0.005,0.02,bitcoin,-1,-1,1.8981565225101658,0.8959363853864517,0.055725489652010886,2.702926010453142,0.5579322638146168,1.4669467939893088,1149
0.07,0.005,0.02,ethereum,-1,-1,0.31915581286272565,0.09386750186050796,0.15227542642690667,0.1305022006522601,0.5860979462875198,1.0851191751718567,1149
0.07,0.005,0.02,binancecoin,-1,-1,1.6737142490366006,1.291294889254952,0.10811497841847888,1.8445711510723954,0.5693822739480752,1.394014384249373,1149
0.07,0.005,0.02,solana,-1,-1,-0.13211458690766062,-0.034056776899183405,0.15063944523459652,-0.05025724198394997,0.7102272727272727,0.9420472356947326,1149
0.07,0.005,0.03,portfolio,1632,893,2.4011324241800986,1.043654918697269,0.050424702593381866,3.3656518921494074,0.5876106194690266,1.5355017788436827,1149
0.07,0.005,0.03,bitcoin,-1,-1,1.800674480726794,0.9794665533327491,0.06557654874087393,2.4635892341360495,0.5253784505788067,1.4552195529090768,1149
0.07,0.005,0.03,ethereum,-1,-1,1.3375586247686893,0.836306324991055,0.1390488664130696,1.0254352378583391,0.5522522522522523,1.2930925958547697,1149
0.07,0.005,0.03,binancecoin,-1,-1,1.9872355417290086,2.0714470319895706,0.0759727657819209,3.6729147521107905,0.5317247542448614,1.4966022596458557,1149
0.07,0.005,0.03,solana,-1,-1,0.73790340930614,0.45370995756944965,0.16695518561690934,0.5121880635781302,0.5708582834331337,1.1408550646959794,1149
0.07,0.005,0.05,portfolio,1303,692,3.0020283484336057,1.8582244523453166,0.03826210393843036,6.769542349929607,0.5716814159292035,1.7488993568943445,1149
0.07,0.005,0.05,bitcoin,-1,-1,1.9232753114035621,1.2481945535553969,0.06793460284617399,2.862175483330545,0.5191451469278717,1.5258347282048372,1149
0.07,0.005,0.05,ethereum,-1,-1,1.7875670537644,1.5590377224216767,0.10202286957959728,2.2431515342831285,0.540954095409541,1.4321974631713974,1149
0.07,0.005,0.05,binancecoin,-1,-1,2.1809935487659993,3.036407454732438,0.08195826630184663,4.368372447509262,0.5263628239499554,1.5984097271275512,1149
0.07,0.005,0.05,solana,-1,-1,1.5647565657927471,1.623476149890633,0.155690295859602,1.5130909275306725,0.5243781094527363,1.3316156911463148,1149
0.07,0.005,0.08,portfolio,965,422,3.2879877776867983,2.697978578262401,0.03665742960846892,9.062046439468176,0.5628318584070796,1.8882274257052658,1149
0.07,0.005,0.08,bitcoin,-1,-1,2.172541976274571,1.7555662159809398,0.06283918843080398,3.9618140867379017,0.5138023152270703,1.6601537388625733,1149
0.07,0.005,0.08,ethereum,-1,-1,1.8248169762999797,1.7849314474952824,0.11558606336958904,2.1790189865071885,0.5364536453645364,1.4667928441091151,1149
0.07,0.005,0.08,binancecoin,-1,-1,2.1445237755934827,3.417487774945462,0.11136621078282068,3.458518503653452,0.5075960679177838,1.624271547758435,1149
0.07,0.005,0.08,solana,-1,-1,2.1509008822866424,3.9319863596373477,0.13400461423755197,3.1270495371250893,0.5204626334519573,1.4822129669559714,1149
0.07,0.005,0.12,portfolio,711,308,3.3988080321307703,3.339138331198015,0.039424018525041016,9.632103459348482,0.5575221238938053,2.005179458285964,1149
0.07,0.005,0.12,bitcoin,-1,-1,2.0243584657016953,1.6153078100771956,0.0634433770440961,3.6998158562009857,0.5093499554764025,1.6220522809932547,1149
0.07,0.005,0.12,ethereum,-1,-1,2.011471382578115,2.366642176429235,0.1086493482504998,2.807608808548551,0.5350719424460432,1.560087831906132,1149
0.07,0.005,0.12,binancecoin,-1,-1,2.179120162379476,3.949506260977228,0.132030969295078,3.182155712085272,0.5111706881143878,1.6773283820937206,1149
0.07,0.005,0.12,solana,-1,-1,2.4107055375885973,6.1705448725161824,0.14768740141650186,3.659252137494334,0.5097864768683275,1.5927480174298108,1149
0.1,0.005,0.0,portfolio,228,79,3.138623277794021,3.809799329538727,0.04727406167734047,8.699336429085871,0.552212389380531,2.0236365190585146,1149
0.1,0.005,0.0,bitcoin,-1,-1,2.1587901418219433,1.9023945828252682,0.0666325759589867,3.9508999360777515,0.5129118432769367,1.6966810601186282,1149
0.1,0.005,0.0,ethereum,-1,-1,1.6612469420147018,1.9435499367815683,0.14576706629442446,1.8328263532813969,0.5373537353735374,1.4758194049165116,1149
0.1,0.005,0.0,binancecoin,-1,-1,2.2366459597422126,4.812806499850408,0.10682595769146312,4.4100970497043575,0.515638963360143,1.765354233305759,1149
0.1,0.005,0.0,solana,-1,-1,2.3257091385120443,8.308306011633231,0.13786497948801268,4.57802784439813,0.512,1.6558209681367158,1149
0.1,0.005,0.01,portfolio,1984,1583,0.8601531898053323,0.17428824365051465,0.08171316114917739,0.43891078271382916,0.6663716814159292,1.2096038035640584,1149
0.1,0.005,0.01,bitcoin,-1,-1,1.450990725243672,0.484369476950689,0.05787658576887315,1.5635471958066263,0.6223214285714286,1.3552523890258108,1149
0.1,0.005,0.01,ethereum,-1,-1,-0.31052698879084867,-0.09089940176991285,0.15097177201934894,-0.1370076282050393,0.7072649572649573,0.8954508122641414,1149
0.1,0.005,0.01,binancecoin,-1,-1,1.1440730288457415,0.6025107574677857,0.11656806272551547,0.9347613248586494,0.6762075134168157,1.290378595031253,1149
0.1,0.005,0.01,solana,-1,-1,-0.7053288676099655,-0.14387448107164114,0.16678090028961126,-0.2008332928106997,0.8035714285714286,0.6216104850796016,1149
0.1,0.005,0.02,portfolio,1706,1285,1.7139647809600462,0.47839741580170747,0.07469944072456108,1.1985232154402574,0.6035398230088496,1.4146592076841196,1149
0.1,0.005,0.02,bitcoin,-1,-1,2.0334266187855894,0.9762630475580432,0.048875653765526536,3.296961201603908,0.5552584670231729,1.5078919439348348,1149
0.1,0.005,0.02,ethereum,-1,-1,0.23114538630263692,0.07019637004237511,0.1527630845161313,0.09812885150802642,0.5807504078303426,1.067237016154609,1149
0.1,0.005,0.02,binancecoin,-1,-1,1.5436354194880013,1.2064025694585991,0.1266490885135156,1.4965390142556494,0.5724508050089445,1.3738826395092267,1149
0.1,0.005,0.02,solana,-1,-1,-0.04614726348811567,-0.01749432664553585,0.160040933508371,-0.024139775535174275,0.7294117647058823,0.9771271505674893,1149
0.1,0.005,0.03,portfolio,1470,888,2.251948503782997,0.9440037172883113,0.05880471288151919,2.669130032320943,0.588495575221239,1.524260234402176,1149
0.1,0.005,0.03,bitcoin,-1,-1,2.0709537141067442,1.1888111259646434,0.06143688466801462,3.051078274192081,0.5298308103294747,1.5446263700298952,1149
0.1,0.005,0.03,ethereum,-1,-1,0.5086742040925528,0.20677908236583642,0.1527316787892567,0.27554156786955186,0.559322033898305,1.142604090671068,1149
0.1,0.005,0.03,binancecoin,-1,-1,1.7585019325452595,1.7483394037125195,0.10676451923414855,2.325098740645588,0.5370866845397676,1.445300965260832,1149
0.1,0.005,0.03,solana,-1,-1,1.1005155344820858,0.830798161933606,0.15044366029999856,0.9427652121594019,0.5840796019900497,1.2257489341328809,1149
0.1,0.005,0.05,portfolio,1065,597,2.9583049642029455,1.9616053231276958,0.04743892097935337,5.667632262728923,0.5743362831858407,1.7703656337648317,1149
0.1,0.005,0.05,bitcoin,-1,-1,2.151748226671187,1.5075669658349797,0.06324087538679388,3.5323494553868655,0.5218165627782725,1.6144219971891476,1149
0.1,0.005,0.05,ethereum,-1,-1,1.5688170722128785,1.360025903539881,0.11276889478062496,1.8376155307342272,0.5459459459459459,1.384131133161094,1149
0.1,0.005,0.05,binancecoin,-1,-1,2.0663743726055097,2.865952368457052,0.10557911218985011,3.269906238817254,0.5308310991957105,1.5766455874525929,1149
0.1,0.005,0.05,solana,-1,-1,1.7181513248633016,2.052405095268413,0.1559274109876916,1.778379641396906,0.5387673956262425,1.3814340395982239,1149
0.1,0.005,0.08,portfolio,723,322,3.2610480398596975,2.843265687679134,0.042612755646674556,8.060929907016385,0.5637168141592921,1.8980415108135635,1149
0.1,0.005,0.08,bitcoin,-1,-1,2.217354328297722,1.8354216820506517,0.06663257595898682,3.8540772723817027,0.5173642030276047,1.6853142377562256,1149
0.1,0.005,0.08,ethereum,-1,-1,1.722818033489055,1.6591135146087272,0.13052475583409964,1.8328730798551909,0.5405405405405406,1.441351156581385,1149
0.1,0.005,0.08,binancecoin,-1,-1,2.0932088235126454,3.3535376336196983,0.10922935326497811,3.485684960168466,0.517426273458445,1.6204323840320753,1149
0.1,0.005,0.08,solana,-1,-1,2.3069842368691877,4.92460523811352,0.12232525353788255,3.9016660500769063,0.5324444444444445,1.537770459371817,1149
0.1,0.005,0.12,portfolio,520,226,3.3004925851465976,3.366794870643896,0.04386875161357556,8.700046352865684,0.5601769911504425,1.9815435542304352,1149
0.1,0.005,0.12,bitcoin,-1,-1,2.1021825694914784,1.7195701028273866,0.06723431897113843,3.649334590008242,0.5146927871772039,1.6540575856992175,1149
0.1,0.005,0.12,ethereum,-1,-1,1.8509932207145017,2.128702698381888,0.12387604212100174,2.2944963117171038,0.5391539153915391,1.510501780135113,1149
0.1,0.005,0.12,binancecoin,-1,-1,2.0960669064050323,3.8308270643188393,0.11780176178703851,3.5025268121578494,0.517426273458445,1.662907831259816,1149
0.1,0.005,0.12,solana,-1,-1,2.4531930563680584,6.768740660413542,0.13491728670441572,4.2080244690474045,0.52,1.6132914856854599,1149
0.0,0.01,0.0,portfolio,0,0,3.0396796061003104,3.452407477490733,0.0494716188090206,7.83390961976008,0.5460176991150443,1.9800156779455487,1149
0.0,0.01,0.0,bitcoin,-1,-1,1.9985328802668214,1.8798374561136284,0.06969701606580318,3.7461976728564506,0.5066904549509367,1.6765117252026496,1149
0.0,0.01,0.0,ethereum,-1,-1,1.6591089526952993,1.9088879974268664,0.13725813182761443,1.9224941362186754,0.5217391304347826,1.4768760653436208,1149
0.0,0.01,0.0,binancecoin,-1,-1,2.0786823173374023,3.135042844559096,0.10665744328273226,3.4243651283896965,0.5161290322580645,1.6527623161528797,1149
0.0,0.01,0.0,solana,-1,-1,2.3965153430607193,8.90938269969821,0.12613607692543924,5.182418523756291,0.5182546749777382,1.6866546637213602,1149
0.0,0.01,0.01,portfolio,2208,1754,1.6806062867122986,0.3374160962909054,0.06408353717999464,1.027443767057321,0.7247787610619469,1.375677898529469,1149
0.0,0.01,0.01,bitcoin,-1,-1,0.62910186753576,0.1627441771259075,0.09948578585213935,0.3379654747000265,0.6696588868940754,1.1483149440151923,1149
0.0,0.01,0.01,ethereum,-1,-1,-0.06710347316076351,-0.019637019236067088,0.15550738353973434,-0.02791003103482279,0.7425742574257426,0.9801507977253106,1149
0.0,0.01,0.01,binancecoin,-1,-1,2.0432583759819205,0.8209132657538956,0.07788781245201318,1.8035950370855158,0.7358490566037735,1.507407961442973,1149
0.0,0.01,0.01,solana,-1,-1,1.2766185861561958,0.5095480476524907,0.06884322767269233,1.3730190265301219,0.8340807174887892,1.3142992452079216,1149
0.0,0.01,0.02,portfolio,2074,1422,2.4091258323539435,0.7942450985712735,0.03714912421237925,3.68228480426611,0.6619469026548672,1.5381947915662435,1149
0.0,0.01,0.02,bitcoin,-1,-1,1.5081537539894094,0.6389149808648766,0.07358444214584416,1.5552224948411992,0.5716845878136201,1.3619602784971259,1149
0.0,0.01,0.02,ethereum,-1,-1,0.20447599364328092,0.05868904279754972,0.15504782847274468,0.08117975486123151,0.6243822075782537,1.0623470314107355,1149
0.0,0.01,0.02,binancecoin,-1,-1,1.975132145278392,1.346222429850993,0.07196260170142753,2.8580639759236854,0.5969479353680431,1.471138305794802,1149
0.0,0.01,0.02,solana,-1,-1,1.9081443563509073,1.430711623636732,0.11476082854912052,1.8740276927034922,0.7094170403587444,1.4007676306889238,1149
0.0,0.01,0.03,portfolio,1888,1005,2.655064908913802,1.1278435179785342,0.03127773052860536,5.758550715432928,0.6070796460176991,1.5997938618348497,1149
0.0,0.01,0.03,bitcoin,-1,-1,1.6575005449842681,0.8600075277845134,0.0681216271379597,2.140345846728633,0.5348837209302325,1.4207080576352094,1149
0.0,0.01,0.03,ethereum,-1,-1,1.1565903362499081,0.7048524085315966,0.13935034328332002,0.8907257910310641,0.5540417801998183,1.2619847891166207,1149
0.0,0.01,0.03,binancecoin,-1,-1,1.8713703890916877,1.5206057746906523,0.07404185381179659,3.0358671164583377,0.5546594982078853,1.454263296427136,1149
0.0,0.01,0.03,solana,-1,-1,1.7379552293713292,1.4048958743715678,0.1550353861923013,1.3688672991027708,0.624,1.3688253632118654,1149
0.0,0.01,0.05,portfolio,1457,709,3.0739942623370324,1.8255934393548126,0.030344201872476044,8.431605933451984,0.5672566371681416,1.7634922549211136,1149
0.0,0.01,0.05,bitcoin,-1,-1,1.9017716480133475,1.2895123882182706,0.06807088164444537,2.9266708094925846,0.5267857142857143,1.5432508933404818,1149
0.0,0.01,0.05,ethereum,-1,-1,1.6187654114862045,1.3654547816765077,0.09540778666785905,2.178379739881575,0.5380434782608695,1.4014399086066167,1149
0.0,0.01,0.05,binancecoin,-1,-1,2.047832858446284,2.2261586672320166,0.0936956828445155,3.126096979860973,0.5295698924731183,1.5444600731259668,1149
0.0,0.01,0.05,solana,-1,-1,1.9544685869246272,2.3429860902752053,0.1548946174572561,1.9563503784622895,0.5498046875,1.433917345854774,1149
0.0,0.01,0.08,portfolio,861,389,3.2072651536102366,2.6597008162637863,0.05064844005457546,6.49881227125604,0.5575221238938053,1.882527481146609,1149
0.0,0.01,0.08,bitcoin,-1,-1,2.0684834774835332,1.725208547503669,0.06969830207514825,3.5284410855203183,0.5165031222123104,1.646576244914552,1149
0.0,0.01,0.08,ethereum,-1,-1,1.6314758606101682,1.5648158643305377,0.1281847720166102,1.7900781897711846,0.5226449275362319,1.425373950221546,1149
0.0,0.01,0.08,binancecoin,-1,-1,2.165486306368781,2.6960320382125498,0.10298516166484213,3.224129535965594,0.5241935483870968,1.6041853830050452,1149
0.0,0.01,0.08,solana,-1,-1,2.348177895077035,5.235683691395866,0.12877133258749457,3.835837937823857,0.5440783615316117,1.562759579423118,1149
0.0,0.01,0.12,portfolio,478,211,3.243993891978889,3.3245700871792954,0.04927054678929421,7.686517547894915,0.5566371681415929,1.987547131424359,1149
0.0,0.01,0.12,bitcoin,-1,-1,1.9240031418692591,1.7719799245735324,0.07329779289965639,3.418725586648508,0.5084745762711864,1.6510144960863062,1149
0.0,0.01,0.12,ethereum,-1,-1,1.717536291718098,1.9121356992642315,0.1286886831170346,2.0529178944191457,0.5208333333333334,1.4767034281422102,1149
0.0,0.01,0.12,binancecoin,-1,-1,2.177346569583632,3.2924227374089634,0.11170283834943294,3.3702327761893334,0.5206093189964157,1.6729926350917281,1149
0.0,0.01,0.12,solana,-1,-1,2.5433206611570136,7.899532521401477,0.12342404293152108,4.98414074190643,0.5280498664292075,1.6587454285724408,1149
0.005,0.01,0.0,portfolio,2069,1582,0.8594796638997848,0.32435421418931987,0.05014425849684919,1.2673522956354617,0.34012400354295835,1.2864866481541346,1149
0.005,0.01,0.0,bitcoin,-1,-1,-0.18794306451284315,-0.06009262932328818,0.15215222819784577,-0.0887285144646889,0.2015065913370998,0.925672917526028,1149
0.005,0.01,0.0,ethereum,-1,-1,0.1863062020378704,0.061171396064567896,0.15051602570100375,0.08708038300837379,0.22553897180762852,1.0878402017525428,1149
0.005,0.01,0.0,binancecoin,-1,-1,1.136211149896479,0.8690874644354227,0.14340433930464203,1.0252707107456553,0.30251346499102333,1.3702394594859397,1149
0.005,0.01,0.0,solana,-1,-1,0.6774355299095087,0.5396006284382338,0.1503552390592729,0.6602057405204426,0.19736842105263158,1.3185183902910131,1149
0.005,0.01,0.01,portfolio,2346,2130,-4.49680956379474,-0.15034099308022508,0.15034099308022508,-0.2334758725584044,0.1092896174863388,0.11018846236222868,1149
0.005,0.01,0.01,bitcoin,-1,-1,-3.4635178977526344,-0.15058366882676955,0.15058366882676955,-0.23350104487070125,0.08275862068965517,0.12346529801587199,1149
0.005,0.01,0.01,ethereum,-1,-1,-3.230719944332712,-0.14902004317741302,0.15077135276085102,-0.23062861214022523,0.12921348314606743,0.2631347207593608,1149
0.005,0.01,0.01,binancecoin,-1,-1,-3.2106020075670494,-0.15105370754643566,0.15105370754643566,-0.23354982501870733,0.10191082802547771,0.19124514485893787,1149
0.005,0.01,0.01,solana,-1,-1,-4.251158924628035,-0.15103388991227396,0.15103388991227396,-0.23354776772784572,0.08771929824561403,0.14177061994065998,1149
0.005,0.01,0.02,portfolio,2354,2123,-3.0574131887516787,-0.1489824742867084,0.14925071387711675,-0.2329157511773607,0.13360323886639677,0.3150848772631403,1149
0.005,0.01,0.02,bitcoin,-1,-1,-2.0422744000903768,-0.1496172274080405,0.1505730277347895,-0.23191927665448875,0.1,0.3977219287198374,1149
0.005,0.01,0.02,ethereum,-1,-1,-1.9977433929040105,-0.14569963558398613,0.15081507078039127,-0.2250931443157403,0.11304347826086956,0.4709974703329003,1149
0.005,0.01,0.02,binancecoin,-1,-1,-2.129734473497564,-0.15063568765383284,0.15063568765383284,-0.2335064417815009,0.0893854748603352,0.3570993679615012,1149
0.005,0.01,0.02,solana,-1,-1,-3.093022455574129,-0.15088948993105233,0.15088948993105233,-0.23353277909597733,0.08152173913043478,0.2651307085481248,1149
0.005,0.01,0.03,portfolio,2361,2107,-2.2717889095617183,-0.14860856036040193,0.1492974863327944,-0.23221987907049252,0.16784869976359337,0.45390370113640394,1149
0.005,0.01,0.03,bitcoin,-1,-1,-1.544156627204714,-0.15180621163379981,0.15180621163379981,-0.2336279848218629,0.10047846889952153,0.47359842225227206,1149
0.005,0.01,0.03,ethereum,-1,-1,-1.2153178599319645,-0.1420598791647688,0.1505488279935818,-0.21950510875387394,0.1477832512315271,0.6574895232108114,1149
0.005,0.01,0.03,binancecoin,-1,-1,-1.6746744322174372,-0.15273915231493118,0.15273915231493118,-0.23372499836423283,0.10434782608695652,0.46377465656925226,1149
0.005,0.01,0.03,solana,-1,-1,-2.4208630451966693,-0.14973079069352802,0.15007521779107214,-0.23287692554442527,0.07772020725388601,0.33942003942586374,1149
0.005,0.01,0.05,portfolio,2378,1934,-0.7046190982567713,-0.0950454976615388,0.10847364546408067,-0.1997313905010908,0.23472099202834368,0.8547708465662576,1149
0.005,0.01,0.05,bitcoin,-1,-1,-1.1465750052692352,-0.1477009844021201,0.1511691560478059,-0.2278523617464965,0.10121457489878542,0.5803645021298328,1149
0.005,0.01,0.05,ethereum,-1,-1,-0.4724513651589468,-0.10375989914362516,0.15083599775630846,-0.15738705406310838,0.17511520737327188,0.8557988537281674,1149
0.005,0.01,0.05,binancecoin,-1,-1,0.08392229006486916,0.016386121408999088,0.13995977108703106,0.025514884541878582,0.22262118491921004,1.02078634751639,1149
0.005,0.01,0.05,solana,-1,-1,-1.2161985843957075,-0.14950220148021154,0.15280674588952742,-0.22834174472526264,0.09171597633136094,0.6233388490162652,1149
0.005,0.01,0.08,portfolio,2304,1837,-0.1231838121893407,-0.024671085335375875,0.08040527043394526,-0.06795294061782817,0.25066430469441986,0.9718431874784331,1149
0.005,0.01,0.08,bitcoin,-1,-1,-0.7812234555956241,-0.13103355301388464,0.15058883147664043,-0.20143738019154556,0.14788732394366197,0.6829827424558176,1149
0.005,0.01,0.08,ethereum,-1,-1,-0.23169494884872904,-0.06275273313648244,0.15151104377252655,-0.0931500184657699,0.1977491961414791,0.9221089090910343,1149
0.005,0.01,0.08,binancecoin,-1,-1,0.5662976051781141,0.24723890974031448,0.13276189385366213,0.3739646407714389,0.24416517055655296,1.1543240662483274,1149
0.005,0.01,0.08,solana,-1,-1,-0.5129016999759138,-0.12973142809466232,0.1507205905100661,-0.1991481570441375,0.11348684210526316,0.8412566933841218,1149
0.005,0.01,0.12,portfolio,2214,1671,0.29576820852114805,0.0631736616800882,0.08535284076904441,0.1584708084182532,0.29052258635961026,1.071111823741475,1149
0.005,0.01,0.12,bitcoin,-1,-1,-0.555228263300126,-0.10711333808866186,0.15022258711832248,-0.16337059218797298,0.16172506738544473,0.7814757620164,1149
0.005,0.01,0.12,ethereum,-1,-1,0.5434870834072417,0.22698525971698458,0.14492060790698882,0.31662849714482044,0.23454545454545456,1.1577261822561449,1149
0.005,0.01,0.12,binancecoin,-1,-1,0.42573716862313316,0.1989314836098357,0.14746130198129384,0.2752850220015103,0.2540394973070018,1.1230377489714967,1149
0.005,0.01,0.12,solana,-1,-1,-0.16275276309165204,-0.06234316436539866,0.15161449482070152,-0.09246334848057952,0.13864306784660768,0.9481610561064,1149
0.01,0.01,0.0,portfolio,1619,1024,2.1558422965553508,1.3974229879458515,0.046173962352389214,4.578245247999874,0.4433628318584071,1.6617078686536053,1149
0.01,0.01,0.0,bitcoin,-1,-1,1.6944956705953358,1.26367481320105,0.10263292242758096,1.912054399293977,0.3923145665773012,1.5892887868135726,1149
0.01,0.01,0.0,ethereum,-1,-1,0.8794251514157958,0.5077098024269366,0.1500964119814949,0.6278004840728048,0.3861538461538462,1.3831907353151927,1149
0.01,0.01,0.0,binancecoin,-1,-1,1.5336156098356326,1.4921572942105548,0.1485913097746372,1.4922543882317625,0.4032258064516129,1.4670739868848244,1149
0.01,0.01,0.0,solana,-1,-1,1.5233152983840172,2.5037268136888073,0.10398302836782979,3.0439447512577535,0.3055555555555556,1.4757153580624975,1149
0.01,0.01,0.01,portfolio,2369,2109,-3.519201210974373,-0.14960313097302347,0.15062007887472326,-0.23182353457461272,0.18,0.153468580293935,1149
0.01,0.01,0.01,bitcoin,-1,-1,-2.3741331513815123,-0.1502035374202937,0.1502035374202937,-0.23346161825718598,0.2542372881355932,0.24018178462801745,1149
0.01,0.01,0.01,ethereum,-1,-1,-2.640542595239774,-0.14900503495163953,0.15042975208463866,-0.23112751198124062,0.22580645161290322,0.2727356943397508,1149
0.01,0.01,0.01,binancecoin,-1,-1,-2.335043784583477,-0.15018888346908787,0.1515663501647745,-0.23133836457123932,0.22142857142857142,0.30961465457803156,1149
0.01,0.01,0.01,solana,-1,-1,-3.4384292838839494,-0.1496651990507032,0.15092912963970218,-0.23145120015908224,0.18181818181818182,0.19556102588115173,1149
0.01,0.01,0.02,portfolio,2361,2116,-2.33847808513574,-0.14853738488790846,0.15075348980492637,-0.2298596569014195,0.25892857142857145,0.4197136178727391,1149
0.01,0.01,0.02,bitcoin,-1,-1,-1.8512038591560185,-0.1521396621725456,0.1521396621725456,-0.2336626449761292,0.22695035460992907,0.3838129694011659,1149
0.01,0.01,0.02,ethereum,-1,-1,-1.425072585235436,-0.14701361745442776,0.1512806594786514,-0.2265558346806116,0.2463768115942029,0.6048912724641127,1149
0.01,0.01,0.02,binancecoin,-1,-1,-1.3237702518215202,-0.14850600493953747,0.1515084452296349,-0.2286627830796712,0.23118279569892472,0.583989853532349,1149
0.01,0.01,0.02,solana,-1,-1,-2.1155244311367745,-0.14848414007649446,0.1532964361597286,-0.22596028321209383,0.18562874251497005,0.4300157195664504,1149
0.01,0.01,0.03,portfolio,2389,2056,-1.4820579445698836,-0.1437937667789827,0.1472233854914222,-0.22737673984764314,0.2878464818763326,0.6421044927461314,1149
0.01,0.01,0.03,bitcoin,-1,-1,-0.9762250603121717,-0.14836639346740732,0.15082953291628934,-0.22946189702717698,0.25984251968503935,0.6974612163675139,1149
0.01,0.01,0.03,ethereum,-1,-1,-0.8453273144711939,-0.14407605055737283,0.15170494519979258,-0.22112047912841368,0.2721238938053097,0.7915657396812753,1149
0.01,0.01,0.03,binancecoin,-1,-1,-1.00910567997956,-0.14653223032429274,0.1511614426056925,-0.22594392479025363,0.2157676348547718,0.6775440264403331,1149
0.01,0.01,0.03,solana,-1,-1,-1.4656156493382289,-0.14081725419643887,0.15014248674940986,-0.21805451464105677,0.17679558011049723,0.554225624612243,1149
0.01,0.01,0.05,portfolio,2340,1705,0.2798996155179184,0.052190983368950006,0.10146658096589475,0.1105818877662557,0.3852967227635075,1.0562203553056853,1149
0.01,0.01,0.05,bitcoin,-1,-1,-0.26080854869131437,-0.05772686799416771,0.15060856301407904,-0.08602560878271052,0.3219178082191781,0.920601848837512,1149
0.01,0.01,0.05,ethereum,-1,-1,0.44218101884384525,0.16303110216223127,0.10954249213574101,0.30744869285179227,0.3318223028105168,1.0962197195822454,1149
0.01,0.01,0.05,binancecoin,-1,-1,0.5421876653586758,0.2436626452575501,0.13744411904614912,0.35641701160999223,0.33064516129032256,1.1212870026671897,1149
0.01,0.01,0.05,solana,-1,-1,-0.7053001778403187,-0.12562871547084187,0.1527456904332044,-0.18995400613423544,0.15737704918032788,0.7772556127425827,1149
0.01,0.01,0.08,portfolio,2176,1480,0.7817353108749308,0.19494797736142244,0.08444347139511851,0.47173115844221974,0.35929203539823007,1.1631635306387411,1149
0.01,0.01,0.08,bitcoin,-1,-1,1.252080009093323,0.6614443698865748,0.14291387941626837,0.8241482730359314,0.3735478105451296,1.362296614001951,1149
0.01,0.01,0.08,ethereum,-1,-1,0.7090612093230658,0.3315908603548823,0.11838317942185357,0.5475636433914868,0.357207615593835,1.1711150235202012,1149
0.01,0.01,0.08,binancecoin,-1,-1,-0.7140099457936919,-0.13199426773014522,0.1534905023659644,-0.19916179286659189,0.21888412017167383,0.7290034990561515,1149
0.01,0.01,0.08,solana,-1,-1,0.08527762535040657,0.016175302692075455,0.14697975265729973,0.023985614436601826,0.22043010752688172,1.0176697710586247,1149
0.01,0.01,0.12,portfolio,2029,1379,1.2917000363747615,0.40256464144023574,0.05961590179430356,1.2919175475146352,0.3672566371681416,1.304353247948015,1149
0.01,0.01,0.12,bitcoin,-1,-1,1.36185026942978,0.8837156758311446,0.1400311089175415,1.0639860627229507,0.3806970509383378,1.456009080898229,1149
0.01,0.01,0.12,ethereum,-1,-1,1.0449623915694561,0.6320327260868612,0.1378080351233881,0.8229716425736442,0.36627379873073435,1.2867507420169715,1149
0.01,0.01,0.12,binancecoin,-1,-1,-0.6344181651585848,-0.13184464738897228,0.15144095100071922,-0.20161519482365017,0.2236842105263158,0.7389119369539339,1149
0.01,0.01,0.12,solana,-1,-1,0.621885362357,0.3672703897968641,0.15260567060415942,0.4653527768375188,0.24119241192411925,1.1475713064747877,1149
0.015,0.01,0.0,portfolio,1308,701,2.671669574984787,2.296648016172979,0.042243593482500785,7.079067093702502,0.48053097345132745,1.8120534069664884,1149
0.015,0.01,0.0,bitcoin,-1,-1,2.031080979380192,1.748186430459417,0.07334364245643625,3.384380741729919,0.45308310991957107,1.6978430768505373,1149
0.015,0.01,0.0,ethereum,-1,-1,1.7592908627395536,1.9039797820425877,0.10518062388144925,2.5043579270442073,0.4483695652173913,1.545543075176597,1149
0.015,0.01,0.0,binancecoin,-1,-1,1.5941512510295683,1.6381185947044115,0.13036295340171922,1.8186359676019648,0.44364937388193204,1.4627373196758642,1149
0.015,0.01,0.0,solana,-1,-1,1.8331108976071058,3.9894802422006244,0.10398302836782983,4.06461265338606,0.3756708407871199,1.5452060118698945,1149
0.015,0.01,0.01,portfolio,2372,2106,-2.9440291273253725,-0.15041297944442222,0.15142895888806004,-0.23191683335801327,0.2827586206896552,0.1987308407560974,1149
0.015,0.01,0.01,bitcoin,-1,-1,-1.8710690720807062,-0.1507134283288064,0.1507134283288064,-0.23351450803233198,0.35789473684210527,0.29772684856796355,1149
0.015,0.01,0.01,ethereum,-1,-1,-2.2950028296625637,-0.1488868663011227,0.15031178126948855,-0.23111335445771294,0.26436781609195403,0.24798560593184696,1149
0.015,0.01,0.01,binancecoin,-1,-1,-1.9646286590779345,-0.15184451875129878,0.15321930181244933,-0.23153566811042842,0.32592592592592595,0.36357467442522756,1149
0.015,0.01,0.01,solana,-1,-1,-2.8890044560117185,-0.1511759780614953,0.1524376630411145,-0.23162938599970032,0.28205128205128205,0.23492929071364524,1149
0.015,0.01,0.02,portfolio,2368,2104,-1.7303763244381665,-0.14839871152015438,0.15061517736286262,-0.22984181468692153,0.314410480349345,0.5366453914398378,1149
0.015,0.01,0.02,bitcoin,-1,-1,-1.067958394584302,-0.1502290035701409,0.1502290035701409,-0.23346425892140577,0.37320574162679426,0.6713511786913543,1149
0.015,0.01,0.02,ethereum,-1,-1,-1.144498683496521,-0.1474127822917758,0.1508360282677756,-0.22788090370172723,0.33962264150943394,0.6798033164250041,1149
0.015,0.01,0.02,binancecoin,-1,-1,-1.0940831556233528,-0.14885364179165295,0.15185485628462536,-0.22871047288828766,0.31843575418994413,0.6416200144499057,1149
0.015,0.01,0.02,solana,-1,-1,-1.8437893848937947,-0.15047227710385536,0.15378528636852806,-0.2284594058033521,0.2848101265822785,0.48832301077976265,1149
0.015,0.01,0.03,portfolio,2396,2026,-1.0739037847054733,-0.12750283795430617,0.13099771159268792,-0.22497713892968565,0.3642105263157895,0.733859691680365,1149
0.015,0.01,0.03,bitcoin,-1,-1,-0.8072041940229302,-0.15075171053182335,0.15090134030628183,-0.23328692970697973,0.33797909407665505,0.761554693222574,1149
0.015,0.01,0.03,ethereum,-1,-1,-0.476987768983946,-0.10169670321889501,0.15231771348628892,-0.15262290376344703,0.34934497816593885,0.8827056147289087,1149
0.015,0.01,0.03,binancecoin,-1,-1,-0.6997402048572616,-0.11982374749110725,0.15174291849971,-0.18191607110785143,0.30603448275862066,0.7671940850600013,1149
0.015,0.01,0.03,solana,-1,-1,-1.092853294847764,-0.1438244263183388,0.15162517071698886,-0.2208258961991372,0.28421052631578947,0.6701192844797238,1149
0.015,0.01,0.05,portfolio,2233,1399,1.1167769872373234,0.30202817284272543,0.09986419898824915,0.5967304405635208,0.4424778761061947,1.2300569221198396,1149
0.015,0.01,0.05,bitcoin,-1,-1,1.239289001030929,0.6143662517007473,0.1480387628656666,0.7481655097006522,0.43917710196779963,1.3204285459106837,1149
0.015,0.01,0.05,ethereum,-1,-1,0.8517876775904459,0.3995777367751139,0.1188230295085675,0.6439439521076734,0.4003623188405797,1.182007667312345,1149
0.015,0.01,0.05,binancecoin,-1,-1,0.662184795155486,0.34533971377733175,0.1397091187918472,0.48117100757187514,0.4069767441860465,1.142155479952998,1149
0.015,0.01,0.05,solana,-1,-1,-0.3950646532947943,-0.09393504020503918,0.1502965802127868,-0.1424012627915415,0.2389937106918239,0.8814950803900188,1149
0.015,0.01,0.08,portfolio,1953,1087,1.762849754803974,0.7393671525247225,0.06687054847678396,1.9302257100050146,0.4327433628318584,1.3961057256321017,1149
0.015,0.01,0.08,bitcoin,-1,-1,1.8040805101914719,1.240835273497884,0.11972306469373227,1.6169159455338498,0.44057193923145666,1.5489881091783457,1149
0.015,0.01,0.08,ethereum,-1,-1,1.1908061857659458,0.7190761854614944,0.10957823923274079,1.1514441542866407,0.41847826086956524,1.283578883213745,1149
0.015,0.01,0.08,binancecoin,-1,-1,0.975218039314366,0.6343135988588968,0.13296225699968986,0.8555299815901795,0.40608228980322003,1.2296468815272072,1149
0.015,0.01,0.08,solana,-1,-1,0.5897031144365256,0.3556116801131899,0.14683660229794707,0.4699496622617999,0.3005366726296959,1.1206348472226655,1149
0.015,0.01,0.12,portfolio,1725,952,2.07587814138704,1.0902902130410936,0.05386625790568796,3.258342785974231,0.4504424778761062,1.5254537400969876,1149
0.015,0.01,0.12,bitcoin,-1,-1,1.7005481912985256,1.296552158069911,0.10681498110508389,1.8726662294177938,0.44235924932975873,1.5643339843259068,1149
0.015,0.01,0.12,ethereum,-1,-1,1.3819455816619066,1.0208301029977465,0.07530484224228404,2.215451068755722,0.421195652173913,1.363742375202931,1149
0.015,0.01,0.12,binancecoin,-1,-1,1.2743426766341943,1.0398493505619335,0.14742013001348173,1.1479702961300213,0.4212880143112701,1.3362979415641016,1149
0.015,0.01,0.12,solana,-1,-1,0.9928872938214305,0.8496782811585402,0.15574609767823724,0.9271838004466664,0.32036199095022627,1.2298420725559576,1149
0.02,0.01,0.0,portfolio,1150,584,2.7402879908011277,2.7032157439766276,0.04256066531787711,7.814842355477805,0.4920353982300885,1.8775608485822985,1149
0.02,0.01,0.0,bitcoin,-1,-1,2.099541981376542,1.9122141838564963,0.06180770389777505,4.274463474942591,0.4691689008042895,1.7237331643982778,1149
0.02,0.01,0.0,ethereum,-1,-1,1.6665136619364633,1.7841087422638804,0.12220754657519795,2.060291002071963,0.4687782805429864,1.4917977838405991,1149
0.02,0.01,0.0,binancecoin,-1,-1,1.8546986610031342,2.3401660177716717,0.13304579456884527,2.2758102628663863,0.4726947179946285,1.5738980055533918,1149
0.02,0.01,0.0,solana,-1,-1,2.005379861403046,5.1666456069995474,0.10398302836782983,4.715217319852384,0.41323792486583183,1.5858447166562837,1149
0.02,0.01,0.01,portfolio,2373,2105,-2.7739726105351608,-0.14957882814974144,0.15059580511399548,-0.23182073466011713,0.3333333333333333,0.2045104107584212,1149
0.02,0.01,0.01,bitcoin,-1,-1,-1.5860881917681413,-0.15038686134913726,0.15038686134913726,-0.2334806297468343,0.46774193548387094,0.4002545452095751,1149
0.02,0.01,0.01,ethereum,-1,-1,-1.9618436957458494,-0.14878588463085596,0.15021096866052258,-0.2311012552533704,0.38095238095238093,0.29839729273794496,1149
0.02,0.01,0.01,binancecoin,-1,-1,-1.642659043328614,-0.15082722833394213,0.1522036603305355,-0.231414455503393,0.42028985507246375,0.42485879944675303,1149
0.02,0.01,0.01,solana,-1,-1,-2.6680266210679906,-0.1499025129963013,0.15116609084382165,-0.2314791964129147,0.29347826086956524,0.20628128056827122,1149
0.02,0.01,0.02,portfolio,2382,2081,-1.5570845526301935,-0.14827049102049938,0.15048729058317922,-0.22982531410857918,0.36909871244635195,0.5815282066396679,1149
0.02,0.01,0.02,bitcoin,-1,-1,-0.9356776000543157,-0.15097085898300566,0.15097085898300566,-0.23354122478899694,0.42035398230088494,0.7101418240037751,1149
0.02,0.01,0.02,ethereum,-1,-1,-1.027536830730994,-0.1504965600029876,0.15359028973147376,-0.22878883875782816,0.41203703703703703,0.7111566677413884,1149
0.02,0.01,0.02,binancecoin,-1,-1,-0.9310545378950784,-0.149073768447325,0.1520742067549764,-0.22874065187920475,0.375,0.6990524374239278,1149
0.02,0.01,0.02,solana,-1,-1,-1.5754470302736674,-0.14728709280110797,0.15004460199115954,-0.22887481807435564,0.3509933774834437,0.5424082391108331,1149
0.02,0.01,0.03,portfolio,2377,1799,-0.31855521013149807,-0.048691658195219256,0.1154473938963135,-0.0943126772471967,0.4474153297682709,0.9323135171867541,1149
0.02,0.01,0.03,bitcoin,-1,-1,0.44718876683731024,0.15286754900736343,0.11982888550456883,0.26446661141865596,0.4512085944494181,1.0943162938150388,1149
0.02,0.01,0.03,ethereum,-1,-1,-0.5395263327079094,-0.10234836696279159,0.152729609489141,-0.15322910275505264,0.38661710037174724,0.8486187638185593,1149
0.02,0.01,0.03,binancecoin,-1,-1,-0.44452689634586806,-0.08702644177505303,0.15240370404713666,-0.12972633763847963,0.36681222707423583,0.8442712589685478,1149
0.02,0.01,0.03,solana,-1,-1,-0.9199877805841449,-0.14592222967648694,0.15417475932145575,-0.22054615169827846,0.35384615384615387,0.7240064783859811,1149
0.02,0.01,0.05,portfolio,2173,1184,1.379788283673896,0.49616454545605504,0.057880422773570195,1.5961766538783713,0.4539823008849557,1.2781711383346117,1149
0.02,0.01,0.05,bitcoin,-1,-1,1.422079192037854,0.7843838563825547,0.06940690821402798,1.9511086322439493,0.46422182468694095,1.3700275218846842,1149
0.02,0.01,0.05,ethereum,-1,-1,0.9706213061603076,0.5072907573290306,0.1307532475195998,0.7201648421276793,0.4407239819004525,1.2041756712240437,1149
0.02,0.01,0.05,binancecoin,-1,-1,1.0011873554921082,0.6410713542574416,0.14128545797213757,0.8122676459011668,0.4529991047448523,1.2238579700681163,1149
0.02,0.01,0.05,solana,-1,-1,0.17705305988643286,0.06574364641363206,0.14794647862908958,0.09505301040320308,0.33989266547406083,1.0309767045531415,1149
0.02,0.01,0.08,portfolio,1832,943,2.319605369777086,1.1941432047216898,0.055646555403710996,3.379949939249132,0.47079646017699117,1.5511090661192444,1149
0.02,0.01,0.08,bitcoin,-1,-1,1.9821376639775659,1.482047797335555,0.06463698885442892,3.4136391043267698,0.46291331546023234,1.602217065662518,1149
0.02,0.01,0.08,ethereum,-1,-1,1.2113478159492452,0.8017797188140907,0.11679200033046357,1.1802086734361206,0.4461538461538462,1.281129772174382,1149
0.02,0.01,0.08,binancecoin,-1,-1,1.5248304654345035,1.3072089219941274,0.14082857193930237,1.4290274754859267,0.4556848701880036,1.3851137505096487,1149
0.02,0.01,0.08,solana,-1,-1,1.206188558071092,1.0723900848630152,0.12257395845376416,1.4138363929535651,0.3613595706618962,1.2524933121051354,1149
0.02,0.01,0.12,portfolio,1580,825,2.5271551558855485,1.6698185601567825,0.05617844015857204,4.277935949792543,0.47345132743362833,1.6791976465575242,1149
0.02,0.01,0.12,bitcoin,-1,-1,1.865101342732543,1.5719193985957935,0.0809050536700505,2.8453942481571857,0.46380697050938335,1.6278191234990818,1149
0.02,0.01,0.12,ethereum,-1,-1,1.4870436493137067,1.23644028961552,0.08835074997359722,2.1852481177659135,0.4506787330316742,1.385192733223338,1149
0.02,0.01,0.12,binancecoin,-1,-1,1.682642871133807,1.7298787697876024,0.15247151936787404,1.6160022947506631,0.46503178928247046,1.4744204593030217,1149
0.02,0.01,0.12,solana,-1,-1,1.5378348664280614,1.9379754659495672,0.11668587276345485,2.2851010942432235,0.37209302325581395,1.3643601693198086,1149
0.03,0.01,0.0,portfolio,854,428,2.990098621217717,3.2703537423092834,0.04314983986280995,8.688544906799324,0.5309734513274337,1.9690629239083532,1149
0.03,0.01,0.0,bitcoin,-1,-1,2.0268431845733885,1.85530200305044,0.0751646115697545,3.4422380578124567,0.48841354723707664,1.6816175732620384,1149
0.03,0.01,0.0,ethereum,-1,-1,1.8976533907172106,2.283502379892348,0.09030470760619881,3.298912925778099,0.5058717253839206,1.5693282191084168,1149
0.03,0.01,0.0,binancecoin,-1,-1,2.1835951516041727,3.299238859308981,0.12144020714115229,3.103944398363866,0.49731663685152055,1.700354133305066,1149
0.03,0.01,0.0,solana,-1,-1,2.12947978645571,6.2769052420345846,0.13036985074338647,4.183543638767907,0.46297948260481714,1.6097893905960903,1149
0.03,0.01,0.01,portfolio,2380,2088,-2.003759356350349,-0.1516868265188125,0.15270128263121924,-0.23206357696324306,0.4784688995215311,0.4217095345771994,1149
0.03,0.01,0.01,bitcoin,-1,-1,-1.065792740691875,-0.15580044513683344,0.15580044513683344,-0.234044210397535,0.6,0.6280590843873154,1149
0.03,0.01,0.01,ethereum,-1,-1,-1.4518044318740513,-0.15110913052281194,0.15253032502508723,-0.23137943514594483,0.574468085106383,0.4904460968356523,1149
0.03,0.01,0.01,binancecoin,-1,-1,-1.1910854770482404,-0.15244040826869654,0.15381422544701906,-0.23160664348499824,0.5521472392638037,0.5590010834604812,1149
0.03,0.01,0.01,solana,-1,-1,-1.8580223130570006,-0.15082280624944433,0.1520850161807131,-0.23158774070108343,0.546875,0.40035888311846096,1149
0.03,0.01,0.02,portfolio,2317,1872,-0.4669416667632654,-0.06858649054922927,0.11881650468157844,-0.1301368384809346,0.5107142857142857,0.9018079031795868,1149
0.03,0.01,0.02,bitcoin,-1,-1,0.4969892699837335,0.16979105422435525,0.10552789722299247,0.3316035203155035,0.5174574753804835,1.1049619000674158,1149
0.03,0.01,0.02,ethereum,-1,-1,-0.8116996092115771,-0.14623847291180225,0.15332817715377384,-0.2222755760960904,0.5248868778280543,0.7584638303209891,1149
0.03,0.01,0.02,binancecoin,-1,-1,-0.6898739554497255,-0.1295678281599293,0.15647972730009727,-0.1915630804357872,0.4533333333333333,0.765270652818598,1149
0.03,0.01,0.02,solana,-1,-1,-0.9186282881351208,-0.14681822257710375,0.15311409349964716,-0.22352613869486068,0.5238095238095238,0.7165478673814099,1149
0.03,0.01,0.03,portfolio,2209,1537,0.9023818284432487,0.2043363927536419,0.09105651979960705,0.4570890815990316,0.5247787610619469,1.1836174689655645,1149
0.03,0.01,0.03,bitcoin,-1,-1,0.9772686571925389,0.4347578913849135,0.09147250940859036,0.9007376398170259,0.4915102770330652,1.2268948973018754,1149
0.03,0.01,0.03,ethereum,-1,-1,-0.37791239829823897,-0.0866007042299084,0.15034885980085194,-0.1308326574578256,0.48616600790513836,0.8870812182780816,1149
0.03,0.01,0.03,binancecoin,-1,-1,1.112026393089471,0.6727712276217752,0.14595863334120865,0.818376557682175,0.501788908765653,1.2386257467965027,1149
0.03,0.01,0.03,solana,-1,-1,-0.3216915516501688,-0.07186381466433944,0.1500354470700467,-0.10812933546591384,0.4775510204081633,0.9026153349939086,1149
0.03,0.01,0.05,portfolio,1905,1050,2.1225945115525384,0.9483392332661302,0.04767947059207259,3.3037874313981543,0.5097345132743363,1.4705723904171528,1149
0.03,0.01,0.05,bitcoin,-1,-1,1.6196114103482842,1.021225270465738,0.07575619885875062,2.2029119023702863,0.4977698483496878,1.4433612913566884,1149
0.03,0.01,0.05,ethereum,-1,-1,1.5124507080367273,1.017646957335959,0.12276942999434808,1.3556374892442475,0.4950316169828365,1.3378845218615476,1149
0.03,0.01,0.05,binancecoin,-1,-1,1.736688451002205,1.6184775618478544,0.11292333129741375,2.081561591895503,0.49552772808586765,1.4381216980494302,1149
0.03,0.01,0.05,solana,-1,-1,0.473333782529174,0.25591878322677175,0.15510708088361708,0.33039119602493916,0.42703232125367285,1.0862442024878511,1149
0.03,0.01,0.08,portfolio,1553,776,2.7712878455732977,1.7272624372067718,0.04902372194750405,5.020676252750037,0.5132743362831859,1.695955726265632,1149
0.03,0.01,0.08,bitcoin,-1,-1,1.9558481687037046,1.5771494825223709,0.07650762917614316,3.016104540568719,0.48841354723707664,1.6061424998024563,1149
0.03,0.01,0.08,ethereum,-1,-1,1.6667809922852082,1.3675816556543223,0.07993971370703051,2.602867606529935,0.49232158988256547,1.409491652499344,1149
0.03,0.01,0.08,binancecoin,-1,-1,2.026466638671571,2.203790837678934,0.1082159175835861,2.688425621973045,0.4937388193202147,1.5455650455716732,1149
0.03,0.01,0.08,solana,-1,-1,1.4459836266699255,1.586976550357205,0.1451959561550939,1.5963445007686334,0.43710972346119537,1.2968458428952474,1149
0.03,0.01,0.12,portfolio,1335,771,2.8705672721783704,2.018153744248345,0.03615482262359909,7.582413344091128,0.5194690265486726,1.8320565408297558,1149
0.03,0.01,0.12,bitcoin,-1,-1,1.7993044155355633,1.359298062719728,0.07406181606266177,2.796909629057087,0.4857397504456328,1.5443542553329777,1149
0.03,0.01,0.12,ethereum,-1,-1,1.8996260871051975,1.9046125468024857,0.0705538382767262,3.734315634167875,0.4950316169828365,1.5121371459805502,1149
0.03,0.01,0.12,binancecoin,-1,-1,2.118534102168312,2.944747678618817,0.12882478346973267,2.7261831574545883,0.49552772808586765,1.6472763193350701,1149
0.03,0.01,0.12,solana,-1,-1,1.6338798465234834,1.8003584294992199,0.15235068222872777,1.6631488452960246,0.4560117302052786,1.5018663467387598,1149
0.05,0.01,0.0,portfolio,591,244,3.005948903693577,3.372170462713676,0.0443281889526759,8.618286324851137,0.536283185840708,1.9590135642220623,1149
0.05,0.01,0.0,bitcoin,-1,-1,2.051134851980863,1.9257637470829132,0.06743412194155615,3.9369157465176783,0.4951024042742654,1.6924928219213147,1149
0.05,0.01,0.0,ethereum,-1,-1,1.754222428920789,2.0557369099615483,0.1152110205119055,2.409524570480867,0.5148782687105501,1.5095300480776803,1149
0.05,0.01,0.0,binancecoin,-1,-1,2.0438448419727595,2.976003832329698,0.11602260398690765,3.0471719617712907,0.5071556350626119,1.6334992255756735,1149
0.05,0.01,0.0,solana,-1,-1,2.3330885754625936,8.034984884497673,0.12019931011116201,5.162447580075559,0.4915254237288136,1.6655095676183334,1149
0.05,0.01,0.01,portfolio,2255,1765,-0.46566979979618256,-0.06815297428591449,0.11029264296174748,-0.13928327306985855,0.620903454384411,0.9063007913165735,1149
0.05,0.01,0.01,bitcoin,-1,-1,0.03229424748966207,0.00020238218152779375,0.1357576708191745,0.0003269294932586418,0.6116071428571429,1.006925042561461,1149
0.05,0.01,0.01,ethereum,-1,-1,-0.8416292176423996,-0.14420563892061322,0.152766251961865,-0.21979438096126977,0.7258687258687259,0.7196384447931032,1149
0.05,0.01,0.01,binancecoin,-1,-1,0.13186223803153568,0.030906211087904145,0.15043090338773166,0.044525960673163424,0.6524973432518597,1.0298169858290147,1149
0.05,0.01,0.01,solana,-1,-1,-1.2299470880461922,-0.15921267180165266,0.16046241110641385,-0.23257600656159666,0.7212121212121212,0.5299044982236828,1149
0.05,0.01,0.02,portfolio,2051,1455,0.9649528984406828,0.2153784784651087,0.06950920175563227,0.6288095347513593,0.5769911504424778,1.1996373850030047,1149
0.05,0.01,0.02,bitcoin,-1,-1,1.297148311740932,0.5445108512817052,0.06638185482520371,1.5069381233999157,0.5436720142602496,1.301307573844425,1149
0.05,0.01,0.02,ethereum,-1,-1,-0.17594312009886065,-0.06078688967560553,0.1507097634809013,-0.09063846267822527,0.5503759398496241,0.9581624585533851,1149
0.05,0.01,0.02,binancecoin,-1,-1,1.1608680357530947,0.6654515859658883,0.13419056235220572,0.8821257693821442,0.55863921217547,1.2505594135746396,1149
0.05,0.01,0.02,solana,-1,-1,-0.5623289854284192,-0.12649236485686,0.15108541853065777,-0.19343417449954564,0.6333333333333333,0.8196744613663398,1149
0.05,0.01,0.03,portfolio,1914,1068,1.8175082547285117,0.6693169306557913,0.04903345106959773,2.425725950553056,0.5584070796460177,1.3682027848759268,1149
0.05,0.01,0.03,bitcoin,-1,-1,1.578211247172603,0.838468774538293,0.06269515470590237,2.278973122186366,0.5151515151515151,1.3966839271616962,1149
0.05,0.01,0.03,ethereum,-1,-1,1.1556359244695424,0.6506191041257967,0.10497126443992587,1.1067870304687555,0.5262206148282098,1.2416420801502184,1149
0.05,0.01,0.03,binancecoin,-1,-1,1.4983682201283282,1.1042875342874114,0.1153042698766468,1.5371213934100627,0.5277280858676208,1.3411077545450734,1149
0.05,0.01,0.03,solana,-1,-1,0.3136252783721962,0.14240185774591563,0.1616810092234224,0.18325798247312422,0.5451745379876797,1.0556157837840445,1149
0.05,0.01,0.05,portfolio,1589,835,2.6801783373010943,1.463399401460748,0.03538349784254252,6.178869357106313,0.5469026548672566,1.6304826086681998,1149
0.05,0.01,0.05,bitcoin,-1,-1,1.8493627473795764,1.2726721474094012,0.06064538964078559,3.253024047099255,0.5066785396260017,1.5236081230725813,1149
0.05,0.01,0.05,ethereum,-1,-1,1.8171387105156662,1.5209445098226277,0.07040369875408273,3.193260158848973,0.5193868349864743,1.4338394776341385,1149
0.05,0.01,0.05,binancecoin,-1,-1,1.9406773554208685,2.055801209252829,0.14182133709434933,1.957460608405023,0.518783542039356,1.5058592783227265,1149
0.05,0.01,0.05,solana,-1,-1,1.1307021376629691,0.9360683836866088,0.16087762871047373,0.9691838183981615,0.49217221135029354,1.2230138851323646,1149
0.05,0.01,0.08,portfolio,1258,572,3.0669795606714594,2.2908650996072066,0.03854823372408694,7.744715667411689,0.5433628318584071,1.7987168039203156,1149
0.05,0.01,0.08,bitcoin,-1,-1,2.091585629423511,1.814133077223064,0.06743412194155587,3.777485843675663,0.5004452359750667,1.6622753622576565,1149
0.05,0.01,0.08,ethereum,-1,-1,1.7927450790445407,1.6856596035561395,0.09970732045876035,2.4264828308982422,0.5103697024346258,1.4527632706777835,1149
0.05,0.01,0.08,binancecoin,-1,-1,2.070227379543136,2.509292242358015,0.10966031680212257,2.8905347234660725,0.5098389982110912,1.573255539436417,1149
0.05,0.01,0.08,solana,-1,-1,1.9134102405208446,2.997789393661483,0.12019931011116296,2.954791769564623,0.49063336306868865,1.4134982731729986,1149
0.05,0.01,0.12,portfolio,958,431,3.1235524112828976,2.7526314963663925,0.038175176485373295,8.814229549157325,0.5398230088495575,1.8836658871894363,1149
0.05,0.01,0.12,bitcoin,-1,-1,1.930144328451633,1.5234281290865423,0.06695121678277956,3.361878788541327,0.4959928762243989,1.590086846111686,1149
0.05,0.01,0.12,ethereum,-1,-1,1.8586183365237963,2.024270130822371,0.08979587672475048,3.059234772802197,0.5103697024346258,1.5075077873218106,1149
0.05,0.01,0.12,binancecoin,-1,-1,2.057113859472942,2.8026218729946,0.12657147856445677,2.689147612716408,0.5080500894454383,1.6057539964321834,1149
0.05,0.01,0.12,solana,-1,-1,2.243736841528075,5.103201116703627,0.12560797744090973,3.8765547168080134,0.4870651204281891,1.536224312306957,1149
0.07,0.01,0.0,portfolio,388,143,2.98551394882897,3.3150352582308624,0.04550653804254165,8.307633820078813,0.5460176991150443,1.940541214522228,1149
0.07,0.01,0.0,bitcoin,-1,-1,1.9614958111903262,1.8262734365029774,0.06283918843080372,4.072564235859027,0.5026690391459074,1.6538592350606673,1149
0.07,0.01,0.0,ethereum,-1,-1,1.7376911939212702,2.0538098711226036,0.11977356957319701,2.316262562961376,0.5234234234234234,1.5016871352177554,1149
0.07,0.01,0.0,binancecoin,-1,-1,2.049621137564852,3.0446484716700093,0.11354593831191011,3.1584735836900646,0.5098389982110912,1.634753272316664,1149
0.07,0.01,0.0,solana,-1,-1,2.2838385815565103,7.690463683703488,0.14929539586371043,4.064181441259974,0.505338078291815,1.6432252676253174,1149
0.07,0.01,0.01,portfolio,2094,1636,0.41597307620578755,0.07287882558923231,0.07285657599483374,0.21340409707185418,0.6451327433628319,1.0904020762819526,1149
0.07,0.01,0.01,bitcoin,-1,-1,0.8875675812114074,0.2909921068702599,0.0819464467801916,0.7030896484268432,0.622439893143366,1.215760801951085,1149
0.07,0.01,0.01,ethereum,-1,-1,-0.3668163673642054,-0.09546282764194214,0.15714138582460438,-0.13850304842503453,0.6927083333333334,0.896315886293574,1149
0.07,0.01,0.01,binancecoin,-1,-1,0.7380257251347199,0.29936909466781914,0.10625010780269363,0.5563949769414993,0.6705461056401074,1.1691134972085937,1149
0.07,0.01,0.01,solana,-1,-1,-0.8277110129156283,-0.14636993391683695,0.15395467213735006,-0.22158295174966153,0.7953216374269005,0.6081503157160553,1149
0.07,0.01,0.02,portfolio,1844,1355,1.625402482100206,0.41668514853623395,0.07439397134814811,1.067124717612666,0.6026548672566372,1.368754891963213,1149
0.07,0.01,0.02,bitcoin,-1,-1,1.619775235906439,0.7721832615701754,0.07501144569331382,1.7825704581145072,0.5503116651825467,1.4007715278554012,1149
0.07,0.01,0.02,ethereum,-1,-1,0.32329122174154784,0.09533381544364272,0.1511390638831131,0.13346622765517402,0.5742128935532234,1.084610758836848,1149
0.07,0.01,0.02,binancecoin,-1,-1,1.5850969270947284,1.0673398980636577,0.10811497841847888,1.5971130458110698,0.5693822739480752,1.3658423362944025,1149
0.07,0.01,0.02,solana,-1,-1,-0.10919605276855612,-0.03136456224075823,0.15357610830791146,-0.04535036134843405,0.7228260869565217,0.952393969720705,1149
0.07,0.01,0.03,portfolio,1630,898,2.2918071854102173,0.9586782221708312,0.05042470259338188,3.1505833333642372,0.5867256637168141,1.4986273291294054,1149
0.07,0.01,0.03,bitcoin,-1,-1,1.6195676714854292,0.9047075896372085,0.06557654874087393,2.314657504252485,0.5186832740213523,1.415000099834787,1149
0.07,0.01,0.03,ethereum,-1,-1,1.408860173272599,0.8992275461212524,0.1183201330544747,1.276702788581355,0.5419296663660956,1.3102499336890878,1149
0.07,0.01,0.03,binancecoin,-1,-1,1.8660247303990247,1.6333721289809575,0.07597276578192073,3.1141983316957225,0.5322003577817531,1.452937909981023,1149
0.07,0.01,0.03,solana,-1,-1,0.7246302825263704,0.442012286187234,0.16695518561690986,0.5006772621674269,0.5698602794411177,1.138193347276491,1149
0.07,0.01,0.05,portfolio,1298,689,2.8986848331436352,1.7284418356568465,0.0382621039384306,6.435882521842769,0.5672566371681416,1.7073495016384526,1149
0.07,0.01,0.05,bitcoin,-1,-1,1.8083897263959752,1.2705156079298878,0.06793460284617399,2.9003135283342005,0.5124555160142349,1.5195182499620485,1149
0.07,0.01,0.05,ethereum,-1,-1,1.7925185501293914,1.5450670560007658,0.09020422646196546,2.5207049980195926,0.5297297297297298,1.43364005444847,1149
0.07,0.01,0.05,binancecoin,-1,-1,2.0699923008595804,2.408349434687083,0.08195826630184663,3.7650100690504784,0.5268336314847942,1.5550500737311757,1149
0.07,0.01,0.05,solana,-1,-1,1.541080046346815,1.5770690291953322,0.1556902958596016,1.4820871120401455,0.5233830845771145,1.3260743541593378,1149
0.07,0.01,0.08,portfolio,970,426,3.1701253612526776,2.4752931778995717,0.036657429608468975,8.57037540760288,0.5610619469026549,1.8385342556442956,1149
0.07,0.01,0.08,bitcoin,-1,-1,2.062270460726469,1.808950414870219,0.06283918843080398,4.04563265648319,0.5080071174377224,1.6546223407903278,1149
0.07,0.01,0.08,ethereum,-1,-1,1.8178500232263517,1.7590832485576327,0.10746955781248653,2.319788327059705,0.5252252252252252,1.4640861094751585,1149
0.07,0.01,0.08,binancecoin,-1,-1,1.9761155030646695,2.4614318637752137,0.11136621078282068,2.8106958420977692,0.5080500894454383,1.5497940938587,1149
0.07,0.01,0.08,solana,-1,-1,2.1479013695438933,3.8876004048497013,0.13400461423755236,3.10607415198666,0.5213523131672598,1.480972575657587,1149
0.07,0.01,0.12,portfolio,715,307,3.2441327363929218,2.982048615064432,0.039424018525041016,8.979091749003306,0.5530973451327433,1.9315560605129112,1149
0.07,0.01,0.12,bitcoin,-1,-1,1.8603483743012137,1.485425868722078,0.0634433770440961,3.4836026792374986,0.5026690391459074,1.570074869693947,1149
0.07,0.01,0.12,ethereum,-1,-1,1.9862123485684768,2.2940292891162124,0.09739172065446873,3.0682160719895575,0.5234234234234234,1.551145036044049,1149
0.07,0.01,0.12,binancecoin,-1,-1,2.0935684612395367,2.999383731250656,0.132030969295078,2.690902345745892,0.5116279069767442,1.622845319665429,1149
0.07,0.01,0.12,solana,-1,-1,2.3662762525073684,5.832425777237165,0.1476874014165014,3.549340585381809,0.5080071174377224,1.5784337954631622,1149
0.1,0.01,0.0,portfolio,231,80,2.992320636121079,3.3620915404480165,0.04727406167734054,8.06644576276302,0.5504424778761062,1.9486277809876675,1149
0.1,0.01,0.0,bitcoin,-1,-1,2.0188395959804115,1.9136570016908352,0.0666325759589867,3.9670102724871605,0.5062277580071174,1.6796505810191915,1149
0.1,0.01,0.0,ethereum,-1,-1,1.639013513405249,1.892070678713297,0.14141262418017322,1.8546559196506691,0.5261261261261261,1.468241292121114,1149
0.1,0.01,0.0,binancecoin,-1,-1,2.071684725781694,3.1525742765284015,0.10682595769146312,3.4308272934235915,0.5161001788908766,1.6495474669882084,1149
0.1,0.01,0.0,solana,-1,-1,2.29878896070672,8.024221090332633,0.1378649794880126,4.497871908621158,0.512,1.6469715566681187,1149
0.1,0.01,0.01,portfolio,1969,1587,0.7858349567007248,0.15664158172617282,0.08171316114917769,0.3968824355121718,0.6610619469026549,1.190542195517577,1149
0.1,0.01,0.01,bitcoin,-1,-1,1.295598522445616,0.46475387274219493,0.07721478945517263,1.1308169036951512,0.6131907308377896,1.3295075757159427,1149
0.1,0.01,0.01,ethereum,-1,-1,-0.31023270055844476,-0.09103539582039966,0.15109877973216482,-0.1371051199653161,0.7121212121212122,0.8954016251826489,1149
0.1,0.01,0.01,binancecoin,-1,-1,1.14618430187036,0.5366147502461236,0.11656806272551547,0.8475517632975158,0.6744186046511628,1.2820344396185603,1149
0.1,0.01,0.01,solana,-1,-1,-0.7195740098132519,-0.14655427940320853,0.16766166005152763,-0.20374057037816676,0.8047337278106509,0.6147912401575651,1149
0.1,0.01,0.02,portfolio,1682,1283,1.59800495580841,0.4327604951048982,0.07469944072456149,1.0985633530413672,0.6079646017699115,1.381948944086645,1149
0.1,0.01,0.02,bitcoin,-1,-1,1.7960741173227006,0.8944974555793368,0.07128160850462549,2.1103661276153973,0.5476402493321461,1.4566983153252087,1149
0.1,0.01,0.02,ethereum,-1,-1,0.23552351089880877,0.0724053814522676,0.15101428769194483,0.10230546697851514,0.5829383886255924,1.067460615800224,1149
0.1,0.01,0.02,binancecoin,-1,-1,1.5043276859111376,1.0221899862823376,0.1266490885135156,1.3186542533438381,0.5724508050089445,1.3542623163796854,1149
0.1,0.01,0.02,solana,-1,-1,-0.026603430047313942,-0.012538201104015045,0.16092881779676535,-0.017171890951750857,0.7368421052631579,0.9866162209786887,1149
0.1,0.01,0.03,portfolio,1362,768,2.369269494784071,1.0716293976903764,0.058804712881519276,2.9454281209005475,0.5938053097345133,1.5444215122552223,1149
0.1,0.01,0.03,bitcoin,-1,-1,1.9341151582076228,1.1738992573117364,0.06262019429908834,2.965013776652693,0.5231316725978647,1.5202417422463275,1149
0.1,0.01,0.03,ethereum,-1,-1,1.2107141749652948,0.7990602274951093,0.14610889612053235,0.9408191783186708,0.5459459459459459,1.2761644607629312,1149
0.1,0.01,0.03,binancecoin,-1,-1,1.673496789114201,1.3934838962579823,0.10676451923414869,1.9759271253551702,0.537567084078712,1.4082298590793223,1149
0.1,0.01,0.03,solana,-1,-1,1.1005928266702436,0.8278272588435462,0.15044366029999903,0.9400622963676221,0.5850746268656717,1.2260471890375122,1149
0.1,0.01,0.05,portfolio,1056,591,2.871318350476754,1.826905613919191,0.04743892097935322,5.395954057690005,0.5734513274336284,1.7289794213380967,1149
0.1,0.01,0.05,bitcoin,-1,-1,2.0118787206171156,1.520014390823048,0.06324087538679388,3.5533695324057692,0.5142348754448398,1.6011125198705045,1149
0.1,0.01,0.05,ethereum,-1,-1,1.546010026173701,1.317751043112482,0.11252163713498374,1.7992055774302755,0.5342342342342342,1.3777134131828677,1149
0.1,0.01,0.05,binancecoin,-1,-1,1.995509642072885,2.315862808538536,0.10557911218985011,2.8481209226776234,0.5313059033989267,1.5420751724306034,1149
0.1,0.01,0.05,solana,-1,-1,1.6985619970716823,2.0046934694117566,0.15592741098769247,1.7501244148491508,0.5387673956262425,1.3768451368431605,1149
0.1,0.01,0.08,portfolio,724,320,3.1365884537902713,2.582717400454457,0.04261275564667474,7.579224413774969,0.5628318584070796,1.8434169394475461,1149
0.1,0.01,0.08,bitcoin,-1,-1,2.08395946049901,1.849517871475359,0.06663257595898682,3.8746033277225993,0.5106761565836299,1.6689993014045506,1149
0.1,0.01,0.08,ethereum,-1,-1,1.7003453636639803,1.6149940979324393,0.12924269957122134,1.8159348905657142,0.5288288288288289,1.434063663167896,1149
0.1,0.01,0.08,binancecoin,-1,-1,1.965104209802986,2.465083261723148,0.10922935326497811,2.8684615231033246,0.5178890876565295,1.5551429034968285,1149
0.1,0.01,0.08,solana,-1,-1,2.263362631869195,4.7200880207199045,0.12232525353788298,3.8089767863640924,0.5315555555555556,1.5255769817736613,1149
0.1,0.01,0.12,portfolio,519,226,3.158429811638687,3.0068836070326475,0.04386875161357557,8.111455875278907,0.5557522123893806,1.9136835491466053,1149
0.1,0.01,0.12,bitcoin,-1,-1,1.9241204503479081,1.5638276623487437,0.06723431897113843,3.4113063076280166,0.5071174377224199,1.5941312293933454,1149
0.1,0.01,0.12,ethereum,-1,-1,1.8116100001812778,2.038635226260519,0.11941001077409448,2.311633273567812,0.527027027027027,1.4970994188277287,1149
0.1,0.01,0.12,binancecoin,-1,-1,2.0460373584777907,2.964087913250352,0.11780176178703851,2.9935894021613394,0.5178890876565295,1.6175621570019059,1149
0.1,0.01,0.12,solana,-1,-1,2.3975181781525925,6.400494079186304,0.13491728670441577,4.08492240408186,0.5191111111111111,1.5970201103605683,1149
0.0,0.015,0.0,portfolio,0,0,3.0165727418530977,3.4722607758533712,0.04947161880902078,7.861291178968727,0.5504424778761062,1.9853553448898131,1149
0.0,0.015,0.0,bitcoin,-1,-1,1.9631430881428822,1.9032151653634517,0.06969701606580318,3.778310438646186,0.504014272970562,1.6669076769462772,1149
0.0,0.015,0.0,ethereum,-1,-1,1.773827375350306,2.1850682654703815,0.09445889402349396,3.0624124154004724,0.5262206148282098,1.516437989151561,1149
0.0,0.015,0.0,binancecoin,-1,-1,2.02279332303027,3.042390380364651,0.10665744328273226,3.360904233709652,0.5161290322580645,1.6328064472240083,1149
0.0,0.015,0.0,solana,-1,-1,2.348699428007016,8.340388964780134,0.12391946835486027,5.1031618369565175,0.5173642030276047,1.6788302106689754,1149
0.0,0.015,0.01,portfolio,2213,1747,1.6722692682772407,0.337913068277941,0.05197806236522834,1.2684020728174816,0.7265486725663717,1.3774280486816537,1149
0.0,0.015,0.01,bitcoin,-1,-1,0.7065001690030434,0.18719304030103978,0.08677124198735685,0.44197604943389857,0.6702508960573477,1.1672890614060305,1149
0.0,0.015,0.01,ethereum,-1,-1,-0.06863475384274528,-0.020472660974284684,0.15622721210504886,-0.028973258673202357,0.7265745007680492,0.9804486759296678,1149
0.0,0.015,0.01,binancecoin,-1,-1,1.9153566937954702,0.7781889138069553,0.07788781245201246,1.7275450070245963,0.7351885098743267,1.4746631591639423,1149
0.0,0.015,0.01,solana,-1,-1,1.3094532448103144,0.5170366109622118,0.06884322767269233,1.3902836241685177,0.8348294434470377,1.3275370240125035,1149
0.0,0.015,0.02,portfolio,2080,1396,2.323607378731932,0.7688535788648692,0.03219107711954804,4.139211322573981,0.6584070796460177,1.5213764130914802,1149
0.0,0.015,0.02,bitcoin,-1,-1,1.3736086457854224,0.5828202720707703,0.08142655312199464,1.3013000608446286,0.5661896243291592,1.3286132891284201,1149
0.0,0.015,0.02,ethereum,-1,-1,0.21909114591127035,0.06471981598784993,0.1502345974888221,0.09218262315890224,0.6172839506172839,1.0649931331966724,1149
0.0,0.015,0.02,binancecoin,-1,-1,1.8938663176441266,1.2909057829217643,0.07196260170142753,2.7706209880823747,0.5969479353680431,1.450306481823968,1149
0.0,0.015,0.02,solana,-1,-1,1.9188084709958237,1.420002627318187,0.1131381580269762,1.8905104735315739,0.7100538599640933,1.4078208177861384,1149
0.0,0.015,0.03,portfolio,1896,1005,2.6345677674877934,1.1397123413908115,0.031277730528605274,5.8046075293166215,0.5991150442477876,1.5998973388666928,1149
0.0,0.015,0.03,bitcoin,-1,-1,1.569435454272845,0.8306805010282057,0.0681216271379597,2.0818198342208385,0.5317247542448614,1.399449264081571,1149
0.0,0.015,0.03,ethereum,-1,-1,1.2290865479535047,0.7726157154916826,0.11855585389270007,1.128361465585421,0.5593834995466909,1.280193977904149,1149
0.0,0.015,0.03,binancecoin,-1,-1,1.8357863641798517,1.5151974553910281,0.07404185381179659,3.0280762960621512,0.5564516129032258,1.4462373430672966,1149
0.0,0.015,0.03,solana,-1,-1,1.7379552293713292,1.4048958743715678,0.1550353861923013,1.3688672991027708,0.624,1.3688253632118654,1149
0.0,0.015,0.05,portfolio,1471,686,3.1564757125629352,2.056200738766086,0.03322325887354067,8.356986155704147,0.5752212389380531,1.8030604732625752,1149
0.0,0.015,0.05,bitcoin,-1,-1,1.8582015620810755,1.3149908639819308,0.06807088164444537,2.9694833143043375,0.5241071428571429,1.5380571928978188,1149
0.0,0.015,0.05,ethereum,-1,-1,1.7333118765048947,1.5487047971951986,0.08814303894479047,2.584013373389047,0.5452079566003617,1.435449250496584,1149
0.0,0.015,0.05,binancecoin,-1,-1,1.96437421768317,2.118121019002586,0.0936956828445155,3.023397066029149,0.5286738351254481,1.5190511960111677,1149
0.0,0.015,0.05,solana,-1,-1,2.224443173833765,3.325248929485859,0.14543071216207165,2.604445649097117,0.5481283422459893,1.4819411117852006,1149
0.0,0.015,0.08,portfolio,874,384,3.1672532730178773,2.6733612986491493,0.050648440054575486,6.520264804840551,0.5601769911504425,1.8821103038673497,1149
0.0,0.015,0.08,bitcoin,-1,-1,2.010551481639931,1.7279921847743345,0.06969830207514825,3.532444130770181,0.5138269402319358,1.6333003453651094,1149
0.0,0.015,0.08,ethereum,-1,-1,1.746322411380915,1.7860147972191114,0.09457445977210484,2.664260690793613,0.527124773960217,1.4617700716155921,1149
0.0,0.015,0.08,binancecoin,-1,-1,2.0887143902710714,2.6248469996232258,0.10298516166484213,3.169078484684862,0.5241935483870968,1.5858900641747657,1149
0.0,0.015,0.08,solana,-1,-1,2.301695219489964,4.92732246516973,0.12877133258749457,3.707508874560398,0.5431878895814782,1.5553707846152212,1149
0.0,0.015,0.12,portfolio,477,211,3.205891302821778,3.3452673704741622,0.049270546789294226,7.71583522003753,0.5592920353982301,1.9897101110558424,1149
0.0,0.015,0.12,bitcoin,-1,-1,1.8907741208327296,1.7944820767646124,0.07329779289965639,3.4490062312674126,0.5057983942908117,1.642022353749847,1149
0.0,0.015,0.12,ethereum,-1,-1,1.8468505333579166,2.2171101632869243,0.09422250608096491,3.1001681014951976,0.5262206148282098,1.520491502615632,1149
0.0,0.015,0.12,binancecoin,-1,-1,2.10180179897635,3.2074332470621956,0.11170283834943294,3.316303153065298,0.5206093189964157,1.6529207314025411,1149
0.0,0.015,0.12,solana,-1,-1,2.4804247017406884,7.2975475207470435,0.1205983641715231,4.896765431349338,0.5262689225289403,1.6468429303230572,1149
0.005,0.015,0.0,portfolio,2058,1576,0.860671429762,0.3255592164484298,0.05014425849684922,1.2715833334317124,0.34189548272807796,1.285748813572566,1149
0.005,0.015,0.0,bitcoin,-1,-1,-0.1850380885786429,-0.05929624869852268,0.15143384938810445,-0.08793925830337392,0.2033898305084746,0.9265720281416141,1149
0.005,0.015,0.0,ethereum,-1,-1,0.18614662326454073,0.06136265708077593,0.15036291832477838,0.0874353738257054,0.2364217252396166,1.0849991884801764,1149
0.005,0.015,0.0,binancecoin,-1,-1,1.1220619328203914,0.8716056497534503,0.14340433930464203,1.0276329404790299,0.30251346499102333,1.3674003698923933,1149
0.005,0.015,0.0,solana,-1,-1,0.6774355299095087,0.5396006284382338,0.1503552390592729,0.6602057405204426,0.19736842105263158,1.3185183902910131,1149
0.005,0.015,0.01,portfolio,2349,2128,-4.49680956379474,-0.15034099308022508,0.15034099308022508,-0.2334758725584044,0.1092896174863388,0.11018846236222868,1149
0.005,0.015,0.01,bitcoin,-1,-1,-3.4635178977526344,-0.15058366882676955,0.15058366882676955,-0.23350104487070125,0.08275862068965517,0.12346529801587199,1149
0.005,0.015,0.01,ethereum,-1,-1,-3.230719944332712,-0.14902004317741302,0.15077135276085102,-0.23062861214022523,0.12921348314606743,0.2631347207593608,1149
0.005,0.015,0.01,binancecoin,-1,-1,-3.2106020075670494,-0.15105370754643566,0.15105370754643566,-0.23354982501870733,0.10191082802547771,0.19124514485893787,1149
0.005,0.015,0.01,solana,-1,-1,-4.251158924628035,-0.15103388991227396,0.15103388991227396,-0.23354776772784572,0.08771929824561403,0.14177061994065998,1149
0.005,0.015,0.02,portfolio,2356,2122,-3.0574131887516787,-0.1489824742867084,0.14925071387711675,-0.2329157511773607,0.13360323886639677,0.3150848772631403,1149
0.005,0.015,0.02,bitcoin,-1,-1,-2.0422744000903768,-0.1496172274080405,0.1505730277347895,-0.23191927665448875,0.1,0.3977219287198374,1149
0.005,0.015,0.02,ethereum,-1,-1,-1.9977433929040105,-0.14569963558398613,0.15081507078039127,-0.2250931443157403,0.11304347826086956,0.4709974703329003,1149
0.005,0.015,0.02,binancecoin,-1,-1,-2.129734473497564,-0.15063568765383284,0.15063568765383284,-0.2335064417815009,0.0893854748603352,0.3570993679615012,1149
0.005,0.015,0.02,solana,-1,-1,-3.093022455574129,-0.15088948993105233,0.15088948993105233,-0.23353277909597733,0.08152173913043478,0.2651307085481248,1149
0.005,0.015,0.03,portfolio,2364,2105,-2.2717889095617183,-0.14860856036040193,0.1492974863327944,-0.23221987907049252,0.16784869976359337,0.45390370113640394,1149
0.005,0.015,0.03,bitcoin,-1,-1,-1.544156627204714,-0.15180621163379981,0.15180621163379981,-0.2336279848218629,0.10047846889952153,0.47359842225227206,1149
0.005,0.015,0.03,ethereum,-1,-1,-1.2153178599319645,-0.1420598791647688,0.1505488279935818,-0.21950510875387394,0.1477832512315271,0.6574895232108114,1149
0.005,0.015,0.03,binancecoin,-1,-1,-1.6746744322174372,-0.15273915231493118,0.15273915231493118,-0.23372499836423283,0.10434782608695652,0.46377465656925226,1149
0.005,0.015,0.03,solana,-1,-1,-2.4208630451966693,-0.14973079069352802,0.15007521779107214,-0.23287692554442527,0.07772020725388601,0.33942003942586374,1149
0.005,0.015,0.05,portfolio,2365,1903,-0.5317633640181725,-0.0803142346089577,0.11555496913699614,-0.15745506217818211,0.26395039858281666,0.8945295648928494,1149
0.005,0.015,0.05,bitcoin,-1,-1,-1.1465750052692352,-0.1477009844021201,0.1511691560478059,-0.2278523617464965,0.10121457489878542,0.5803645021298328,1149
0.005,0.015,0.05,ethereum,-1,-1,-0.08631836363093814,-0.03483438611142331,0.13568060865662532,-0.05708996087964328,0.1980018165304269,0.9794598668320624,1149
0.005,0.015,0.05,binancecoin,-1,-1,0.05103241147439424,0.0041206404327291946,0.14580181962422067,0.006188492819647868,0.22351885098743268,1.0125935735618652,1149
0.005,0.015,0.05,solana,-1,-1,-1.2161985843957075,-0.14950220148021154,0.15280674588952742,-0.22834174472526264,0.09171597633136094,0.6233388490162652,1149
0.005,0.015,0.08,portfolio,2293,1828,-0.14180937940535993,-0.028001166819627388,0.08977008371044166,-0.06917125634111371,0.254207263064659,0.9677427357100332,1149
0.005,0.015,0.08,bitcoin,-1,-1,-0.7812234555956241,-0.13103355301388464,0.15058883147664043,-0.20143738019154556,0.14788732394366197,0.6829827424558176,1149
0.005,0.015,0.08,ethereum,-1,-1,-0.22039996529725447,-0.06112535385935369,0.15003777903966894,-0.09156406760115111,0.203125,0.9273785398732471,1149
0.005,0.015,0.08,binancecoin,-1,-1,0.5218716781919925,0.22734835773081197,0.13276189385366213,0.3461374818777866,0.24416517055655296,1.1433008357201,1149
0.005,0.015,0.08,solana,-1,-1,-0.5129016999759138,-0.12973142809466232,0.1507205905100661,-0.1991481570441375,0.11348684210526316,0.8412566933841218,1149
0.005,0.015,0.12,portfolio,2201,1665,0.31887287140722387,0.06878634302049846,0.08535284076904441,0.1721913265764655,0.295837023914969,1.0767614574376232,1149
0.005,0.015,0.12,bitcoin,-1,-1,-0.555228263300126,-0.10711333808866186,0.15022258711832248,-0.16337059218797298,0.16172506738544473,0.7814757620164,1149
0.005,0.015,0.12,ethereum,-1,-1,0.6615292645106817,0.2897351385111675,0.11415014531014606,0.502756856815563,0.24159854677565848,1.193947757548564,1149
0.005,0.015,0.12,binancecoin,-1,-1,0.3655734281882698,0.16458377722497763,0.14746130198129384,0.23044146617059655,0.25314183123877915,1.1048080841914374,1149
0.005,0.015,0.12,solana,-1,-1,-0.16275276309165204,-0.06234316436539866,0.15161449482070152,-0.09246334848057952,0.13864306784660768,0.9481610561064,1149
0.01,0.015,0.0,portfolio,1492,896,2.314189866962858,1.707198703486481,0.046173962352389214,5.28687181148232,0.4407079646017699,1.7068930260983781,1149
0.01,0.015,0.0,bitcoin,-1,-1,1.6752064876733048,1.2936885587824118,0.1021635478408462,1.954713548051034,0.3914209115281501,1.5876395345518703,1149
0.01,0.015,0.0,ethereum,-1,-1,1.5586909969077465,1.4869222148420613,0.10333006441204691,2.1404487291598557,0.40398550724637683,1.5037291350980524,1149
0.01,0.015,0.0,binancecoin,-1,-1,1.4913023412533373,1.4581203404074894,0.1485913097746372,1.4674934161625166,0.40286481647269473,1.4542518689620112,1149
0.01,0.015,0.0,solana,-1,-1,1.504844387490781,2.4337904944670585,0.10398302836782979,2.988081196873718,0.305829596412556,1.4750553647120581,1149
0.01,0.015,0.01,portfolio,2372,2107,-3.519201210974373,-0.14960313097302347,0.15062007887472326,-0.23182353457461272,0.18,0.153468580293935,1149
0.01,0.015,0.01,bitcoin,-1,-1,-2.3741331513815123,-0.1502035374202937,0.1502035374202937,-0.23346161825718598,0.2542372881355932,0.24018178462801745,1149
0.01,0.015,0.01,ethereum,-1,-1,-2.640542595239774,-0.14900503495163953,0.15042975208463866,-0.23112751198124062,0.22580645161290322,0.2727356943397508,1149
0.01,0.015,0.01,binancecoin,-1,-1,-2.335043784583477,-0.15018888346908787,0.1515663501647745,-0.23133836457123932,0.22142857142857142,0.30961465457803156,1149
0.01,0.015,0.01,solana,-1,-1,-3.4384292838839494,-0.1496651990507032,0.15092912963970218,-0.23145120015908224,0.18181818181818182,0.19556102588115173,1149
0.01,0.015,0.02,portfolio,2363,2115,-2.33847808513574,-0.14853738488790846,0.15075348980492637,-0.2298596569014195,0.25892857142857145,0.4197136178727391,1149
0.01,0.015,0.02,bitcoin,-1,-1,-1.8512038591560185,-0.1521396621725456,0.1521396621725456,-0.2336626449761292,0.22695035460992907,0.3838129694011659,1149
0.01,0.015,0.02,ethereum,-1,-1,-1.425072585235436,-0.14701361745442776,0.1512806594786514,-0.2265558346806116,0.2463768115942029,0.6048912724641127,1149
0.01,0.015,0.02,binancecoin,-1,-1,-1.3237702518215202,-0.14850600493953747,0.1515084452296349,-0.2286627830796712,0.23118279569892472,0.583989853532349,1149
0.01,0.015,0.02,solana,-1,-1,-2.1155244311367745,-0.14848414007649446,0.1532964361597286,-0.22596028321209383,0.18562874251497005,0.4300157195664504,1149
0.01,0.015,0.03,portfolio,2392,2054,-1.4812526264714334,-0.14403821578302411,0.14746685533081147,-0.22741178496746056,0.2890792291220557,0.6433820211982487,1149
0.01,0.015,0.03,bitcoin,-1,-1,-0.9762250603121717,-0.14836639346740732,0.15082953291628934,-0.22946189702717698,0.25984251968503935,0.6974612163675139,1149
0.01,0.015,0.03,ethereum,-1,-1,-0.8409393676118522,-0.14511063884821684,0.15273031215143437,-0.221314287468269,0.2733333333333333,0.7926762763949454,1149
0.01,0.015,0.03,binancecoin,-1,-1,-1.00910567997956,-0.14653223032429274,0.1511614426056925,-0.22594392479025363,0.2157676348547718,0.6775440264403331,1149
0.01,0.015,0.03,solana,-1,-1,-1.4656156493382289,-0.14081725419643887,0.15014248674940986,-0.21805451464105677,0.17679558011049723,0.554225624612243,1149
0.01,0.015,0.05,portfolio,2359,1866,-0.07933944944046883,-0.015628362661254225,0.10592763397636089,-0.03255747554986787,0.3494191242180518,0.983092410955216,1149
0.01,0.015,0.05,bitcoin,-1,-1,-0.265877872982987,-0.05870537068027204,0.1514906127875619,-0.08700926932016052,0.32727272727272727,0.9190286253925323,1149
0.01,0.015,0.05,ethereum,-1,-1,0.6114818583694647,0.24604996470978824,0.08553668997911111,0.577865730228193,0.338768115942029,1.1364039019912207,1149
0.01,0.015,0.05,binancecoin,-1,-1,-0.45012786812059036,-0.10148770139709651,0.15296709863236774,-0.15164917702312822,0.22021660649819494,0.8362575020481764,1149
0.01,0.015,0.05,solana,-1,-1,-0.7053001778403187,-0.12562871547084187,0.1527456904332044,-0.18995400613423544,0.15737704918032788,0.7772556127425827,1149
0.01,0.015,0.08,portfolio,2162,1480,0.8271726950283353,0.21506615064504553,0.08444347139511851,0.5169045947087312,0.3504424778761062,1.1764714884865342,1149
0.01,0.015,0.08,bitcoin,-1,-1,1.1922741162143922,0.6518808150035629,0.1440857740077091,0.8076293612504365,0.3726541554959786,1.3496796440246617,1149
0.01,0.015,0.08,ethereum,-1,-1,0.8602715962375032,0.4328899979425236,0.1033250198783239,0.7944205378288907,0.36141304347826086,1.2125898743349182,1149
0.01,0.015,0.08,binancecoin,-1,-1,-0.7140099457936919,-0.13199426773014522,0.1534905023659644,-0.19916179286659189,0.21888412017167383,0.7290034990561515,1149
0.01,0.015,0.08,solana,-1,-1,0.08207653894777275,0.014697219080594737,0.14697975265729885,0.02180625703494911,0.21973094170403587,1.0172263383733258,1149
0.01,0.015,0.12,portfolio,2009,1377,1.315110322329527,0.4230383822700359,0.05961590179430356,1.3494291803587892,0.35929203539823007,1.3145081733692892,1149
0.01,0.015,0.12,bitcoin,-1,-1,1.3504967061736282,0.9086915967153177,0.1395812957330125,1.0912292853375838,0.37980339588918677,1.4570087239218876,1149
0.01,0.015,0.12,ethereum,-1,-1,1.193370462633725,0.7739930682186844,0.09816492468301831,1.3647136432598568,0.37228260869565216,1.3340780542705832,1149
0.01,0.015,0.12,binancecoin,-1,-1,-0.6344181651585848,-0.13184464738897228,0.15144095100071922,-0.20161519482365017,0.2236842105263158,0.7389119369539339,1149
0.01,0.015,0.12,solana,-1,-1,0.5552716664400881,0.3148321791846873,0.15260567060416003,0.4054147758636949,0.24050632911392406,1.132354965080871,1149
0.015,0.015,0.0,portfolio,1288,700,2.6706260739574486,2.3518621362861265,0.0422435934825008,7.191295039707371,0.479646017699115,1.8205759223464142,1149
0.015,0.015,0.0,bitcoin,-1,-1,1.9881366640970348,1.7585629285996154,0.07350394405706681,3.3910418430656013,0.45218945487042,1.6868972082169045,1149
0.015,0.015,0.0,ethereum,-1,-1,1.8915000095852716,2.2003976989212135,0.09034511287663348,3.2168918789626644,0.45429864253393665,1.5971923752190091,1149
0.015,0.015,0.0,binancecoin,-1,-1,1.5452296244671189,1.5923470404081508,0.13036295340171922,1.7822789558099175,0.4431512981199642,1.44771437839451,1149
0.015,0.015,0.0,solana,-1,-1,1.822984814487768,3.903564354405421,0.10398302836782983,4.012592237732195,0.37656529516994636,1.5499293317717366,1149
0.015,0.015,0.01,portfolio,2374,2105,-2.9440291273253725,-0.15041297944442222,0.15142895888806004,-0.23191683335801327,0.2827586206896552,0.1987308407560974,1149
0.015,0.015,0.01,bitcoin,-1,-1,-1.8710690720807062,-0.1507134283288064,0.1507134283288064,-0.23351450803233198,0.35789473684210527,0.29772684856796355,1149
0.015,0.015,0.01,ethereum,-1,-1,-2.2950028296625637,-0.1488868663011227,0.15031178126948855,-0.23111335445771294,0.26436781609195403,0.24798560593184696,1149
0.015,0.015,0.01,binancecoin,-1,-1,-1.9646286590779345,-0.15184451875129878,0.15321930181244933,-0.23153566811042842,0.32592592592592595,0.36357467442522756,1149
0.015,0.015,0.01,solana,-1,-1,-2.8890044560117185,-0.1511759780614953,0.1524376630411145,-0.23162938599970032,0.28205128205128205,0.23492929071364524,1149
0.015,0.015,0.02,portfolio,2369,2104,-1.7303763244381665,-0.14839871152015438,0.15061517736286262,-0.22984181468692153,0.314410480349345,0.5366453914398378,1149
0.015,0.015,0.02,bitcoin,-1,-1,-1.067958394584302,-0.1502290035701409,0.1502290035701409,-0.23346425892140577,0.37320574162679426,0.6713511786913543,1149
0.015,0.015,0.02,ethereum,-1,-1,-1.144498683496521,-0.1474127822917758,0.1508360282677756,-0.22788090370172723,0.33962264150943394,0.6798033164250041,1149
0.015,0.015,0.02,binancecoin,-1,-1,-1.0940831556233528,-0.14885364179165295,0.15185485628462536,-0.22871047288828766,0.31843575418994413,0.6416200144499057,1149
0.015,0.015,0.02,solana,-1,-1,-1.8437893848937947,-0.15047227710385536,0.15378528636852806,-0.2284594058033521,0.2848101265822785,0.48832301077976265,1149
0.015,0.015,0.03,portfolio,2396,1933,-0.7821990323622316,-0.1079749639044173,0.13026861518806165,-0.1899803660915848,0.39946380697050937,0.8559293435966984,1149
0.015,0.015,0.03,bitcoin,-1,-1,-0.8072041940229302,-0.15075171053182335,0.15090134030628183,-0.23328692970697973,0.33797909407665505,0.761554693222574,1149
0.015,0.015,0.03,ethereum,-1,-1,-0.03320089812268971,-0.024624953054096288,0.14848234921114767,-0.03672798652833982,0.3938294010889292,0.9940727266225522,1149
0.015,0.015,0.03,binancecoin,-1,-1,-0.6997402048572616,-0.11982374749110725,0.15174291849971,-0.18191607110785143,0.30603448275862066,0.7671940850600013,1149
0.015,0.015,0.03,solana,-1,-1,-1.092853294847764,-0.1438244263183388,0.15162517071698886,-0.2208258961991372,0.28421052631578947,0.6701192844797238,1149
0.015,0.015,0.05,portfolio,2270,1605,0.9364480226551475,0.2135902051657972,0.10532094574822048,0.4117988809333239,0.41858407079646015,1.204558678335872,1149
0.015,0.015,0.05,bitcoin,-1,-1,1.1934155615609736,0.616037820414735,0.14818614301244426,0.749122940652487,0.43828264758497315,1.3143921666799376,1149
0.015,0.015,0.05,ethereum,-1,-1,1.0295986107659372,0.5192745307489564,0.1188230295085675,0.8084789274350288,0.4072398190045249,1.2256403514980632,1149
0.015,0.015,0.05,binancecoin,-1,-1,-0.19035917451662318,-0.056346501363139234,0.15454370521927732,-0.0817842854833738,0.3115942028985507,0.9316409860739555,1149
0.015,0.015,0.05,solana,-1,-1,-0.3950646532947943,-0.09393504020503918,0.1502965802127868,-0.1424012627915415,0.2389937106918239,0.8814950803900188,1149
0.015,0.015,0.08,portfolio,1942,1086,1.7678252501425638,0.7685371145962288,0.08179067028415885,1.6285622843895267,0.4353982300884956,1.407066213502011,1149
0.015,0.015,0.08,bitcoin,-1,-1,1.7187938913007406,1.209930286749859,0.11987534315227683,1.5845808039165126,0.43967828418230565,1.5263356909440213,1149
0.015,0.015,0.08,ethereum,-1,-1,1.3506663990999674,0.877905756096119,0.10957823923274079,1.3525767296359503,0.4235294117647059,1.3297401564365492,1149
0.015,0.015,0.08,binancecoin,-1,-1,0.9309155282060001,0.613612058148377,0.14853721826806293,0.7448884998811616,0.40555058191584603,1.22192339672243,1149
0.015,0.015,0.08,solana,-1,-1,0.6010953058252766,0.360828076023505,0.14683660229794715,0.4760846001643696,0.30143112701252234,1.1244599629676215,1149
0.015,0.015,0.12,portfolio,1708,950,2.055322187244208,1.1142245264564243,0.054777435558278506,3.2577953113767375,0.452212389380531,1.5308436750708774,1149
0.015,0.015,0.12,bitcoin,-1,-1,1.6651994981094127,1.3052233926459036,0.10696949252349952,1.8792376317562791,0.44146559428060766,1.556319536337606,1149
0.015,0.015,0.12,ethereum,-1,-1,1.5476341801313855,1.23733389372426,0.0753048422422833,2.5652114837208013,0.4280542986425339,1.4172430733752828,1149
0.015,0.015,0.12,binancecoin,-1,-1,1.2067817556609113,0.9962068789794531,0.14742013001348173,1.1104389103934986,0.41987466427931963,1.3219338623331145,1149
0.015,0.015,0.12,solana,-1,-1,0.9421063529199329,0.7785847309281269,0.15574609767823727,0.8642918672768921,0.32036199095022627,1.219537626206842,1149
0.02,0.015,0.0,portfolio,1147,580,2.7027696344241376,2.6960875440439693,0.042560665317877215,7.801614150285558,0.4902654867256637,1.866031735273129,1149
0.02,0.015,0.0,bitcoin,-1,-1,2.0192291988791755,1.8693958931772388,0.06180770389777416,4.208125055872976,0.4673815907059875,1.6925297049449637,1149
0.02,0.015,0.0,ethereum,-1,-1,1.7909664725133176,2.0545714620699553,0.09541473970993487,2.90832318137255,0.472875226039783,1.5372718232188374,1149
0.02,0.015,0.0,binancecoin,-1,-1,1.757421918808332,2.1736354307255485,0.13304579456884527,2.1665899253269165,0.47137745974955275,1.537969533186899,1149
0.02,0.015,0.0,solana,-1,-1,1.9782338893906906,4.955604208773067,0.10398302836782983,4.606175410533569,0.41323792486583183,1.5846001025095435,1149
0.02,0.015,0.01,portfolio,2375,2104,-2.7739726105351608,-0.14957882814974144,0.15059580511399548,-0.23182073466011713,0.3333333333333333,0.2045104107584212,1149
0.02,0.015,0.01,bitcoin,-1,-1,-1.5860881917681413,-0.15038686134913726,0.15038686134913726,-0.2334806297468343,0.46774193548387094,0.4002545452095751,1149
0.02,0.015,0.01,ethereum,-1,-1,-1.9618436957458494,-0.14878588463085596,0.15021096866052258,-0.2311012552533704,0.38095238095238093,0.29839729273794496,1149
0.02,0.015,0.01,binancecoin,-1,-1,-1.642659043328614,-0.15082722833394213,0.1522036603305355,-0.231414455503393,0.42028985507246375,0.42485879944675303,1149
0.02,0.015,0.01,solana,-1,-1,-2.6680266210679906,-0.1499025129963013,0.15116609084382165,-0.2314791964129147,0.29347826086956524,0.20628128056827122,1149
0.02,0.015,0.02,portfolio,2383,2081,-1.5570845526301935,-0.14827049102049938,0.15048729058317922,-0.22982531410857918,0.36909871244635195,0.5815282066396679,1149
0.02,0.015,0.02,bitcoin,-1,-1,-0.9356776000543157,-0.15097085898300566,0.15097085898300566,-0.23354122478899694,0.42035398230088494,0.7101418240037751,1149
0.02,0.015,0.02,ethereum,-1,-1,-1.027536830730994,-0.1504965600029876,0.15359028973147376,-0.22878883875782816,0.41203703703703703,0.7111566677413884,1149
0.02,0.015,0.02,binancecoin,-1,-1,-0.9310545378950784,-0.149073768447325,0.1520742067549764,-0.22874065187920475,0.375,0.6990524374239278,1149
0.02,0.015,0.02,solana,-1,-1,-1.5754470302736674,-0.14728709280110797,0.15004460199115954,-0.22887481807435564,0.3509933774834437,0.5424082391108331,1149
0.02,0.015,0.03,portfolio,2390,1792,-0.3940422795416773,-0.06010813099217005,0.11673387023239844,-0.11568030388206799,0.44612644701691895,0.9169555693884691,1149
0.02,0.015,0.03,bitcoin,-1,-1,0.2976932544470016,0.09768392973464723,0.12571901873608926,0.1642680664265506,0.44991055456171736,1.0629013596255883,1149
0.02,0.015,0.03,ethereum,-1,-1,-0.5395263327079094,-0.10234836696279159,0.152729609489141,-0.15322910275505264,0.38661710037174724,0.8486187638185593,1149
0.02,0.015,0.03,binancecoin,-1,-1,-0.44452689634586806,-0.08702644177505303,0.15240370404713666,-0.12972633763847963,0.36681222707423583,0.8442712589685478,1149
0.02,0.015,0.03,solana,-1,-1,-0.9199877805841449,-0.14592222967648694,0.15417475932145575,-0.22054615169827846,0.35384615384615387,0.7240064783859811,1149
0.02,0.015,0.05,portfolio,2174,1185,1.3047907583121336,0.47607353638413974,0.06735432937855623,1.3236442272671414,0.4495575221238938,1.2654433401345815,1149
0.02,0.015,0.05,bitcoin,-1,-1,1.330070053432541,0.7584872822365532,0.06940690821402798,1.898740974788193,0.46332737030411447,1.3497586658194156,1149
0.02,0.015,0.05,ethereum,-1,-1,1.116589988492166,0.6218516628391058,0.1307532475195998,0.8556959794225714,0.4448462929475588,1.2395673219253698,1149
0.02,0.015,0.05,binancecoin,-1,-1,0.8446541145567616,0.5172797540357676,0.1412854579721377,0.6777068720357851,0.44991055456171736,1.1861429506999288,1149
0.02,0.015,0.05,solana,-1,-1,0.11293930076725614,0.029684740756746875,0.14794647862909066,0.04350462404642821,0.3401969561324978,1.0197216241717313,1149
0.02,0.015,0.08,portfolio,1837,940,2.267575666665851,1.1966034444090257,0.055646555403710996,3.3851981504718576,0.4646017699115044,1.5452638160129744,1149
0.02,0.015,0.08,bitcoin,-1,-1,1.8863599332617604,1.4384796304330956,0.06463698885442892,3.340433309861249,0.46112600536193027,1.5735201039278972,1149
0.02,0.015,0.08,ethereum,-1,-1,1.3463703081790375,0.9525533829334285,0.11679200033046357,1.3534443909029434,0.44936708860759494,1.3186565182078787,1149
0.02,0.015,0.08,binancecoin,-1,-1,1.414711150940258,1.2031212938115887,0.1408285719393018,1.3431016751251337,0.4543828264758497,1.3581828218297018,1149
0.02,0.015,0.08,solana,-1,-1,1.195417289595008,1.0459948002571675,0.1225739584537638,1.3869633887812407,0.3613595706618962,1.2526818915089057,1149
0.02,0.015,0.12,portfolio,1579,822,2.447232338500534,1.6439720024101554,0.05617844015857204,4.230879866087078,0.46814159292035395,1.6622583475073194,1149
0.02,0.015,0.12,bitcoin,-1,-1,1.7908246767801839,1.534104462790872,0.0809050536700505,2.7960772991226763,0.46201966041108133,1.600224700206964,1149
0.02,0.015,0.12,ethereum,-1,-1,1.6301627595094028,1.4581437334070761,0.08466696771888431,2.5754945167202274,0.45569620253164556,1.4305487601193982,1149
0.02,0.015,0.12,binancecoin,-1,-1,1.540558645838039,1.558358114149438,0.1524715193678734,1.5004846465547015,0.4627949183303085,1.4333986880826324,1149
0.02,0.015,0.12,solana,-1,-1,1.4754618252780465,1.7821864234962166,0.11668587276345439,2.156160729692612,0.37119856887298747,1.351505310325494,1149
0.03,0.015,0.0,portfolio,845,428,2.9774551779104033,3.3122147363552257,0.04314983986281,8.756789106051926,0.5309734513274337,1.975850956222163,1149
0.03,0.015,0.0,bitcoin,-1,-1,2.0128195402969915,1.9114360041036864,0.07516461156975415,3.513896646075914,0.48841354723707664,1.682079585888228,1149
0.03,0.015,0.0,ethereum,-1,-1,2.012029520179667,2.5915536937838657,0.08739558101620733,3.7036950422098003,0.5094679891794409,1.6120842167392981,1149
0.03,0.015,0.0,binancecoin,-1,-1,2.140092531581261,3.2432738741257703,0.12144020714115229,3.071407415943424,0.49731663685152055,1.6860476201614696,1149
0.03,0.015,0.0,solana,-1,-1,2.08120378996471,5.870061019729101,0.13036985074338647,4.0349076496102345,0.4620874219446922,1.6012457387362116,1149
0.03,0.015,0.01,portfolio,2382,2087,-2.003759356350349,-0.1516868265188125,0.15270128263121924,-0.23206357696324306,0.4784688995215311,0.4217095345771994,1149
0.03,0.015,0.01,bitcoin,-1,-1,-1.065792740691875,-0.15580044513683344,0.15580044513683344,-0.234044210397535,0.6,0.6280590843873154,1149
0.03,0.015,0.01,ethereum,-1,-1,-1.4518044318740513,-0.15110913052281194,0.15253032502508723,-0.23137943514594483,0.574468085106383,0.4904460968356523,1149
0.03,0.015,0.01,binancecoin,-1,-1,-1.1910854770482404,-0.15244040826869654,0.15381422544701906,-0.23160664348499824,0.5521472392638037,0.5590010834604812,1149
0.03,0.015,0.01,solana,-1,-1,-1.8580223130570006,-0.15082280624944433,0.1520850161807131,-0.23158774070108343,0.546875,0.40035888311846096,1149
0.03,0.015,0.02,portfolio,2323,1863,-0.46202242355909473,-0.06881902523316519,0.11881057654091211,-0.1305971116455722,0.5080213903743316,0.9027061438841154,1149
0.03,0.015,0.02,bitcoin,-1,-1,0.476108515498127,0.1677409092316715,0.10552789722299144,0.3278310623767537,0.514745308310992,1.1023806278115222,1149
0.03,0.015,0.02,ethereum,-1,-1,-0.8116996092115771,-0.14623847291180225,0.15332817715377384,-0.2222755760960904,0.5248868778280543,0.7584638303209891,1149
0.03,0.015,0.02,binancecoin,-1,-1,-0.6898739554497255,-0.1295678281599293,0.15647972730009727,-0.1915630804357872,0.4533333333333333,0.765270652818598,1149
0.03,0.015,0.02,solana,-1,-1,-0.9186282881351208,-0.14681822257710375,0.15311409349964716,-0.22352613869486068,0.5238095238095238,0.7165478673814099,1149
0.03,0.015,0.03,portfolio,2209,1539,0.9266984287582908,0.21286043836875157,0.09361133683958922,0.46183948078323417,0.5212389380530974,1.1898370393708781,1149
0.03,0.015,0.03,bitcoin,-1,-1,0.975529251568024,0.454409246747175,0.09147250940859124,0.9360949613817429,0.4928571428571429,1.2312786576181713,1149
0.03,0.015,0.03,ethereum,-1,-1,-0.37791239829823897,-0.0866007042299084,0.15034885980085194,-0.1308326574578256,0.48616600790513836,0.8870812182780816,1149
0.03,0.015,0.03,binancecoin,-1,-1,1.124183638966171,0.6944988390024032,0.14595863334120865,0.8401155748454455,0.5026833631484794,1.2425114149326697,1149
0.03,0.015,0.03,solana,-1,-1,-0.3216915516501688,-0.07186381466433944,0.1500354470700467,-0.10812933546591384,0.4775510204081633,0.9026153349939086,1149
0.03,0.015,0.05,portfolio,1909,1030,2.132236903749159,1.021474621214486,0.04767947059207259,3.5007897677420865,0.5070796460176992,1.4817346096347663,1149
0.03,0.015,0.05,bitcoin,-1,-1,1.6085559124485667,1.0806158142120714,0.0757561988587507,2.30105705985302,0.49866190900981266,1.452286877505636,1149
0.03,0.015,0.05,ethereum,-1,-1,1.647523777569487,1.1781803669421982,0.12276942999434808,1.5165131348852385,0.4995491433724076,1.374235033447183,1149
0.03,0.015,0.05,binancecoin,-1,-1,1.6931681839514725,1.5794104220517742,0.11292333129741375,2.0455625495255063,0.49463327370304117,1.4264635022726488,1149
0.03,0.015,0.05,solana,-1,-1,0.5364279066841784,0.3235258417993956,0.1457918129972719,0.43489756096290794,0.4280607685433423,1.094536686895549,1149
0.03,0.015,0.08,portfolio,1552,778,2.76692959049852,1.7743071549815488,0.04902372194750405,5.116201456244505,0.511504424778761,1.7109525134302128,1149
0.03,0.015,0.08,bitcoin,-1,-1,1.934959634414021,1.6202130635925132,0.07650762917614319,3.0746784092528876,0.48841354723707664,1.6061575690551118,1149
0.03,0.015,0.08,ethereum,-1,-1,1.7887655163263867,1.5661389562104708,0.07993971370703051,2.8721623658397766,0.49594229035166815,1.447132637805062,1149
0.03,0.015,0.08,binancecoin,-1,-1,2.026903990160739,2.2635051357853833,0.1082159175835861,2.7368395068102194,0.4937388193202147,1.5538860744995415,1149
0.03,0.015,0.08,solana,-1,-1,1.3903564601333238,1.4664773522230772,0.1451959561550939,1.5080571243030025,0.4362176628010705,1.286610613115845,1149
0.03,0.015,0.12,portfolio,1329,774,2.878012257433857,2.1033104338864517,0.03615482262359909,7.798127661472095,0.5238938053097345,1.854719429415817,1149
0.03,0.015,0.12,bitcoin,-1,-1,1.7863367874647793,1.4056808410724493,0.07406181606266204,2.8666545090933284,0.4857397504456328,1.5472849643489681,1149
0.03,0.015,0.12,ethereum,-1,-1,2.0317997963593046,2.196376864105879,0.06483840692430286,4.476893745118633,0.4995491433724076,1.5576204262883473,1149
0.03,0.015,0.12,binancecoin,-1,-1,2.065923271713304,2.921231745909432,0.12882478346973267,2.7124377797353616,0.49552772808586765,1.637444521628331,1149
0.03,0.015,0.12,solana,-1,-1,1.6338798465234834,1.8003584294992199,0.15235068222872777,1.6631488452960246,0.4560117302052786,1.5018663467387598,1149
0.05,0.015,0.0,portfolio,592,243,2.987182756006313,3.3982226417894994,0.04432818895267589,8.658936103154987,0.536283185840708,1.9652158958335386,1149
0.05,0.015,0.0,bitcoin,-1,-1,2.0296590810829414,1.9749124517286214,0.06743412194155615,4.005606913571756,0.4942119323241318,1.6900487272377,1149
0.05,0.015,0.0,ethereum,-1,-1,1.862494690014029,2.3303275759265483,0.08739558101620742,3.4549161334775067,0.5184518451845185,1.5476037653745784,1149
0.05,0.015,0.0,binancecoin,-1,-1,1.967298021492541,2.8309261557554186,0.11602260398690765,2.9524522176246264,0.5062611806797853,1.6058635393601737,1149
0.05,0.015,0.0,solana,-1,-1,2.303764759343723,7.660069237726702,0.12019931011116201,5.0377111103226815,0.49063336306868865,1.6651471662088353,1149
0.05,0.015,0.01,portfolio,2259,1763,-0.4502149545482507,-0.06615012171816803,0.11029264296174748,-0.13507841922186306,0.6141592920353982,0.9095237708066395,1149
0.05,0.015,0.01,bitcoin,-1,-1,0.08055574373669387,0.014267603605257362,0.1349826807043325,0.02305411508024072,0.6101694915254238,1.017488712070195,1149
0.05,0.015,0.01,ethereum,-1,-1,-0.8416292176423996,-0.14420563892061322,0.152766251961865,-0.21979438096126977,0.7258687258687259,0.7196384447931032,1149
0.05,0.015,0.01,binancecoin,-1,-1,0.11273161192778702,0.02484161824722597,0.15043090338773096,0.03587180329178736,0.6546227417640808,1.0253611415736963,1149
0.05,0.015,0.01,solana,-1,-1,-1.2299470880461922,-0.15921267180165266,0.16046241110641385,-0.23257600656159666,0.7212121212121212,0.5299044982236828,1149
0.05,0.015,0.02,portfolio,2026,1354,1.1425920296547434,0.2858824489999485,0.06950920175563227,0.8156647400068466,0.5743362831858407,1.2358706522647889,1149
0.05,0.015,0.02,bitcoin,-1,-1,1.2557332366268836,0.5469411082257221,0.06638185482520388,1.5126533260730952,0.5414069456812111,1.2973088258884062,1149
0.05,0.015,0.02,ethereum,-1,-1,0.494566069898567,0.20063859056217126,0.13297813252003488,0.30770973553778497,0.5631768953068592,1.0955204428766594,1149
0.05,0.015,0.02,binancecoin,-1,-1,1.0865722839508842,0.6193934084869519,0.13419056235220572,0.8310211004310828,0.5577439570277529,1.2340215455300105,1149
0.05,0.015,0.02,solana,-1,-1,-0.5623289854284192,-0.12649236485686,0.15108541853065777,-0.19343417449954564,0.6333333333333333,0.8196744613663398,1149
0.05,0.015,0.03,portfolio,1921,1064,1.802159926735169,0.6754023083860956,0.04903345106959773,2.4439450611822493,0.5548672566371682,1.370629153227506,1149
0.05,0.015,0.03,bitcoin,-1,-1,1.5599185532655728,0.8684143402046276,0.06269515470590237,2.3436844281682294,0.5155832591273375,1.4000132197177177,1149
0.05,0.015,0.03,ethereum,-1,-1,1.2230836325371088,0.7086658573877009,0.08968655052664712,1.390107409525414,0.529783393501805,1.2569900548310395,1149
0.05,0.015,0.03,binancecoin,-1,-1,1.402900716780315,1.026288885226458,0.1153042698766468,1.4528928397949714,0.5277280858676208,1.317857553478786,1149
0.05,0.015,0.03,solana,-1,-1,0.3136252783721962,0.14240185774591563,0.1616810092234224,0.18325798247312422,0.5451745379876797,1.0556157837840445,1149
0.05,0.015,0.05,portfolio,1588,807,2.700648747174922,1.6081673202885458,0.03538349784254252,6.612931878196092,0.5513274336283186,1.6516603534869398,1149
0.05,0.015,0.05,bitcoin,-1,-1,1.8317766245449292,1.3433772079178095,0.06064538964078559,3.386125468641584,0.5057880676758683,1.5326241737914437,1149
0.05,0.015,0.05,ethereum,-1,-1,1.9170163431897176,1.6935905814060974,0.0749254605655802,3.2397738295913765,0.5229522952295229,1.4628975442811976,1149
0.05,0.015,0.05,binancecoin,-1,-1,1.8173815969408327,1.8731484343434603,0.14182133709434933,1.836506366179868,0.516994633273703,1.4691812271941855,1149
0.05,0.015,0.05,solana,-1,-1,1.345220861993523,1.3377702076612827,0.1453337006744339,1.4086187373474146,0.4928571428571429,1.2587638340309604,1149
0.05,0.015,0.08,portfolio,1266,566,3.057239212636376,2.3342188280581957,0.03854823372408694,7.841549650292468,0.54070796460177,1.8125136314674075,1149
0.05,0.015,0.08,bitcoin,-1,-1,2.060280977669576,1.8531282927222068,0.06743412194155587,3.8337306062312666,0.4995547640249332,1.6586205038875665,1149
0.05,0.015,0.08,ethereum,-1,-1,1.891652830340469,1.8875558647759738,0.0824735048745044,3.1748295125936226,0.5139513951395139,1.483767879607513,1149
0.05,0.015,0.08,binancecoin,-1,-1,2.037961959442805,2.5132874117548782,0.10966031680212257,2.893532035428838,0.5098389982110912,1.5701565443246046,1149
0.05,0.015,0.08,solana,-1,-1,1.8840556604506677,2.8561098379653616,0.12019931011116296,2.865922412133182,0.4897413024085638,1.4102897582615392,1149
0.05,0.015,0.12,portfolio,959,428,3.0950608636607346,2.785726955067404,0.038175176485373295,8.88171437349259,0.5424778761061947,1.891694392044666,1149
0.05,0.015,0.12,bitcoin,-1,-1,1.9052324135437901,1.5658181627776666,0.06695121678277956,3.4288566248149315,0.4951024042742654,1.5896803240234922,1149
0.05,0.015,0.12,ethereum,-1,-1,1.9847950799279566,2.3272270296399284,0.08247350487450572,3.657883392538454,0.5148514851485149,1.5506011282815635,1149
0.05,0.015,0.12,binancecoin,-1,-1,1.972770231382496,2.707273761360774,0.12657147856445666,2.6303321038665706,0.5080500894454383,1.5849540789988463,1149
0.05,0.015,0.12,solana,-1,-1,2.199503704941387,4.787901286761659,0.12560797744090973,3.739636140832664,0.4852809991079393,1.5301127970383095,1149
0.07,0.015,0.0,portfolio,387,143,2.9630329118488974,3.3333490926425258,0.04550653804254164,8.33577542583974,0.5469026548672566,1.9447956051125004,1149
0.07,0.015,0.0,bitcoin,-1,-1,1.9429371908683633,1.8758516406595316,0.06283918843080372,4.148936242407823,0.501779359430605,1.6529492255604665,1149
0.07,0.015,0.0,ethereum,-1,-1,1.8428305627832668,2.3229086908836076,0.0873955810162075,3.447631408821741,0.5274527452745275,1.5380039734118645,1149
0.07,0.015,0.0,binancecoin,-1,-1,1.9917854453332626,2.9488300007346835,0.11354593831191011,3.095720712653019,0.5098389982110912,1.6144376486475718,1149
0.07,0.015,0.0,solana,-1,-1,2.232638207856828,7.169626150476086,0.14523718161508298,4.028797956111446,0.50355871886121,1.6339396463237696,1149
0.07,0.015,0.01,portfolio,2081,1621,0.3977395606837904,0.0698575328151112,0.07285657599483374,0.20478558640575442,0.6415929203539823,1.0858760197608626,1149
0.07,0.015,0.01,bitcoin,-1,-1,0.9627468624343715,0.3250806643437856,0.08194644678019211,0.7770729083093584,0.6201067615658363,1.2362811101663822,1149
0.07,0.015,0.01,ethereum,-1,-1,-0.32537180246054986,-0.08807190184443503,0.15025443229131819,-0.13322114235907714,0.6824877250409165,0.9081023356777144,1149
0.07,0.015,0.01,binancecoin,-1,-1,0.6042416615162834,0.2402950814591427,0.10713991621393004,0.45140783025793085,0.6705461056401074,1.1370108040092883,1149
0.07,0.015,0.01,solana,-1,-1,-0.8277110129156283,-0.14636993391683695,0.15395467213735006,-0.22158295174966153,0.7953216374269005,0.6081503157160553,1149
0.07,0.015,0.02,portfolio,1775,1234,1.7706774432396728,0.5110242348917844,0.07439397134814811,1.2737284635890604,0.5938053097345133,1.3996449341776962,1149
0.07,0.015,0.02,bitcoin,-1,-1,1.5508704015116659,0.7636121853287396,0.06143432959961083,2.1569103293716716,0.5480427046263345,1.3888957275538516,1149
0.07,0.015,0.02,ethereum,-1,-1,1.002322397177992,0.4986384935752082,0.13171107921517147,0.7044455382359445,0.5796579657965797,1.2104724847280741,1149
0.07,0.015,0.02,binancecoin,-1,-1,1.4447413291685074,0.9518920054210593,0.10811497841847888,1.4612723992048,0.567591763652641,1.329878265868165,1149
0.07,0.015,0.02,solana,-1,-1,-0.10919605276855612,-0.03136456224075823,0.15357610830791146,-0.04535036134843405,0.7228260869565217,0.952393969720705,1149
0.07,0.015,0.03,portfolio,1621,896,2.25339341252404,0.9586227953583322,0.05042470259338188,3.150440696279373,0.5814159292035398,1.496673593200458,1149
0.07,0.015,0.03,bitcoin,-1,-1,1.6075150077142129,0.9416629635883316,0.06557654874087393,2.3888379707197536,0.5204626334519573,1.4204183430921866,1149
0.07,0.015,0.03,ethereum,-1,-1,1.489628411379088,0.9807898354643716,0.09020025516131684,1.792943251392006,0.5459459459459459,1.3305594456809522,1149
0.07,0.015,0.03,binancecoin,-1,-1,1.7251226902386985,1.4733777841862628,0.07597276578192023,2.8919695733107345,0.5322003577817531,1.4140671391657467,1149
0.07,0.015,0.03,solana,-1,-1,0.7246302825263704,0.442012286187234,0.16695518561690986,0.5006772621674269,0.5698602794411177,1.138193347276491,1149
0.07,0.015,0.05,portfolio,1293,691,2.8576996139748663,1.7565933700152474,0.0382621039384306,6.509293734342252,0.5637168141592921,1.7118845280215989,1149
0.07,0.015,0.05,bitcoin,-1,-1,1.8006043836527372,1.3494052817344615,0.06793460284617399,3.032802765083742,0.5124555160142349,1.5315933123978283,1149
0.07,0.015,0.05,ethereum,-1,-1,1.9014660008079405,1.7337657492794252,0.07821456234599863,3.1552095970393266,0.5346534653465347,1.4657529932584226,1149
0.07,0.015,0.05,binancecoin,-1,-1,1.9383535361255004,2.1903268032953918,0.08195826630184663,3.535197190599615,0.5250447227191414,1.513715538923042,1149
0.07,0.015,0.05,solana,-1,-1,1.541080046346815,1.5770690291953322,0.1556902958596016,1.4820871120401455,0.5233830845771145,1.3260743541593378,1149
0.07,0.015,0.08,portfolio,972,419,3.104170285603844,2.461495246604067,0.036657429608468975,8.539109861481982,0.5584070796460177,1.830534664767398,1149
0.07,0.015,0.08,bitcoin,-1,-1,2.0323218821064586,1.8499555144753432,0.06283918843080398,4.109174312165458,0.5071174377224199,1.6518861298208123,1149
0.07,0.015,0.08,ethereum,-1,-1,1.9248159926488184,1.9817474097744752,0.08531447773641301,3.173599916192117,0.5292529252925292,1.498188659682097,1149
0.07,0.015,0.08,binancecoin,-1,-1,1.8680385136395639,2.3071347358300485,0.11136621078282068,2.6933699815849974,0.5071556350626119,1.519150624693784,1149
0.07,0.015,0.08,solana,-1,-1,2.082882573768236,3.5867129597254053,0.12987345661049918,3.0539706912731264,0.5195729537366548,1.4687219549078878,1149
0.07,0.015,0.12,portfolio,715,309,3.1925829537270056,2.990435557936027,0.039424018525041016,8.99494345694063,0.5539823008849557,1.9331008738698676,1149
0.07,0.015,0.12,bitcoin,-1,-1,1.8388569396866563,1.529024959151203,0.0634433770440961,3.5571450160917313,0.501779359430605,1.5707516964511978,1149
0.07,0.015,0.12,ethereum,-1,-1,2.1073675388088753,2.6182197225317156,0.08531447773641214,3.8192325347899074,0.5283528352835284,1.5934510222778078,1149
0.07,0.015,0.12,binancecoin,-1,-1,1.9953336124428627,2.8588595853036423,0.132030969295078,2.6106913465703134,0.5116279069767442,1.5955575668263913,1149
0.07,0.015,0.12,solana,-1,-1,2.3018798858724208,5.380195641503653,0.14362151636658083,3.4916187631810063,0.5062277580071174,1.5660760224329353,1149
0.1,0.015,0.0,portfolio,230,79,2.9691878703514574,3.382156020355745,0.04727406167734055,8.095870391122759,0.552212389380531,1.9525712041873489,1149
0.1,0.015,0.0,bitcoin,-1,-1,1.9876150099907712,1.947252307261607,0.0666325759589867,4.014779643966126,0.5044483985765125,1.6724117078202263,1149
0.1,0.015,0.0,ethereum,-1,-1,1.7381274945888971,2.1354675568063417,0.09553196089374882,2.98163680369255,0.5292529252925292,1.5021860610624922,1149
0.1,0.015,0.0,binancecoin,-1,-1,2.0155591094929455,3.0576778591152873,0.10682595769146312,3.3661344930682353,0.5161001788908766,1.629491599646837,1149
0.1,0.015,0.0,solana,-1,-1,2.2586161203138944,7.570433201183906,0.13593654335039637,4.427579834574504,0.5111111111111111,1.6419040335022335,1149
0.1,0.015,0.01,portfolio,1957,1565,0.7755438070648503,0.15647310516059876,0.08171316114917769,0.3964787764309035,0.6548672566371682,1.1863797194368897,1149
0.1,0.015,0.01,bitcoin,-1,-1,1.359772707537177,0.5010929162507731,0.07605621589737487,1.2250879830138282,0.609973285841496,1.3486246502016759,1149
0.1,0.015,0.01,ethereum,-1,-1,-0.3028601399885799,-0.09296907051147285,0.1529046793208893,-0.13847647301209498,0.6975425330812854,0.9026376618157398,1149
0.1,0.015,0.01,binancecoin,-1,-1,1.0675882304130824,0.5000183733675039,0.11656806272551547,0.7978504453713827,0.6744186046511628,1.261215892266716,1149
0.1,0.015,0.01,solana,-1,-1,-0.7195740098132519,-0.14655427940320853,0.16766166005152763,-0.20374057037816676,0.8047337278106509,0.6147912401575651,1149
0.1,0.015,0.02,portfolio,1681,1252,1.5435455251589931,0.41996408651391404,0.07469944072456149,1.0700892990581088,0.6,1.369813231053494,1149
0.1,0.015,0.02,bitcoin,-1,-1,1.718257824735955,0.8831379560355053,0.07128160850462567,2.089092213481339,0.5453736654804271,1.4423125368169953,1149
0.1,0.015,0.02,ethereum,-1,-1,0.23092792938861356,0.07152507107897521,0.15171119852645565,0.1006300927550262,0.5733532934131736,1.0647180065893667,1149
0.1,0.015,0.02,binancecoin,-1,-1,1.4243540049290495,0.9609465728391291,0.1266490885135156,1.2567121059995126,0.5715563506261181,1.3337364740806763,1149
0.1,0.015,0.02,solana,-1,-1,-0.026603430047313942,-0.012538201104015045,0.16092881779676535,-0.017171890951750857,0.7368421052631579,0.9866162209786887,1149
0.1,0.015,0.03,portfolio,1359,769,2.352982750686795,1.0844754875003684,0.058804712881519276,2.972495897246561,0.5867256637168141,1.5469358505924604,1149
0.1,0.015,0.03,bitcoin,-1,-1,1.8943349541035228,1.2012278794753062,0.06262019429908872,3.0169640274914746,0.5240213523131673,1.5178194815877253,1149
0.1,0.015,0.03,ethereum,-1,-1,1.2926873031581079,0.8835957865595467,0.11611101763987301,1.2830402525450948,0.549054905490549,1.2972947390562994,1149
0.1,0.015,0.03,binancecoin,-1,-1,1.588891726421723,1.3110306427191638,0.10676451923414787,1.8890547031365876,0.5384615384615384,1.385491969812183,1149
0.1,0.015,0.03,solana,-1,-1,1.1005928266702436,0.8278272588435462,0.15044366029999903,0.9400622963676221,0.5850746268656717,1.2260471890375122,1149
0.1,0.015,0.05,portfolio,1055,591,2.8503790067877426,1.8694643199068324,0.04743892097935322,5.48286370128512,0.5690265486725664,1.7386208153890284,1149
0.1,0.015,0.05,bitcoin,-1,-1,1.9826483099238088,1.5912167443225034,0.06324087538679388,3.672075725691436,0.5133451957295374,1.6059471989968037,1149
0.1,0.015,0.05,ethereum,-1,-1,1.6485844297679748,1.4829171807146442,0.09148752555420205,2.412800109215823,0.5382538253825383,1.4079416534900642,1149
0.1,0.015,0.05,binancecoin,-1,-1,1.9127668042341335,2.1906967822235153,0.10557911218985011,2.7445905641066233,0.5304114490161002,1.516441741226496,1149
0.1,0.015,0.05,solana,-1,-1,1.6985619970716823,2.0046934694117566,0.15592741098769247,1.7501244148491508,0.5387673956262425,1.3768451368431605,1149
0.1,0.015,0.08,portfolio,725,311,3.095846418416902,2.5939261997898826,0.04261275564667474,7.600501309456975,0.5610619469026549,1.8443824001251103,1149
0.1,0.015,0.08,bitcoin,-1,-1,2.041933431314596,1.874034542551314,0.06663257595898682,3.910115026365618,0.5088967971530249,1.660136090154785,1149
0.1,0.015,0.08,ethereum,-1,-1,1.8004428537900536,1.8157520559597806,0.09544098062895537,2.670652804362385,0.531953195319532,1.466020111382886,1149
0.1,0.015,0.08,binancecoin,-1,-1,1.900976461041052,2.403324701373887,0.10922935326497811,2.821131321462667,0.5178890876565295,1.539347146002806,1149
0.1,0.015,0.08,solana,-1,-1,2.214379424702862,4.423034850716279,0.12036205791552472,3.7294828771987962,0.5306666666666666,1.5179945812509645,1149
0.1,0.015,0.12,portfolio,518,226,3.1301757020876275,3.043923979971334,0.04386875161357557,8.17389269434497,0.5575221238938053,1.9235816326014918,1149
0.1,0.015,0.12,bitcoin,-1,-1,1.88860930514123,1.5933893347410217,0.06723431897113843,3.4573385274854775,0.505338078291815,1.5888441441906103,1149
0.1,0.015,0.12,ethereum,-1,-1,1.9260762359099317,2.3255490237026524,0.09544098062895644,3.1593813867686515,0.5310531053105311,1.5362115706503703,1149
0.1,0.015,0.12,binancecoin,-1,-1,1.9915501092018126,2.9319065965021704,0.11780176178703851,2.973079885768539,0.518783542039356,1.606232325292626,1149
0.1,0.015,0.12,solana,-1,-1,2.3468471865259737,5.981578126937379,0.13298225712476147,3.9962400642748057,0.5182222222222223,1.5890939409228533,1149
0.0,0.02,0.0,portfolio,0,0,2.929318597427889,3.1630342047627362,0.049471618809020734,7.423561238831464,0.5460176991150443,1.9408354028980292,1149
0.0,0.02,0.0,bitcoin,-1,-1,2.0244428263214815,2.011245711383151,0.06969701606580318,3.9241369147583494,0.5062388591800356,1.6840400795748043,1149
0.0,0.02,0.0,ethereum,-1,-1,1.7221254725298996,2.05611002520921,0.10779746979897373,2.575552075498198,0.529783393501805,1.501167284391072,1149
0.0,0.02,0.0,binancecoin,-1,-1,1.746389698894338,2.066714245062586,0.09810887795379328,2.83979374482494,0.5067024128686327,1.5274551597232686,1149
0.0,0.02,0.0,solana,-1,-1,2.346914094764548,8.321236882444698,0.12391946835486027,5.097233110001513,0.5164737310774711,1.6785698587982016,1149
0.0,0.02,0.01,portfolio,2207,1755,1.5514358813535023,0.2988558982862459,0.04638027866295262,1.2726372132914257,0.7230088495575221,1.339046886826866,1149
0.0,0.02,0.01,bitcoin,-1,-1,0.7838356031167669,0.21076260025232418,0.06739927598372455,0.6355764373800563,0.6711349419124218,1.1837033107679427,1149
0.0,0.02,0.01,ethereum,-1,-1,-0.052249803035015925,-0.016669185588510937,0.1529508675845006,-0.024059560895499023,0.7321156773211568,0.9851749768058908,1149
0.0,0.02,0.01,binancecoin,-1,-1,1.5450035995934523,0.5473095087095126,0.09982908500224272,1.0064221626174483,0.729632945389436,1.365399461952536,1149
0.0,0.02,0.01,solana,-1,-1,1.3017793675021412,0.5132177044333299,0.06884322767269233,1.3814876145759978,0.8348294434470377,1.3255535389172688,1149
0.0,0.02,0.02,portfolio,2078,1405,2.206403885309342,0.6903781649212,0.032191077119548196,3.7905786016512675,0.6522123893805309,1.4809435293523385,1149
0.0,0.02,0.02,bitcoin,-1,-1,1.4637965902952959,0.6351264135039894,0.06207533014746033,1.834459184648671,0.5678571428571428,1.3477119657562762,1149
0.0,0.02,0.02,ethereum,-1,-1,0.21775427229308764,0.06384333491960281,0.15093412733373382,0.09054224091724082,0.6248085758039816,1.06423183598095,1149
0.0,0.02,0.02,binancecoin,-1,-1,1.572276425489709,0.8744010840916214,0.10302786722036751,1.4340067474908809,0.5899731423455685,1.3565903816364426,1149
0.0,0.02,0.02,solana,-1,-1,1.8970040766197487,1.3949442854959981,0.11313815802697531,1.8660452344918859,0.7091561938958707,1.4024884192138087,1149
0.0,0.02,0.03,portfolio,1895,1014,2.4948538717745885,1.0191093328348848,0.0353947482833889,4.7073708968408665,0.5929203539823009,1.5570666087998235,1149
0.0,0.02,0.03,bitcoin,-1,-1,1.6418998051072948,0.8864405808872629,0.0681216271379597,2.192482458326051,0.5334522747546833,1.4151110259315596,1149
0.0,0.02,0.03,ethereum,-1,-1,1.1884802700713815,0.7300171329562963,0.1313990345177954,0.9721632087919734,0.5610859728506787,1.2703787240051814,1149
0.0,0.02,0.03,binancecoin,-1,-1,1.5076690953719525,0.9880730216104312,0.07702259123330113,2.1118406525605837,0.546916890080429,1.347526385823597,1149
0.0,0.02,0.03,solana,-1,-1,1.7400297313975965,1.407558079834339,0.15503538619230206,1.370764834410135,0.624,1.3692757984142625,1149
0.0,0.02,0.05,portfolio,1453,678,3.04934053409675,1.8609527399801356,0.032781315846857874,7.9093960747544445,0.5681415929203539,1.7576896347350777,1149
0.0,0.02,0.05,bitcoin,-1,-1,1.9199921347112463,1.3865701951492952,0.06807088164444537,3.087823616407529,0.5249554367201426,1.552557246804667,1149
0.0,0.02,0.05,ethereum,-1,-1,1.6633006370567553,1.4319917789023018,0.08814303894479047,2.441546076004982,0.546028880866426,1.4163411625845743,1149
0.0,0.02,0.05,binancecoin,-1,-1,1.7124423632370032,1.473866130367509,0.07985897363509618,2.7518978781497916,0.5210008936550492,1.4321320812722445,1149
0.0,0.02,0.05,solana,-1,-1,2.2107758462254656,3.273525799875724,0.14543071216207246,2.579463735672039,0.5481283422459893,1.47857859462483,1149
0.0,0.02,0.08,portfolio,864,380,3.0832906547057126,2.4424807959931516,0.050648440054575423,6.148985816213308,0.5584070796460177,1.8441808808084879,1149
0.0,0.02,0.08,bitcoin,-1,-1,2.0772428241475147,1.8300911622382086,0.06969830207514825,3.677112697724662,0.516042780748663,1.6510110237663445,1149
0.0,0.02,0.08,ethereum,-1,-1,1.7075023254869526,1.7032881284863755,0.10085815543459219,2.4164773413618033,0.5324909747292419,1.4514516808951832,1149
0.0,0.02,0.08,binancecoin,-1,-1,1.8417746025979518,1.8073328607296184,0.10298516166484213,2.4670139612384028,0.516532618409294,1.4899755481849029,1149
0.0,0.02,0.08,solana,-1,-1,2.296310095895563,4.890904979640624,0.12877133258749457,3.692011395670625,0.5431878895814782,1.5541593932280446,1149
0.0,0.02,0.12,portfolio,469,208,3.097139195737696,2.9989066543086587,0.049270546789294184,7.210128752054942,0.5548672566371682,1.9340310651063115,1149
0.0,0.02,0.12,bitcoin,-1,-1,1.9520598479089473,1.8984665930336075,0.07329779289965639,3.5865129078362092,0.5080213903743316,1.659292707312243,1149
0.0,0.02,0.12,ethereum,-1,-1,1.7622361437535685,2.0190038450042467,0.10779746979897373,2.543839951368418,0.5279783393501805,1.4945396365333736,1149
0.0,0.02,0.12,binancecoin,-1,-1,1.8318633213926097,2.1226899234109453,0.10206279978484335,2.7795770796531594,0.5111706881143878,1.5368195077135416,1149
0.0,0.02,0.12,solana,-1,-1,2.478999427434212,7.283889679591475,0.1205983641715226,4.892001168245462,0.5253784505788067,1.6466790085470018,1149
0.005,0.02,0.0,portfolio,1992,1413,1.0542245564138604,0.4378059506076446,0.054419421211534626,1.5232914519793954,0.36194690265486723,1.3445255587503535,1149
0.005,0.02,0.0,bitcoin,-1,-1,0.9726791419341008,0.5313039220996365,0.14864048217958978,0.6590629605662792,0.2741071428571429,1.3426393610741416,1149
0.005,0.02,0.0,ethereum,-1,-1,0.18642397597027144,0.06152617860817222,0.15023201683469753,0.08773942268013891,0.2488619119878604,1.0835805381766017,1149
0.005,0.02,0.0,binancecoin,-1,-1,0.9056147821211312,0.5855905100283203,0.11851657172271333,0.8976349424663469,0.2900626678603402,1.2912568947101404,1149
0.005,0.02,0.0,solana,-1,-1,0.6774355299095087,0.5396006284382338,0.1503552390592729,0.6602057405204426,0.19736842105263158,1.3185183902910131,1149
0.005,0.02,0.01,portfolio,2348,2135,-4.506152738132137,-0.15055010568574967,0.15055010568574967,-0.23349756292704624,0.11475409836065574,0.11004045080493118,1149
0.005,0.02,0.01,bitcoin,-1,-1,-3.4635178977526344,-0.15058366882676955,0.15058366882676955,-0.23350104487070125,0.08275862068965517,0.12346529801587199,1149
0.005,0.02,0.01,ethereum,-1,-1,-3.230719944332712,-0.14902004317741302,0.15077135276085102,-0.23062861214022523,0.12921348314606743,0.2631347207593608,1149
0.005,0.02,0.01,binancecoin,-1,-1,-3.2070707960084164,-0.15189315049712804,0.15189315049712804,-0.23363702005454148,0.10759493670886076,0.1963411410041113,1149
0.005,0.02,0.01,solana,-1,-1,-4.251158924628035,-0.15103388991227396,0.15103388991227396,-0.23354776772784572,0.08771929824561403,0.14177061994065998,1149
0.005,0.02,0.02,portfolio,2356,2127,-3.0375324983264234,-0.1488585118588649,0.14912679052206534,-0.2329025334384453,0.145748987854251,0.3200628997629394,1149
0.005,0.02,0.02,bitcoin,-1,-1,-2.0422744000903768,-0.1496172274080405,0.1505730277347895,-0.23191927665448875,0.1,0.3977219287198374,1149
0.005,0.02,0.02,ethereum,-1,-1,-1.9977433929040105,-0.14569963558398613,0.15081507078039127,-0.2250931443157403,0.11304347826086956,0.4709974703329003,1149
0.005,0.02,0.02,binancecoin,-1,-1,-2.027193861078361,-0.1501808474267864,0.1501808474267864,-0.233459265539077,0.09844559585492228,0.3958021185445824,1149
0.005,0.02,0.02,solana,-1,-1,-3.093022455574129,-0.15088948993105233,0.15088948993105233,-0.23353277909597733,0.08152173913043478,0.2651307085481248,1149
0.005,0.02,0.03,portfolio,2368,2107,-2.2133841464666917,-0.14818621114026453,0.1488754788677342,-0.23217280869409138,0.18203309692671396,0.4760439123085763,1149
0.005,0.02,0.03,bitcoin,-1,-1,-1.544156627204714,-0.15180621163379981,0.15180621163379981,-0.2336279848218629,0.10047846889952153,0.47359842225227206,1149
0.005,0.02,0.03,ethereum,-1,-1,-1.2153178599319645,-0.1420598791647688,0.1505488279935818,-0.21950510875387394,0.1477832512315271,0.6574895232108114,1149
0.005,0.02,0.03,binancecoin,-1,-1,-1.4146305234091117,-0.15129733089772868,0.15129733089772868,-0.23357512041443226,0.1103202846975089,0.5526663053405638,1149
0.005,0.02,0.03,solana,-1,-1,-2.4208630451966693,-0.14973079069352802,0.15007521779107214,-0.23287692554442527,0.07772020725388601,0.33942003942586374,1149
0.005,0.02,0.05,portfolio,2353,1901,-0.5530687165808793,-0.08016388138476493,0.10462094214338513,-0.1735743701648543,0.2595217006200177,0.891232230621485,1149
0.005,0.02,0.05,bitcoin,-1,-1,-1.1465750052692352,-0.1477009844021201,0.1511691560478059,-0.2278523617464965,0.10121457489878542,0.5803645021298328,1149
0.005,0.02,0.05,ethereum,-1,-1,-0.1181100692291634,-0.04330692190915075,0.14291233775686768,-0.06761445369556303,0.20452488687782805,0.9718033298227935,1149
0.005,0.02,0.05,binancecoin,-1,-1,0.0806795180070116,0.015072008464877884,0.12789327096383188,0.025695916617870938,0.21844225604297224,1.0199528051357953,1149
0.005,0.02,0.05,solana,-1,-1,-1.2161985843957075,-0.14950220148021154,0.15280674588952742,-0.22834174472526264,0.09171597633136094,0.6233388490162652,1149
0.005,0.02,0.08,portfolio,2284,1818,-0.2493533257580145,-0.044936512266188444,0.0825936495060353,-0.12147614700859971,0.250886524822695,0.9440638390003764,1149
0.005,0.02,0.08,bitcoin,-1,-1,-0.7812234555956241,-0.13103355301388464,0.15058883147664043,-0.20143738019154556,0.14788732394366197,0.6829827424558176,1149
0.005,0.02,0.08,ethereum,-1,-1,-0.21352852324700536,-0.061612177264599666,0.15047849975189526,-0.09204139938261689,0.2226950354609929,0.9337474984856658,1149
0.005,0.02,0.08,binancecoin,-1,-1,0.39135221873352916,0.14705534799631148,0.09985530959955255,0.3059199931251132,0.23813786929274844,1.1040427728527133,1149
0.005,0.02,0.08,solana,-1,-1,-0.5129016999759138,-0.12973142809466232,0.1507205905100661,-0.1991481570441375,0.11348684210526316,0.8412566933841218,1149
0.005,0.02,0.12,portfolio,2194,1668,0.3043740925528143,0.0633056271449739,0.07794044780887395,0.1738958907363362,0.2940655447298494,1.0728884871253421,1149
0.005,0.02,0.12,bitcoin,-1,-1,-0.555228263300126,-0.10711333808866186,0.15022258711832248,-0.16337059218797298,0.16172506738544473,0.7814757620164,1149
0.005,0.02,0.12,ethereum,-1,-1,0.660052905211185,0.28735728635964075,0.1010508052089117,0.5636956310069864,0.24705882352941178,1.1956353983667207,1149
0.005,0.02,0.12,binancecoin,-1,-1,0.3411114014831603,0.14436597019572583,0.11851657172271365,0.2532753226634494,0.24888093106535364,1.0987035456603926,1149
0.005,0.02,0.12,solana,-1,-1,-0.16275276309165204,-0.06234316436539866,0.15161449482070152,-0.09246334848057952,0.13864306784660768,0.9481610561064,1149
0.01,0.02,0.0,portfolio,1519,905,2.2067017658980763,1.5314301166860242,0.04617396235238918,4.893079061065668,0.4336283185840708,1.6658184007841252,1149
0.01,0.02,0.0,bitcoin,-1,-1,1.6668822146092264,1.2941194081518197,0.10095088069252292,1.9786839978342434,0.39285714285714285,1.57106761865699,1149
0.01,0.02,0.0,ethereum,-1,-1,1.5492786253951008,1.4664370927847332,0.09556454161922473,2.2912204526009656,0.40613718411552346,1.5039796364656115,1149
0.01,0.02,0.0,binancecoin,-1,-1,1.1760627639348935,0.897633787038771,0.11826332013550181,1.2755241979499559,0.38873994638069703,1.3437548556754026,1149
0.01,0.02,0.0,solana,-1,-1,1.5070606452038797,2.4410340337208414,0.10398302836782979,2.9939081871518916,0.305829596412556,1.476034212569552,1149
0.01,0.02,0.01,portfolio,2370,2114,-3.5310711319972405,-0.149934520473883,0.15095107208313416,-0.23186171314623003,0.18,0.15323230779519362,1149
0.01,0.02,0.01,bitcoin,-1,-1,-2.3741331513815123,-0.1502035374202937,0.1502035374202937,-0.23346161825718598,0.2542372881355932,0.24018178462801745,1149
0.01,0.02,0.01,ethereum,-1,-1,-2.640542595239774,-0.14900503495163953,0.15042975208463866,-0.23112751198124062,0.22580645161290322,0.2727356943397508,1149
0.01,0.02,0.01,binancecoin,-1,-1,-2.3374903226518766,-0.15152200218197764,0.15289730801321724,-0.23149724575837843,0.22695035460992907,0.3136416012719773,1149
0.01,0.02,0.01,solana,-1,-1,-3.4384292838839494,-0.1496651990507032,0.15092912963970218,-0.23145120015908224,0.18181818181818182,0.19556102588115173,1149
0.01,0.02,0.02,portfolio,2361,2122,-2.333321440878062,-0.14834484080693344,0.15056144685914746,-0.22983488249763334,0.26339285714285715,0.4214764301160802,1149
0.01,0.02,0.02,bitcoin,-1,-1,-1.8512038591560185,-0.1521396621725456,0.1521396621725456,-0.2336626449761292,0.22695035460992907,0.3838129694011659,1149
0.01,0.02,0.02,ethereum,-1,-1,-1.425072585235436,-0.14701361745442776,0.1512806594786514,-0.2265558346806116,0.2463768115942029,0.6048912724641127,1149
0.01,0.02,0.02,binancecoin,-1,-1,-1.3087063243708563,-0.14774832400911364,0.15075343594665164,-0.22855871589718446,0.23529411764705882,0.5902728587149353,1149
0.01,0.02,0.02,solana,-1,-1,-2.1155244311367745,-0.14848414007649446,0.1532964361597286,-0.22596028321209383,0.18562874251497005,0.4300157195664504,1149
0.01,0.02,0.03,portfolio,2394,2058,-1.4698495552657596,-0.14418978005889405,0.14761781250099065,-0.22743350164182763,0.2883817427385892,0.6559593609440694,1149
0.01,0.02,0.03,bitcoin,-1,-1,-0.9762250603121717,-0.14836639346740732,0.15082953291628934,-0.22946189702717698,0.25984251968503935,0.6974612163675139,1149
0.01,0.02,0.03,ethereum,-1,-1,-0.8009480550596138,-0.14337435062852044,0.1510094995588723,-0.22098844389531921,0.2709677419354839,0.8032785148328633,1149
0.01,0.02,0.03,binancecoin,-1,-1,-0.9887297094026904,-0.1491864210807724,0.15380123702187246,-0.2263543573184241,0.21554770318021202,0.7036427016348092,1149
0.01,0.02,0.03,solana,-1,-1,-1.4656156493382289,-0.14081725419643887,0.15014248674940986,-0.21805451464105677,0.17679558011049723,0.554225624612243,1149
0.01,0.02,0.05,portfolio,2329,1702,0.23421972087686016,0.04161749714022944,0.1014460315996993,0.08854836267106156,0.3826395039858282,1.046695075080682,1149
0.01,0.02,0.05,bitcoin,-1,-1,-0.265877872982987,-0.05870537068027204,0.1514906127875619,-0.08700926932016052,0.32727272727272727,0.9190286253925323,1149
0.01,0.02,0.05,ethereum,-1,-1,0.5832860398540546,0.23048638873120675,0.08553668997911111,0.5440916948951976,0.33935018050541516,1.1301191006570892,1149
0.01,0.02,0.05,binancecoin,-1,-1,0.34924138172234737,0.1320193353890542,0.15129075956441126,0.18222985947500184,0.3225806451612903,1.0763370331035822,1149
0.01,0.02,0.05,solana,-1,-1,-0.7053001778403187,-0.12562871547084187,0.1527456904332044,-0.18995400613423544,0.15737704918032788,0.7772556127425827,1149
0.01,0.02,0.08,portfolio,2088,1274,1.0831393263629716,0.3399592301543961,0.07714827692291112,0.8592078576558093,0.3823008849557522,1.2313048533981672,1149
0.01,0.02,0.08,bitcoin,-1,-1,1.1872546915087505,0.6543946588794081,0.14130734106491616,0.8261445127678071,0.37410714285714286,1.3410404356528762,1149
0.01,0.02,0.08,ethereum,-1,-1,0.8511930061978898,0.42497553845407343,0.1033250198783239,0.7817065258511173,0.36462093862815886,1.2113186204062167,1149
0.01,0.02,0.08,binancecoin,-1,-1,0.5829523879256743,0.27152159749180216,0.14395055624224676,0.3757997038703918,0.3333333333333333,1.1375053447210477,1149
0.01,0.02,0.08,solana,-1,-1,0.08962681036659159,0.018321597983143256,0.14727557536779998,0.027091287600456714,0.21973094170403587,1.0188365642250363,1149
0.01,0.02,0.12,portfolio,2012,1373,1.2943084548866919,0.42011878837757766,0.05719435716204027,1.3980553255328505,0.36283185840707965,1.3079417388815968,1149
0.01,0.02,0.12,bitcoin,-1,-1,1.343575341748307,0.9090501277668359,0.13841916704692547,1.100733879109518,0.38125,1.4442949962125293,1149
0.01,0.02,0.12,ethereum,-1,-1,1.1667578974962003,0.7464874398510788,0.09816492468301831,1.3251916298547015,0.37364620938628157,1.3278428356536855,1149
0.01,0.02,0.12,binancecoin,-1,-1,-0.533156295994788,-0.12756346694616205,0.15332718120083672,-0.1923095552234075,0.2323943661971831,0.7966293371632179,1149
0.01,0.02,0.12,solana,-1,-1,0.5579854546625648,0.3168056397841619,0.1529242008529383,0.4068547612647778,0.24050632911392406,1.1330724265495382,1149
0.015,0.02,0.0,portfolio,1311,707,2.574953115071137,2.1266570951387274,0.042243593482500764,6.7240709699210335,0.47168141592920354,1.7860742758101693,1149
0.015,0.02,0.0,bitcoin,-1,-1,2.0214461266382253,1.819605827331761,0.07350394405706681,3.4728232497780076,0.45535714285714285,1.6889450866960933,1149
0.015,0.02,0.0,ethereum,-1,-1,1.8097026539917584,2.021289180332681,0.08954136212369847,3.064851710623712,0.45536519386834984,1.5683037132672972,1149
0.015,0.02,0.0,binancecoin,-1,-1,1.3005596215375912,1.0782943310466573,0.10320265222106466,1.6863117170679294,0.4357142857142857,1.363993353265038,1149
0.015,0.02,0.0,solana,-1,-1,1.8038363875496852,3.8155296817037527,0.10398302836782983,3.9585455293718876,0.3756708407871199,1.5434059451812314,1149
0.015,0.02,0.01,portfolio,2371,2113,-2.9293604487166602,-0.14962514797370507,0.15064206954635373,-0.2318260711351976,0.27972027972027974,0.19966655806857905,1149
0.015,0.02,0.01,bitcoin,-1,-1,-1.8710690720807062,-0.1507134283288064,0.1507134283288064,-0.23351450803233198,0.35789473684210527,0.29772684856796355,1149
0.015,0.02,0.01,ethereum,-1,-1,-2.2950028296625637,-0.1488868663011227,0.15031178126948855,-0.23111335445771294,0.26436781609195403,0.24798560593184696,1149
0.015,0.02,0.01,binancecoin,-1,-1,-1.9648636476588075,-0.14866640042451307,0.1500463349270427,-0.23115678121491723,0.31343283582089554,0.36725538125129725,1149
0.015,0.02,0.01,solana,-1,-1,-2.8890044560117185,-0.1511759780614953,0.1524376630411145,-0.23162938599970032,0.28205128205128205,0.23492929071364524,1149
0.015,0.02,0.02,portfolio,2366,2113,-1.7255664481025852,-0.14835839987787047,0.1505749706398401,-0.22983662735779392,0.3231441048034934,0.5391058901461809,1149
0.015,0.02,0.02,bitcoin,-1,-1,-1.067958394584302,-0.1502290035701409,0.1502290035701409,-0.23346425892140577,0.37320574162679426,0.6713511786913543,1149
0.015,0.02,0.02,ethereum,-1,-1,-1.144498683496521,-0.1474127822917758,0.1508360282677756,-0.22788090370172723,0.33962264150943394,0.6798033164250041,1149
0.015,0.02,0.02,binancecoin,-1,-1,-1.0964766362930698,-0.1486629988895799,0.15166488560564906,-0.22868432442923192,0.3063583815028902,0.6389246511359674,1149
0.015,0.02,0.02,solana,-1,-1,-1.8437893848937947,-0.15047227710385536,0.15378528636852806,-0.2284594058033521,0.2848101265822785,0.48832301077976265,1149
0.015,0.02,0.03,portfolio,2393,1941,-0.8176222438731544,-0.11338167657643239,0.13352559045303633,-0.19507871391483847,0.402493321460374,0.8504318071740812,1149
0.015,0.02,0.03,bitcoin,-1,-1,-0.8072041940229302,-0.15075171053182335,0.15090134030628183,-0.23328692970697973,0.33797909407665505,0.761554693222574,1149
0.015,0.02,0.03,ethereum,-1,-1,-0.061045735252071257,-0.03337836754163148,0.14848234921114767,-0.04995809717822457,0.3969258589511754,0.9891462515508368,1149
0.015,0.02,0.03,binancecoin,-1,-1,-0.7271606032703186,-0.1331914988144698,0.15147411767476598,-0.20375006621867223,0.29285714285714287,0.7791818691851773,1149
0.015,0.02,0.03,solana,-1,-1,-1.092853294847764,-0.1438244263183388,0.15162517071698886,-0.2208258961991372,0.28421052631578947,0.6701192844797238,1149
0.015,0.02,0.05,portfolio,2231,1400,1.1309158987291872,0.3039134536666763,0.09712215034438695,0.61704059591018,0.4389380530973451,1.2360495936317288,1149
0.015,0.02,0.05,bitcoin,-1,-1,1.2115528994703726,0.6336692475999319,0.14818614301244426,0.7669872053483269,0.4401785714285714,1.3146397405919,1149
0.015,0.02,0.05,ethereum,-1,-1,0.9469206807903425,0.45982622880971147,0.1188230295085675,0.7280784018239173,0.4084761045987376,1.2057654188584581,1149
0.015,0.02,0.05,binancecoin,-1,-1,0.5970267501691605,0.28297187729868245,0.12866809413261007,0.43655862108791693,0.40089285714285716,1.1278249835206444,1149
0.015,0.02,0.05,solana,-1,-1,-0.3950646532947943,-0.09393504020503918,0.1502965802127868,-0.1424012627915415,0.2389937106918239,0.8814950803900188,1149
0.015,0.02,0.08,portfolio,1947,1082,1.678370035756289,0.6898934611771601,0.06890164615917521,1.7699466467401856,0.42743362831858406,1.3806895154952794,1149
0.015,0.02,0.08,bitcoin,-1,-1,1.758436475978115,1.2618454000343373,0.11987534315227683,1.635262341410196,0.44285714285714284,1.5319978179872473,1149
0.015,0.02,0.08,ethereum,-1,-1,1.270189377792228,0.7960516466027565,0.10957823923274079,1.2506551520335212,0.42741208295761945,1.3085772598699585,1149
0.015,0.02,0.08,binancecoin,-1,-1,0.7652266666722681,0.4101102446597218,0.10320265222106453,0.758575104673214,0.4,1.1723816224484966,1149
0.015,0.02,0.08,solana,-1,-1,0.5647743961351773,0.3326131781953692,0.147187838365652,0.44162322757503086,0.30143112701252234,1.1165734166262788,1149
0.015,0.02,0.12,portfolio,1718,951,1.953773307761455,1.001804154235546,0.04300188859824722,3.823457745309015,0.43805309734513276,1.4991643490327022,1149
0.015,0.02,0.12,bitcoin,-1,-1,1.7001610896373185,1.3562345610529714,0.10696949252349952,1.933263883874382,0.4446428571428571,1.5606095577785155,1149
0.015,0.02,0.12,ethereum,-1,-1,1.4183368670857517,1.074620101941837,0.07530484224228359,2.304982042156306,0.42741208295761945,1.3783995098402182,1149
0.015,0.02,0.12,binancecoin,-1,-1,1.0708616012251548,0.7335293035922281,0.10320265222106459,1.242633166137185,0.4160714285714286,1.2748232242572297,1149
0.015,0.02,0.12,solana,-1,-1,0.9144926283137984,0.7454878902431648,0.15611886081483323,0.8323494898816048,0.3194570135746606,1.2126319954664153,1149
0.02,0.02,0.0,portfolio,1176,583,2.6076839132951695,2.425742195968743,0.042560665317877215,7.284550969417594,0.4911504424778761,1.8248654025203246,1149
0.02,0.02,0.0,bitcoin,-1,-1,2.0646718497259253,1.9517440283004306,0.06180770389777537,4.3350345061759405,0.46964285714285714,1.7012764393622957,1149
0.02,0.02,0.0,ethereum,-1,-1,1.7252070381173934,1.9118191198511165,0.09251393259583725,2.8553229802101443,0.4756756756756757,1.5160768136705998,1149
0.02,0.02,0.0,binancecoin,-1,-1,1.4761111863715566,1.4494683389451093,0.13799199905115092,1.5733896634156208,0.4625,1.4364052758266217,1149
0.02,0.02,0.0,solana,-1,-1,1.9546269493906616,4.821212579428829,0.10398302836782983,4.535155146952684,0.41144901610017887,1.5761003716695814,1149
0.02,0.02,0.01,portfolio,2372,2112,-2.7808875871174648,-0.14908719054221464,0.15010475543176754,-0.23176409190339012,0.30303030303030304,0.18709371140567344,1149
0.02,0.02,0.01,bitcoin,-1,-1,-1.5860881917681413,-0.15038686134913726,0.15038686134913726,-0.2334806297468343,0.46774193548387094,0.4002545452095751,1149
0.02,0.02,0.01,ethereum,-1,-1,-1.9618436957458494,-0.14878588463085596,0.15021096866052258,-0.2311012552533704,0.38095238095238093,0.29839729273794496,1149
0.02,0.02,0.01,binancecoin,-1,-1,-1.715254185797153,-0.14877765765413586,0.15015741181879338,-0.23117005577713073,0.4032258064516129,0.391550419228301,1149
0.02,0.02,0.01,solana,-1,-1,-2.6680266210679906,-0.1499025129963013,0.15116609084382165,-0.2314791964129147,0.29347826086956524,0.20628128056827122,1149
0.02,0.02,0.02,portfolio,2382,2092,-1.5733779489317847,-0.14912802517035018,0.15134259282570695,-0.2299356101025079,0.3562231759656652,0.5793714587115572,1149
0.02,0.02,0.02,bitcoin,-1,-1,-0.9356776000543157,-0.15097085898300566,0.15097085898300566,-0.23354122478899694,0.42035398230088494,0.7101418240037751,1149
0.02,0.02,0.02,ethereum,-1,-1,-1.027536830730994,-0.1504965600029876,0.15359028973147376,-0.22878883875782816,0.41203703703703703,0.7111566677413884,1149
0.02,0.02,0.02,binancecoin,-1,-1,-0.9688970823906952,-0.15245047118016275,0.1554390029466153,-0.22920185413925007,0.3657142857142857,0.6736070055812095,1149
0.02,0.02,0.02,solana,-1,-1,-1.5754470302736674,-0.14728709280110797,0.15004460199115954,-0.22887481807435564,0.3509933774834437,0.5424082391108331,1149
0.02,0.02,0.03,portfolio,2366,1623,-0.08863591751339749,-0.018998402493826227,0.11442887612758358,-0.03668658316174209,0.4592920353982301,0.9831004358123181,1149
0.02,0.02,0.03,bitcoin,-1,-1,0.3559422960409536,0.12180200729615032,0.1147515251076121,0.22246654038387367,0.4517857142857143,1.0747027129688296,1149
0.02,0.02,0.03,ethereum,-1,-1,-0.5395263327079094,-0.10234836696279159,0.152729609489141,-0.15322910275505264,0.38661710037174724,0.8486187638185593,1149
0.02,0.02,0.03,binancecoin,-1,-1,0.1716668930621823,0.05122431041281672,0.15373953893260237,0.07165714564864974,0.4514851485148515,1.0343886728067022,1149
0.02,0.02,0.03,solana,-1,-1,-0.9199877805841449,-0.14592222967648694,0.15417475932145575,-0.22054615169827846,0.35384615384615387,0.7240064783859811,1149
0.02,0.02,0.05,portfolio,2183,1175,1.2465825839156304,0.43664210581060314,0.05802519759470183,1.4253175102586237,0.4451327433628319,1.250868103675575,1149
0.02,0.02,0.05,bitcoin,-1,-1,1.3746771996897578,0.7996310203312882,0.06940690821402798,1.9816642926208874,0.4642857142857143,1.3585281047035445,1149
0.02,0.02,0.05,ethereum,-1,-1,1.0263895247964163,0.5487602561563674,0.1307532475195998,0.770125537652531,0.4477477477477477,1.2186380209874146,1149
0.02,0.02,0.05,binancecoin,-1,-1,0.7924830298367056,0.431831376088311,0.15302445194651007,0.5352617242557328,0.4431512981199642,1.1726810103141385,1149
0.02,0.02,0.05,solana,-1,-1,0.06718401165643405,0.005230515911386346,0.14825954446302986,0.007721781909944197,0.3393017009847807,1.0116782515502811,1149
0.02,0.02,0.08,portfolio,1838,932,2.206833926828048,1.0959103919008477,0.040914756730858044,4.306690552354428,0.46283185840707963,1.5199939096976287,1149
0.02,0.02,0.08,bitcoin,-1,-1,1.9414642702913552,1.5157016704495905,0.06463698885442892,3.4695026250424,0.46339285714285716,1.585440126974094,1149
0.02,0.02,0.08,ethereum,-1,-1,1.3166599067366944,0.911896704812186,0.11679200033046357,1.3077890865090618,0.45585585585585586,1.3120491720834022,1149
0.02,0.02,0.08,binancecoin,-1,-1,1.2244515654436903,0.8300266847327766,0.13211208490285345,1.0727822858803358,0.44821428571428573,1.29301100277381,1149
0.02,0.02,0.08,solana,-1,-1,1.185572277586629,1.030692083737104,0.12285512029422567,1.368121329719273,0.3613595706618962,1.250688774094974,1149
0.02,0.02,0.12,portfolio,1593,812,2.3598890655996776,1.491411878872443,0.03802455744814467,5.829282279151357,0.4646017699115044,1.6262436106084883,1149
0.02,0.02,0.12,bitcoin,-1,-1,1.8370967170431582,1.6068301459963155,0.0809050536700505,2.890423636891433,0.4642857142857143,1.6099952046910273,1149
0.02,0.02,0.12,ethereum,-1,-1,1.5305592708575506,1.308051945262155,0.08466696771888456,2.378072048063738,0.45675675675675675,1.4018863884717403,1149
0.02,0.02,0.12,binancecoin,-1,-1,1.3857210564487739,1.1474670907306086,0.13799199905115014,1.3224882690798225,0.4544642857142857,1.371805895354102,1149
0.02,0.02,0.12,solana,-1,-1,1.4444225825840251,1.7179764835187945,0.11695531070346887,2.0965310270452076,0.3694096601073345,1.3430083237617794,1149
0.03,0.02,0.0,portfolio,863,440,2.891554608037185,3.017559902575763,0.04314983986280999,8.264942467289975,0.5265486725663717,1.9391218464394582,1149
0.03,0.02,0.0,bitcoin,-1,-1,2.075896675772412,2.0222247541450398,0.07516461156975487,3.6522178958661664,0.4924309884238646,1.6997654888728002,1149
0.03,0.02,0.0,ethereum,-1,-1,1.949297520537823,2.4250512709602674,0.08739558101620733,3.5468313095377693,0.5112714156898106,1.5916519424129842,1149
0.03,0.02,0.0,binancecoin,-1,-1,1.9069719463291712,2.300183734334573,0.09810887795379307,3.051208823598056,0.4901785714285714,1.5937925699214048,1149
0.03,0.02,0.0,solana,-1,-1,2.063318979998209,5.746246115204035,0.13036985074338647,3.9883108380798427,0.46030330062444247,1.5952700652973129,1149
0.03,0.02,0.01,portfolio,2381,2093,-2.0115946852217212,-0.1526812092858768,0.15369447626470925,-0.2321781221523377,0.47368421052631576,0.422225730681873,1149
0.03,0.02,0.01,bitcoin,-1,-1,-1.065792740691875,-0.15580044513683344,0.15580044513683344,-0.234044210397535,0.6,0.6280590843873154,1149
0.03,0.02,0.01,ethereum,-1,-1,-1.4518044318740513,-0.15110913052281194,0.15253032502508723,-0.23137943514594483,0.574468085106383,0.4904460968356523,1149
0.03,0.02,0.01,binancecoin,-1,-1,-1.2457962035531198,-0.15633366096000345,0.1577011675290437,-0.2320699498159222,0.5432098765432098,0.547721008794692,1149
0.03,0.02,0.01,solana,-1,-1,-1.8580223130570006,-0.15082280624944433,0.1520850161807131,-0.23158774070108343,0.546875,0.40035888311846096,1149
0.03,0.02,0.02,portfolio,2294,1689,-0.09920227404753587,-0.021185791468527282,0.10447212202531847,-0.04484839898899701,0.5256637168141592,0.9817434468321883,1149
0.03,0.02,0.02,bitcoin,-1,-1,0.530029536036936,0.19108795878396068,0.10552789722299286,0.37048966427837143,0.5165031222123104,1.1129432693878039,1149
0.03,0.02,0.02,ethereum,-1,-1,-0.8116996092115771,-0.14623847291180225,0.15332817715377384,-0.2222755760960904,0.5248868778280543,0.7584638303209891,1149
0.03,0.02,0.02,binancecoin,-1,-1,0.11899208230189703,0.030962076134989802,0.135770347524211,0.049422020556607674,0.51295799821269,1.0226101421978302,1149
0.03,0.02,0.02,solana,-1,-1,-0.9186282881351208,-0.14681822257710375,0.15311409349964716,-0.22352613869486068,0.5238095238095238,0.7165478673814099,1149
0.03,0.02,0.03,portfolio,2211,1543,0.844289323253036,0.18448678585542488,0.08587830572843415,0.4405213042469726,0.5106194690265486,1.1714254681240603,1149
0.03,0.02,0.03,bitcoin,-1,-1,1.0227473157979527,0.4857381255770854,0.09147250940859115,0.9916992254825149,0.49554367201426025,1.2405584307725193,1149
0.03,0.02,0.03,ethereum,-1,-1,-0.37791239829823897,-0.0866007042299084,0.15034885980085194,-0.1308326574578256,0.48616600790513836,0.8870812182780816,1149
0.03,0.02,0.03,binancecoin,-1,-1,0.9829273535849224,0.514071857721371,0.1063558676703944,0.8954993358150304,0.4955357142857143,1.205558171485189,1149
0.03,0.02,0.03,solana,-1,-1,-0.3216915516501688,-0.07186381466433944,0.1500354470700467,-0.10812933546591384,0.4775510204081633,0.9026153349939086,1149
0.03,0.02,0.05,portfolio,1909,1032,2.03379237519379,0.9229478303449996,0.036776875755037665,4.192780451044965,0.49911504424778763,1.450429938030371,1149
0.03,0.02,0.05,bitcoin,-1,-1,1.661135712742043,1.1411701941483754,0.07575619885875119,2.3988989163142573,0.5013357079252003,1.464159490830562,1149
0.03,0.02,0.05,ethereum,-1,-1,1.5472077080211006,1.0600182754919918,0.12276942999434808,1.3990430590627205,0.5004508566275925,1.3486948110365966,1149
0.03,0.02,0.05,binancecoin,-1,-1,1.5860136550698416,1.2354048285523858,0.08666926740173751,2.226246330239832,0.48839285714285713,1.3898936520464384,1149
0.03,0.02,0.05,solana,-1,-1,0.4952135600862375,0.29078913058838873,0.14684810983473884,0.39210056403151494,0.42716711349419123,1.0869365666671245,1149
0.03,0.02,0.08,portfolio,1555,780,2.660680357932353,1.5935257117328439,0.03619504613890342,6.422592042313468,0.5026548672566372,1.67053187640302,1149
0.03,0.02,0.08,bitcoin,-1,-1,2.007056024177231,1.7277709675790343,0.07650762917614358,3.2177600607217434,0.4924309884238646,1.6259589043674698,1149
0.03,0.02,0.08,ethereum,-1,-1,1.7346430358025153,1.475803742950561,0.07993971370703051,2.751738732087907,0.4995491433724076,1.432480360572212,1149
0.03,0.02,0.08,binancecoin,-1,-1,1.7776007069891888,1.5507544583260175,0.08121799222115415,2.8070045427897075,0.48660714285714285,1.4592068313634146,1149
0.03,0.02,0.08,solana,-1,-1,1.35784306229804,1.4096003694805743,0.1451959561550939,1.4652099878608678,0.43532560214094557,1.279141601311383,1149
0.03,0.02,0.12,portfolio,1337,780,2.7589866956799907,1.8757139725865977,0.03615482262359901,7.210726838744946,0.5150442477876106,1.7993566384862962,1149
0.03,0.02,0.12,bitcoin,-1,-1,1.8543978483945165,1.4972241114741225,0.0740618160626625,3.0012817632282296,0.4897595725734639,1.5655784204585688,1149
0.03,0.02,0.12,ethereum,-1,-1,1.933487821188118,1.9897028304592048,0.06483840692430286,4.187284210040178,0.4995491433724076,1.5272824665289277,1149
0.03,0.02,0.12,binancecoin,-1,-1,1.8375680118402666,1.996208549525928,0.10444616696256824,2.6051999333636346,0.4875,1.53654325753863,1149
0.03,0.02,0.12,solana,-1,-1,1.6338798465234834,1.8003584294992199,0.15235068222872777,1.6631488452960246,0.4560117302052786,1.5018663467387598,1149
0.05,0.02,0.0,portfolio,611,251,2.891845213745917,3.0879807947117826,0.04432818895267585,8.162096429515548,0.5309734513274337,1.9209139388661574,1149
0.05,0.02,0.0,bitcoin,-1,-1,2.0855198282444873,2.075032020597984,0.06743412194155615,4.142839835680415,0.4973309608540925,1.704341320245218,1149
0.05,0.02,0.0,ethereum,-1,-1,1.8034063672070022,2.1811692422347777,0.10271977369937248,2.8127571313641053,0.5197841726618705,1.5292200743889937,1149
0.05,0.02,0.0,binancecoin,-1,-1,1.7239836739774896,1.9870217436186244,0.09810887795379293,2.7647515267277196,0.49910714285714286,1.515045024239805,1149
0.05,0.02,0.0,solana,-1,-1,2.2726911352794743,7.423652996827013,0.12019931011116201,4.956870091905604,0.4897413024085638,1.65253575214693,1149
0.05,0.02,0.01,portfolio,2258,1770,-0.5057299348333547,-0.07311674026743076,0.11124617362523513,-0.14845142829534552,0.6088495575221239,0.8990389793791922,1149
0.05,0.02,0.01,bitcoin,-1,-1,0.1646540865680454,0.039705119601916916,0.12033487178323465,0.07127031781264713,0.6126447016918967,1.0354962793645879,1149
0.05,0.02,0.01,ethereum,-1,-1,-0.8416292176423996,-0.14420563892061322,0.152766251961865,-0.21979438096126977,0.7258687258687259,0.7196384447931032,1149
0.05,0.02,0.01,binancecoin,-1,-1,-0.0637408063780116,-0.029367466418876997,0.15039955287811588,-0.04332495781606108,0.6528662420382165,0.9858249630867136,1149
0.05,0.02,0.01,solana,-1,-1,-1.2299470880461922,-0.15921267180165266,0.16046241110641385,-0.23257600656159666,0.7212121212121212,0.5299044982236828,1149
0.05,0.02,0.02,portfolio,2038,1357,0.9246190156214119,0.2208489329483081,0.06950920175563287,0.6436063227239504,0.5707964601769911,1.186015734607927,1149
0.05,0.02,0.02,bitcoin,-1,-1,1.3165183859400653,0.5840365236725211,0.06638185482520419,1.5990319694692947,0.5435943060498221,1.3093485105867673,1149
0.05,0.02,0.02,ethereum,-1,-1,0.4551311281412557,0.1804346122251983,0.13482782547788158,0.27480596318433054,0.5653742110009017,1.0877368169495407,1149
0.05,0.02,0.02,binancecoin,-1,-1,0.6814318252109288,0.3113078119142869,0.12865862023759372,0.4760169532440814,0.5495978552278821,1.1383108492019354,1149
0.05,0.02,0.02,solana,-1,-1,-0.5623289854284192,-0.12649236485686,0.15108541853065777,-0.19343417449954564,0.6333333333333333,0.8196744613663398,1149
0.05,0.02,0.03,portfolio,1937,1074,1.6718206215796512,0.5982998962092054,0.049033451069598104,2.2091767872350077,0.5460176991150443,1.3384131660299872,1149
0.05,0.02,0.03,bitcoin,-1,-1,1.6218242462684076,0.9226904891762016,0.06269515470590237,2.4589378217717406,0.5169039145907474,1.4133633341244505,1149
0.05,0.02,0.03,ethereum,-1,-1,1.1776022952726712,0.6653618097186373,0.10308587385129775,1.148166343024198,0.5311091073038774,1.2466424432092225,1149
0.05,0.02,0.03,binancecoin,-1,-1,1.1314382523413429,0.6704984605706419,0.1172541403358074,1.01587341843809,0.5205357142857143,1.2434497842491197,1149
0.05,0.02,0.03,solana,-1,-1,0.32513525410071437,0.1492382282771012,0.1566643338692819,0.19773192916103566,0.5462012320328542,1.0577168314866807,1149
0.05,0.02,0.05,portfolio,1597,808,2.590640122279295,1.4612333906450838,0.03538349784254258,6.1722254046378415,0.547787610619469,1.6106858848933054,1149
0.05,0.02,0.05,bitcoin,-1,-1,1.8774038797122912,1.4050066338407796,0.06064538964078559,3.4996083969973633,0.5088967971530249,1.541816806328177,1149
0.05,0.02,0.05,ethereum,-1,-1,1.8406127954934999,1.56153514894191,0.06921954707763486,3.309985265392687,0.5242805755395683,1.4427169601592569,1149
0.05,0.02,0.05,binancecoin,-1,-1,1.6319628188569366,1.386273294036799,0.10776052051007223,1.9502305085255656,0.5107142857142857,1.4055948947241532,1149
0.05,0.02,0.05,solana,-1,-1,1.3211404903670154,1.2973110319619314,0.1453337006744326,1.3769398630101328,0.4928571428571429,1.253543047352144,1149
0.05,0.02,0.08,portfolio,1273,565,2.9579381815568677,2.123447500222719,0.0334356558796137,8.486739916006602,0.531858407079646,1.7734088498686358,1149
0.05,0.02,0.08,bitcoin,-1,-1,2.123944408344916,1.9576619796521104,0.06743412194155587,3.9815989246564643,0.5026690391459074,1.6748610946289229,1149
0.05,0.02,0.08,ethereum,-1,-1,1.8540410737005972,1.8044004897368229,0.09574096636305973,2.6506774531703856,0.5170863309352518,1.4741871124962533,1149
0.05,0.02,0.08,binancecoin,-1,-1,1.8231239404876403,1.774298695128051,0.10564404649316095,2.374146101102916,0.5035714285714286,1.4842572511440129,1149
0.05,0.02,0.08,solana,-1,-1,1.8474455848870859,2.7539499154115297,0.12019931011116296,2.8002468264494196,0.4888492417484389,1.400612728841263,1149
0.05,0.02,0.12,portfolio,970,432,2.984126497454847,2.5107232691555827,0.03463562575773951,9.155160676029086,0.5345132743362832,1.8417406405937118,1149
0.05,0.02,0.12,bitcoin,-1,-1,1.9656685986727476,1.6521698159516052,0.06695121678277956,3.5626666120744166,0.498220640569395,1.6046773902447025,1149
0.05,0.02,0.12,ethereum,-1,-1,1.8889308594965633,2.1067153760615125,0.10271977369937133,2.7477501579620145,0.5143884892086331,1.5206656147052295,1149
0.05,0.02,0.12,binancecoin,-1,-1,1.7807962078089183,1.935751112405307,0.09747167555827237,2.7333953964677677,0.5008928571428571,1.5033530601111478,1149
0.05,0.02,0.12,solana,-1,-1,2.1629216217033402,4.631468582497411,0.12560797744090973,3.6695328142048713,0.48438893844781444,1.518704312232183,1149
0.07,0.02,0.0,portfolio,405,141,2.8605397358078375,3.0108929178382375,0.045506538042541664,7.826059432037478,0.54070796460177,1.897202768463099,1149
0.07,0.02,0.0,bitcoin,-1,-1,2.006753605287371,1.987103842036034,0.06283918843080372,4.316642845641739,0.5048888888888889,1.6709610547001479,1149
0.07,0.02,0.0,ethereum,-1,-1,1.7970012189129319,2.1988888572224106,0.09689600757141499,2.998028417623858,0.5287769784172662,1.5250240860616966,1149
0.07,0.02,0.0,binancecoin,-1,-1,1.6870418702022547,1.94565356976964,0.0981088779537929,2.725179269644036,0.5004460303300624,1.5004914725987675,1149
0.07,0.02,0.0,solana,-1,-1,2.2186375692995486,7.067590352407766,0.14523718161508264,3.998754755411618,0.50355871886121,1.6287723868964916,1149
0.07,0.02,0.01,portfolio,2062,1617,0.32243486964372803,0.054497377617931386,0.07285657599483385,0.16067314304931202,0.631858407079646,1.0690996415485223,1149
0.07,0.02,0.01,bitcoin,-1,-1,1.0630541492282537,0.3667538502099408,0.08194644678019228,0.8655252429024315,0.6222222222222222,1.259082401351305,1149
0.07,0.02,0.01,ethereum,-1,-1,-0.3293920572298903,-0.08935782381394874,0.15145266984559858,-0.1341693820227955,0.6870229007633588,0.9106321558745399,1149
0.07,0.02,0.01,binancecoin,-1,-1,0.40675428161787053,0.13861453133125679,0.13052686334550598,0.22125499892086634,0.6642857142857143,1.087667140201189,1149
0.07,0.02,0.01,solana,-1,-1,-0.8277110129156283,-0.14636993391683695,0.15395467213735006,-0.22158295174966153,0.7953216374269005,0.6081503157160553,1149
0.07,0.02,0.02,portfolio,1777,1234,1.6365879035578617,0.45749509954473866,0.07439397134814774,1.1577782430351802,0.5902654867256637,1.3613786927254792,1149
0.07,0.02,0.02,bitcoin,-1,-1,1.6360420521629928,0.8235196376903238,0.0590377483163616,2.385522858733181,0.5502222222222222,1.4079119896303238,1149
0.07,0.02,0.02,ethereum,-1,-1,0.9667000049758703,0.4729295136006957,0.1351106512938413,0.6560840672668685,0.5809352517985612,1.2026516440554342,1149
0.07,0.02,0.02,binancecoin,-1,-1,1.2096411521326396,0.6687571456460779,0.10381510227760843,1.1449144381941772,0.5616071428571429,1.2649762433118217,1149
0.07,0.02,0.02,solana,-1,-1,-0.10919605276855612,-0.03136456224075823,0.15357610830791146,-0.04535036134843405,0.7228260869565217,0.952393969720705,1149
0.07,0.02,0.03,portfolio,1627,896,2.1573247812490703,0.8692021402661638,0.050424702593382026,2.9161045203019316,0.5743362831858407,1.4688085943353038,1149
0.07,0.02,0.03,bitcoin,-1,-1,1.683199398089611,1.0088294428545304,0.06557654874087393,2.520884923439276,0.5217777777777778,1.4381220213157353,1149
0.07,0.02,0.03,ethereum,-1,-1,1.4457966549175667,0.9289115374540853,0.10938198149287465,1.4168831720804127,0.5472547254725473,1.3194696074658032,1149
0.07,0.02,0.03,binancecoin,-1,-1,1.500022119286551,1.0304831591216757,0.07752053425001518,2.167868861194769,0.5263157894736842,1.341985410362774,1149
0.07,0.02,0.03,solana,-1,-1,0.7378044715878302,0.45246182572981275,0.16695518561690964,0.5109633241334889,0.5708582834331337,1.140901637634511,1149
0.07,0.02,0.05,portfolio,1297,686,2.7697054898313844,1.6162906167452507,0.038262103938430325,6.137418960661084,0.5601769911504425,1.678399821730589,1149
0.07,0.02,0.05,bitcoin,-1,-1,1.871392495756908,1.4376096797233857,0.06793460284617399,3.176884667563693,0.5155555555555555,1.549977360513546,1149
0.07,0.02,0.05,ethereum,-1,-1,1.8282428026660218,1.601573939160056,0.0741864473891352,3.1448306572881446,0.5350719424460432,1.446185262778241,1149
0.07,0.02,0.05,binancecoin,-1,-1,1.746029801623635,1.610164109361155,0.08392254992634615,2.7906182370024437,0.5173951828724354,1.4451924559808176,1149
0.07,0.02,0.05,solana,-1,-1,1.5554723724465496,1.600893394900147,0.155690295859602,1.4980577200811493,0.5243781094527363,1.32957122959066,1149
0.07,0.02,0.08,portfolio,977,410,3.0172156571410294,2.228622357341051,0.03665742960846899,7.9961490454379085,0.5486725663716814,1.7908742976098329,1149
0.07,0.02,0.08,bitcoin,-1,-1,2.104282269940782,1.9687505588472458,0.06283918843080398,4.289315970719425,0.5102222222222222,1.6718258776734032,1149
0.07,0.02,0.08,ethereum,-1,-1,1.890669874510073,1.8989424411701248,0.08987190452860254,2.925596723428218,0.5323741007194245,1.4895050594487569,1149
0.07,0.02,0.08,binancecoin,-1,-1,1.6103953046296997,1.5207340326492034,0.11136621078282082,2.0185197628692917,0.49866190900981266,1.4211447376165023,1149
0.07,0.02,0.08,solana,-1,-1,2.064717222495218,3.5225441663321106,0.1298734566104995,3.020792808044516,0.5204626334519573,1.464045039878868,1149
0.07,0.02,0.12,portfolio,727,304,3.083372751112748,2.677390326423773,0.03942401852504095,8.38476428233978,0.5460176991150443,1.880515904289089,1149
0.07,0.02,0.12,bitcoin,-1,-1,1.9074072618517348,1.626860184746199,0.0634433770440961,3.718637898956121,0.5048888888888889,1.589269876861084,1149
0.07,0.02,0.12,ethereum,-1,-1,2.027036122771618,2.4048241364981378,0.09689600757141571,3.181521511496341,0.5278776978417267,1.5687646039511343,1149
0.07,0.02,0.12,binancecoin,-1,-1,1.725458305643352,1.8970373793725983,0.11695303999457539,2.246601530096955,0.5022301516503123,1.4870419610126497,1149
0.07,0.02,0.12,solana,-1,-1,2.285544564328009,5.302799805255146,0.14362151636658052,3.4636722169240706,0.5062277580071174,1.5610787275961395,1149
0.1,0.02,0.0,portfolio,236,78,2.8882649167601357,3.0863268039617022,0.047274061677340454,7.6509205648194545,0.5451327433628319,1.9156429543955171,1149
0.1,0.02,0.0,bitcoin,-1,-1,2.052140688338286,2.062724643424452,0.0666325759589867,4.175794977316271,0.5084444444444445,1.6908613967368893,1149
0.1,0.02,0.0,ethereum,-1,-1,1.6861365482717117,2.0072826550248903,0.11416035351246007,2.3925368673631064,0.5305755395683454,1.486885452926341,1149
0.1,0.02,0.0,binancecoin,-1,-1,1.7478850385672937,2.0917971579271977,0.09810887795379304,2.8630978575099864,0.5075825156110616,1.528038842868024,1149
0.1,0.02,0.0,solana,-1,-1,2.257894515288613,7.561484000592683,0.1359365433503962,4.424880043940655,0.5111111111111111,1.6420653428837402,1149
0.1,0.02,0.01,portfolio,1943,1560,0.5593994599910536,0.10777464466265418,0.0817131611491774,0.2778264057502036,0.6424778761061947,1.1314418620790894,1149
0.1,0.02,0.01,bitcoin,-1,-1,1.4574048104598218,0.5428610056558545,0.06307688392822765,1.5818080980820735,0.6133333333333333,1.3705516593672702,1149
0.1,0.02,0.01,ethereum,-1,-1,-0.3252901320885305,-0.09829832371616343,0.15788178131999445,-0.1421186047992084,0.6992481203007519,0.896140072237206,1149
0.1,0.02,0.01,binancecoin,-1,-1,0.6071346264152138,0.23769302796374303,0.1361095112958145,0.3517831144055095,0.6645851917930419,1.1406155167064367,1149
0.1,0.02,0.01,solana,-1,-1,-0.7195740098132519,-0.14655427940320853,0.16766166005152763,-0.20374057037816676,0.8047337278106509,0.6147912401575651,1149
0.1,0.02,0.02,portfolio,1677,1260,1.4989805406365482,0.39730917665068466,0.07469944072456126,1.019183437504849,0.5946902654867257,1.357175158240964,1149
0.1,0.02,0.02,bitcoin,-1,-1,1.8076120425155624,0.9504688619305903,0.0712816085046256,2.2137576856183268,0.5493333333333333,1.4624678963959263,1149
0.1,0.02,0.02,ethereum,-1,-1,0.23588998739316114,0.07290540363053877,0.15061843767801214,0.10326364846521184,0.5867269984917044,1.0662432716962589,1149
0.1,0.02,0.02,binancecoin,-1,-1,1.3031790879089706,0.7779237313298968,0.107544886702185,1.2508041527479141,0.5655664585191793,1.2992657631674327,1149
0.1,0.02,0.02,solana,-1,-1,-0.026603430047313942,-0.012538201104015045,0.16092881779676535,-0.017171890951750857,0.7368421052631579,0.9866162209786887,1149
0.1,0.02,0.03,portfolio,1357,773,2.3329036078939174,1.0348554552291884,0.0588047128815197,2.8672111198534136,0.5823008849557522,1.5387775988331938,1149
0.1,0.02,0.03,bitcoin,-1,-1,1.9823646592328132,1.2929493158221685,0.06262019429908808,3.187720201863235,0.5271111111111111,1.5399477247323659,1149
0.1,0.02,0.03,ethereum,-1,-1,1.245676461756617,0.830162211944707,0.1372611634968111,1.0326740984576055,0.5512589928057554,1.2857297553349551,1149
0.1,0.02,0.03,binancecoin,-1,-1,1.4910601925522464,1.0615854806541511,0.09185842191986783,1.8719587106887101,0.5325602140945584,1.3524252492799607,1149
0.1,0.02,0.03,solana,-1,-1,1.1164394862725915,0.8444660069131826,0.15044366029999864,0.9551562300482564,0.5860696517412936,1.2297418071877948,1149
0.1,0.02,0.05,portfolio,1052,590,2.787504741365893,1.7400224815697385,0.04743892097935291,5.215308576012979,0.5610619469026549,1.7114713620726212,1149
0.1,0.02,0.05,bitcoin,-1,-1,2.055684525541264,1.6936476150064457,0.06324087538679388,3.8384559970706897,0.5173333333333333,1.625750275493738,1149
0.1,0.02,0.05,ethereum,-1,-1,1.5708164517120127,1.3573177074205698,0.09892793857382971,2.091642745373151,0.539568345323741,1.3870620590240013,1149
0.1,0.02,0.05,binancecoin,-1,-1,1.7462800915347736,1.6685975842081433,0.09524457018387478,2.5219636120931836,0.5236396074933095,1.4573670962352114,1149
0.1,0.02,0.05,solana,-1,-1,1.715165279277841,2.0380604625805265,0.15592741098769192,1.7699210948945998,0.5397614314115308,1.381231865924256,1149
0.1,0.02,0.08,portfolio,721,306,3.0177906608308844,2.374741331730109,0.042612755646674584,7.174677813394906,0.5548672566371682,1.8092600439497617,1149
0.1,0.02,0.08,bitcoin,-1,-1,2.114440112515825,1.9952591621723101,0.06663257595898682,4.082308508806452,0.5128888888888888,1.6805577268005933,1149
0.1,0.02,0.08,ethereum,-1,-1,1.7586499338275907,1.7274326568263705,0.10727052796800009,2.294659109260623,0.5350719424460432,1.454826645525307,1149
0.1,0.02,0.08,binancecoin,-1,-1,1.656757094850293,1.6305580762151184,0.10922935326497836,2.1633774514871336,0.5102586975914363,1.4461170749542773,1149
0.1,0.02,0.08,solana,-1,-1,2.2208548055283606,4.433159777770066,0.12036205791552462,3.73440847599095,0.5306666666666666,1.5202933115804376,1149
0.1,0.02,0.12,portfolio,521,221,3.0202413233916645,2.7134715281437627,0.04386875161357553,7.600248928025251,0.5486725663716814,1.8723475210065423,1149
0.1,0.02,0.12,bitcoin,-1,-1,1.9579153526987725,1.6949974408147748,0.06723431897113843,3.612498476124446,0.5093333333333333,1.6077584363449409,1149
0.1,0.02,0.12,ethereum,-1,-1,1.8395493998542913,2.1178411685459304,0.11416035351246033,2.481194065458584,0.5305755395683454,1.5097209960860816,1149
0.1,0.02,0.12,binancecoin,-1,-1,1.6946046170735634,1.8861184437347296,0.10922935326497821,2.3958900965123036,0.5093666369313113,1.4875288959660602,1149
0.1,0.02,0.12,solana,-1,-1,2.346609891427134,5.977026018627557,0.13298225712476136,3.99459283811662,0.5182222222222223,1.5893327714058032,1149
0.0,0.03,0.0,portfolio,0,0,2.9315843172736997,3.032665586077461,0.049471618809020776,7.231378947428808,0.552212389380531,1.9610079637032858,1149
0.0,0.03,0.0,bitcoin,-1,-1,2.0111145823527288,1.9721013478325067,0.06824741276138724,3.95401455689622,0.5057777777777778,1.6890943412107948,1149
0.0,0.03,0.0,ethereum,-1,-1,1.6617265789981808,1.8786386027313395,0.1401106662157572,1.8626964479480188,0.5325022261798753,1.4881698685485345,1149
0.0,0.03,0.0,binancecoin,-1,-1,1.7808141320846915,2.0542074202416867,0.09652057287600922,2.8746566416267516,0.5107334525939177,1.5504741181279458,1149
0.0,0.03,0.0,solana,-1,-1,2.3131993683405554,7.875021782590025,0.12391946835485895,4.9563327418235135,0.5186500888099467,1.6823984921802355,1149
0.0,0.03,0.01,portfolio,2231,1755,1.554581967221736,0.2856460097145306,0.04816568927505787,1.1762229315727915,0.7168141592920354,1.336681151634244,1149
0.0,0.03,0.01,bitcoin,-1,-1,0.7891324989764814,0.2095563027305598,0.0667889537911692,0.6379712181639392,0.6708185053380783,1.1863636835519449,1149
0.0,0.03,0.01,ethereum,-1,-1,-0.056512094502811895,-0.01696094015719507,0.15324823197701853,-0.024435984459631046,0.7492012779552716,0.9832828584963318,1149
0.0,0.03,0.01,binancecoin,-1,-1,1.679688054310828,0.5648209367121364,0.0998290850022433,1.0336639833494325,0.7280858676207513,1.3946199418810001,1149
0.0,0.03,0.01,solana,-1,-1,1.1526526061170692,0.43904455361644135,0.07731840048076227,1.0747916010426501,0.83125,1.2870212289155036,1149
0.0,0.03,0.02,portfolio,2133,1431,2.2951328979868664,0.6736522171903403,0.03219107711954798,3.71464437248096,0.6592920353982301,1.5016376830679612,1149
0.0,0.03,0.02,bitcoin,-1,-1,1.4642295075678686,0.6279600149086801,0.062075330147460514,1.8171812549276447,0.5676156583629893,1.3512409331181003,1149
0.0,0.03,0.02,ethereum,-1,-1,0.18509737754047392,0.049439070843954935,0.1516022339341709,0.07018182678135845,0.6336996336996337,1.0594929160367423,1149
0.0,0.03,0.02,binancecoin,-1,-1,1.6886407358213902,0.923219977627239,0.10302786722036819,1.4970045852334053,0.5894454382826476,1.391427465319618,1149
0.0,0.03,0.02,solana,-1,-1,1.8167486696434145,1.2855726818371038,0.1107632118343205,1.794532401221008,0.7080357142857143,1.3895578227462497,1149
0.0,0.03,0.03,portfolio,1961,1092,2.4044911785990135,0.8827777688989231,0.031852954148937,4.6735273801856,0.5946902654867257,1.538231151740425,1149
0.0,0.03,0.03,bitcoin,-1,-1,1.6450657659497565,0.876892755008388,0.06745754068087574,2.1951156651295367,0.5329181494661922,1.4206833755769575,1149
0.0,0.03,0.03,ethereum,-1,-1,0.36588102161465963,0.13352657420742142,0.15550401618581933,0.1792211349004796,0.5706371191135734,1.1055240430696371,1149
0.0,0.03,0.03,binancecoin,-1,-1,1.5857343431618633,1.0019232788197443,0.07702259123330125,2.134842497616735,0.5536672629695886,1.3699493791950266,1149
0.0,0.03,0.03,solana,-1,-1,1.9056400921498367,1.780993422730154,0.14335906304264778,1.7541672329535183,0.6170970614425646,1.39347711172091,1149
0.0,0.03,0.05,portfolio,1472,689,3.039532430817838,1.76021208564385,0.03278131584685839,7.608563112006568,0.5707964601769911,1.76486093988683,1149
0.0,0.03,0.05,bitcoin,-1,-1,1.9022367702301515,1.3457887614263107,0.06725093334408966,3.0575759980855994,0.5244444444444445,1.5531798932551373,1149
0.0,0.03,0.05,ethereum,-1,-1,1.6188901450773605,1.3396171453211685,0.09719016972143663,2.1085306837888553,0.5512021371326803,1.40920954015538,1149
0.0,0.03,0.05,binancecoin,-1,-1,1.764214177364366,1.479422215489623,0.07985897363509786,2.75941488266267,0.5250447227191414,1.4542953497427038,1149
0.0,0.03,0.05,solana,-1,-1,2.1093247976588865,2.9135456738008925,0.14543071216207135,2.3987275255800538,0.5528888888888889,1.4621818092531522,1149
0.0,0.03,0.08,portfolio,868,387,3.09409999521578,2.3417450037997947,0.050648440054575465,5.980875839466837,0.5672566371681416,1.8604395389302442,1149
0.0,0.03,0.08,bitcoin,-1,-1,2.0730875215596276,1.8065921630442205,0.06824870077459938,3.7215837489475843,0.5155555555555555,1.6585500689276582,1149
0.0,0.03,0.08,ethereum,-1,-1,1.6623296580903697,1.586935629547782,0.12300261456676886,1.884337935439093,0.5369545859305432,1.4444733459559345,1149
0.0,0.03,0.08,binancecoin,-1,-1,1.872753559418436,1.776342717084324,0.10132207499834231,2.477411376831343,0.5205724508050089,1.5096665257496424,1149
0.0,0.03,0.08,solana,-1,-1,2.2499286103914238,4.581065214913432,0.1287713325874938,3.5570397124402438,0.5435168738898757,1.5523079056570463,1149
0.0,0.03,0.12,portfolio,473,210,3.1004374057436186,2.856473460397974,0.0492705467892942,6.992203742059663,0.5628318584070796,1.9468296473170004,1149
0.0,0.03,0.12,bitcoin,-1,-1,1.9421853105237075,1.8671820194095017,0.07185380034580904,3.6168059732489306,0.5075555555555555,1.6652435633945917,1149
0.0,0.03,0.12,ethereum,-1,-1,1.717493885546548,1.8807429004002523,0.14252032082091026,1.8326211166721396,0.5307212822796082,1.4871447869402699,1149
0.0,0.03,0.12,binancecoin,-1,-1,1.8480293619714143,2.066798913355184,0.1004141583025861,2.7746756510803356,0.5152057245080501,1.5539089858347024,1149
0.0,0.03,0.12,solana,-1,-1,2.42513416184014,6.738573809404891,0.12059836417152346,4.696565011083687,0.5266429840142096,1.6431246194717892,1149
0.005,0.03,0.0,portfolio,1939,1315,1.2282177650657995,0.5434373647388517,0.054436737323397745,1.8345261489009617,0.363716814159292,1.392119003200335,1149
0.005,0.03,0.0,bitcoin,-1,-1,0.9930351722829586,0.5447314125553138,0.1380844494724094,0.7246855023213493,0.2713523131672598,1.3564858598933374,1149
0.005,0.03,0.0,ethereum,-1,-1,0.7757133985461069,0.45357462398311155,0.14224573450356434,0.6010042337875119,0.2792149866190901,1.2743636050270284,1149
0.005,0.03,0.0,binancecoin,-1,-1,0.9095557576335633,0.5791078545904438,0.10483705613758187,1.0052833281262268,0.29069767441860467,1.2981791584438416,1149
0.005,0.03,0.0,solana,-1,-1,0.6243543834493821,0.47848603225889463,0.15035523905927356,0.5955451728488975,0.1965065502183406,1.2986556889975764,1149
0.005,0.03,0.01,portfolio,2372,2129,-4.700169510045497,-0.15092438401865393,0.15092438401865393,-0.23353640080876567,0.10152284263959391,0.10383308413228814,1149
0.005,0.03,0.01,bitcoin,-1,-1,-3.5269430961299597,-0.15155077047652532,0.15155077047652532,-0.2336014440258426,0.07947019867549669,0.12157555272607194,1149
0.005,0.03,0.01,ethereum,-1,-1,-3.2612235526092257,-0.148971243745322,0.15072265375758023,-0.23062258793735363,0.1282051282051282,0.2610249243156819,1149
0.005,0.03,0.01,binancecoin,-1,-1,-3.2695822774904477,-0.15198483506301896,0.15198483506301896,-0.233646549661812,0.10240963855421686,0.17793735247394027,1149
0.005,0.03,0.01,solana,-1,-1,-4.268576171576246,-0.1515390229046789,0.1515390229046789,-0.2336002236563453,0.07142857142857142,0.10579834547466778,1149
0.005,0.03,0.02,portfolio,2383,2118,-3.1957758399753584,-0.14899010847934258,0.14925834566346355,-0.23291656523869525,0.13654618473895583,0.29666623558152533,1149
0.005,0.03,0.02,bitcoin,-1,-1,-2.066703495278971,-0.1500097691093063,0.15096512823298955,-0.23196423076214287,0.0970873786407767,0.39583135029056726,1149
0.005,0.03,0.02,ethereum,-1,-1,-2.0148451111641092,-0.14542026407141384,0.1505373721067031,-0.22504817039801123,0.11336032388663968,0.4688931301540238,1149
0.005,0.03,0.02,binancecoin,-1,-1,-2.2952947600285327,-0.15067407918027298,0.15067407918027298,-0.23351042511849987,0.09502262443438914,0.33853710441072676,1149
0.005,0.03,0.02,solana,-1,-1,-3.313229913247693,-0.1507238689044278,0.1507238689044278,-0.23351559139578618,0.06806282722513089,0.20609859576028014,1149
0.005,0.03,0.03,portfolio,2396,2098,-2.369675707640116,-0.14775578757464813,0.14844540359076586,-0.2321248447437967,0.1623529411764706,0.43857122703797335,1149
0.005,0.03,0.03,bitcoin,-1,-1,-1.500653069987406,-0.1503721191960159,0.1503721191960159,-0.23347910074428527,0.09734513274336283,0.4930264671635463,1149
0.005,0.03,0.03,ethereum,-1,-1,-1.2246722202753562,-0.14200230414262882,0.15049182265154523,-0.21949368900457555,0.14657210401891252,0.6558092251224642,1149
0.005,0.03,0.03,binancecoin,-1,-1,-1.918596065175057,-0.15077110027812746,0.15077110027812746,-0.23352049254055038,0.09765625,0.4126572146829319,1149
0.005,0.03,0.03,solana,-1,-1,-2.689288442159817,-0.1496684183803888,0.15001287074371292,-0.23287021544302847,0.06372549019607843,0.27077066105125813,1149
0.005,0.03,0.05,portfolio,2378,1888,-0.48233421015053535,-0.06908557187785758,0.10941480529422576,-0.14237680761382626,0.2577502214348981,0.9024394426443847,1149
0.005,0.03,0.05,bitcoin,-1,-1,-1.1496699541668836,-0.1476779057193216,0.15114617127668842,-0.22784907315086603,0.11724137931034483,0.5919577252397713,1149
0.005,0.03,0.05,ethereum,-1,-1,0.0008034165228951302,-0.008781073449143362,0.11965592110694845,-0.016150566089459154,0.20785013380909903,1.0002003844155825,1149
0.005,0.03,0.05,binancecoin,-1,-1,0.11546654661904386,0.027014168548568973,0.12061632436029146,0.04861105534087745,0.21914132379248658,1.0291052844595008,1149
0.005,0.03,0.05,solana,-1,-1,-1.2952548115193905,-0.14824804043009498,0.15155745778663512,-0.22816566260777268,0.08630952380952381,0.5874259827423997,1149
0.005,0.03,0.08,portfolio,2286,1752,-0.06573027198199158,-0.014865697319591087,0.08966137772983795,-0.036575941299548276,0.2816651904340124,0.9857761695588471,1149
0.005,0.03,0.08,bitcoin,-1,-1,-0.7815964475941553,-0.13059654326000614,0.15016165621920038,-0.20129831414345903,0.13870967741935483,0.6842755366624121,1149
0.005,0.03,0.08,ethereum,-1,-1,0.22755051745557847,0.06777393484051086,0.138309690521139,0.10473695282640416,0.23907225691347012,1.0620750286503986,1149
0.005,0.03,0.08,binancecoin,-1,-1,0.3926861494825945,0.14570270025027843,0.10177060738553978,0.29754250146148303,0.23881932021466906,1.1061919139767222,1149
0.005,0.03,0.08,solana,-1,-1,-0.562950857114502,-0.13688036614880672,0.15134323035573835,-0.20991308430114403,0.11001642036124795,0.8226210089030476,1149
0.005,0.03,0.12,portfolio,2214,1653,0.3198198734373292,0.06461754611297055,0.07379914366743742,0.18736884362326264,0.3020372010628875,1.0779563409831199,1149
0.005,0.03,0.12,bitcoin,-1,-1,-0.5336327952405415,-0.10366547186922137,0.15181138921918583,-0.15622724628192114,0.18052256532066507,0.7936343066852142,1149
0.005,0.03,0.12,ethereum,-1,-1,0.6724996868751231,0.287134113136464,0.09252971973544089,0.6151721641849804,0.25334522747546834,1.2058591641627203,1149
0.005,0.03,0.12,binancecoin,-1,-1,0.3559183339442527,0.15068380311890062,0.1241106699239195,0.2518866549455522,0.24955277280858676,1.1054259343558825,1149
0.005,0.03,0.12,solana,-1,-1,-0.18595813733994637,-0.06541431457190838,0.15099166050273413,-0.09754163412151098,0.13043478260869565,0.9371778526088395,1149
0.01,0.03,0.0,portfolio,1537,895,2.178496607955034,1.454498642498093,0.045924392321979486,4.739593261489098,0.43716814159292033,1.6665922862797,1149
0.01,0.03,0.0,bitcoin,-1,-1,1.712512220347597,1.344029743242479,0.08292266726500512,2.4773262913397573,0.39234875444839856,1.6013708848072485,1149
0.01,0.03,0.0,ethereum,-1,-1,1.4684486264078003,1.3105348943326316,0.1323229189730018,1.5237532382548225,0.41139804096170973,1.4839224099733623,1149
0.01,0.03,0.0,binancecoin,-1,-1,1.2121970214842306,0.9188128874345411,0.10985578760720116,1.3986753103544851,0.389087656529517,1.3621617589509827,1149
0.01,0.03,0.0,solana,-1,-1,1.413125406877824,2.1447605968206496,0.10398302836782965,2.7473313778184427,0.30419268510258696,1.4510405601298142,1149
0.01,0.03,0.01,portfolio,2395,2108,-3.756978521169013,-0.15082011576840093,0.1518356083376799,-0.2319637354440049,0.20710059171597633,0.15565986037272758,1149
0.01,0.03,0.01,bitcoin,-1,-1,-2.466384454230968,-0.15115776942619719,0.15115776942619719,-0.23356062871955155,0.24806201550387597,0.24390424642553493,1149
0.01,0.03,0.01,ethereum,-1,-1,-2.6441849835741635,-0.14913427351281006,0.15055877427744052,-0.2311429945976094,0.22695035460992907,0.2778219501967039,1149
0.01,0.03,0.01,binancecoin,-1,-1,-2.2216096018216027,-0.15205559988841832,0.15343004080620218,-0.23156081177348375,0.2375,0.345915490170111,1149
0.01,0.03,0.01,solana,-1,-1,-3.5565675585818664,-0.15168967961853974,0.1529506010364291,-0.23168995159559316,0.16774193548387098,0.1541792853480977,1149
0.01,0.03,0.02,portfolio,2394,2107,-2.2064136197646405,-0.14781398408930957,0.1500319718042781,-0.2297665409392582,0.26582278481012656,0.44638188067588536,1149
0.01,0.03,0.02,bitcoin,-1,-1,-1.3984198265397563,-0.1533683536171807,0.1533683536171807,-0.23379049744212838,0.26540284360189575,0.5831239066560978,1149
0.01,0.03,0.02,ethereum,-1,-1,-1.439487628088689,-0.14661690359819546,0.1508859301730881,-0.2264957791355707,0.24888888888888888,0.6026333655016012,1149
0.01,0.03,0.02,binancecoin,-1,-1,-1.4192313990256171,-0.14738509589052873,0.15039148860132415,-0.22850876430919162,0.20175438596491227,0.561513882687085,1149
0.01,0.03,0.02,solana,-1,-1,-2.2240133419960464,-0.14595062097188582,0.15077723510207333,-0.22556251749531334,0.1744186046511628,0.3710126642789322,1149
0.01,0.03,0.03,portfolio,2432,1942,-1.1971215048105106,-0.1301591437757007,0.1370971224032707,-0.21970047883878,0.3449048152295633,0.7723415431949934,1149
0.01,0.03,0.03,bitcoin,-1,-1,-0.9924279251958104,-0.14978771584643413,0.15224674447207653,-0.22964843086512507,0.25517241379310346,0.7002692769631029,1149
0.01,0.03,0.03,ethereum,-1,-1,-0.8409628638096914,-0.14339000367084243,0.1510250130848146,-0.22099139448466235,0.26849894291754756,0.7938852441207918,1149
0.01,0.03,0.03,binancecoin,-1,-1,-0.31994866694116453,-0.09182281399237868,0.15156562281567357,-0.1379108038762137,0.31108597285067874,0.9328259457520611,1149
0.01,0.03,0.03,solana,-1,-1,-1.6779349193110389,-0.14284240735882336,0.1521456596936314,-0.21847312792461035,0.16574585635359115,0.4700838090707511,1149
0.01,0.03,0.05,portfolio,2348,1695,0.2813356815314282,0.04940248956043347,0.09308750905506959,0.1142150574181028,0.3879539415411869,1.057407841924143,1149
0.01,0.03,0.05,bitcoin,-1,-1,-0.21104541312497305,-0.047441538403475536,0.15186761840927956,-0.06981887200182965,0.3208791208791209,0.9349439824150177,1149
0.01,0.03,0.05,ethereum,-1,-1,0.5765978883162772,0.2194541284501248,0.09230177536082933,0.48183974124474394,0.3455031166518255,1.1303340069379813,1149
0.01,0.03,0.05,binancecoin,-1,-1,0.46125236342164594,0.18093356868309618,0.13888516473960763,0.26746999282686074,0.3228980322003578,1.1032541012254882,1149
0.01,0.03,0.05,solana,-1,-1,-0.8620037909445256,-0.13774032580085138,0.15135925237628747,-0.21128924861556056,0.1522491349480969,0.7113869756777047,1149
0.01,0.03,0.08,portfolio,2110,1269,1.0893083728709658,0.33113013308888206,0.07073675708438666,0.9152456683444111,0.38672566371681416,1.2345941153659736,1149
0.01,0.03,0.08,bitcoin,-1,-1,1.2506037520423419,0.6988999085434873,0.12408837694886168,0.9933320339293619,0.3736654804270463,1.3677768687069611,1149
0.01,0.03,0.08,ethereum,-1,-1,0.8086071021429416,0.38296435201156176,0.10308954872184874,0.7149094111458495,0.371326803205699,1.2029737653288919,1149
0.01,0.03,0.08,binancecoin,-1,-1,0.6407920084155792,0.2999341065692045,0.13646803401607227,0.4339332365645488,0.3336314847942755,1.1544932983813985,1149
0.01,0.03,0.08,solana,-1,-1,-0.005399358579350298,-0.025604377144216928,0.14727557536780198,-0.0385167343306055,0.2167707404103479,0.9988577050946679,1149
0.01,0.03,0.12,portfolio,2031,1364,1.2227303037844799,0.3735977954154255,0.05245820216241554,1.3744382450765156,0.35752212389380533,1.2896058407839828,1149
0.01,0.03,0.12,bitcoin,-1,-1,1.3958686583365367,0.956783566127309,0.1211422877219106,1.3093799143306193,0.3807829181494662,1.4731057381180874,1149
0.01,0.03,0.12,ethereum,-1,-1,1.0702865960766377,0.6367704306895363,0.11028763024470893,1.0347505656981275,0.37934105075690117,1.3021060865159166,1149
0.01,0.03,0.12,binancecoin,-1,-1,-0.6983489817885876,-0.1513893802919376,0.15461623376259098,-0.22870974868534955,0.22968197879858657,0.7318347540914745,1149
0.01,0.03,0.12,solana,-1,-1,0.4453534409410565,0.23460446202996654,0.15292420085293795,0.3093491030317634,0.2383093525179856,1.1071201649907432,1149
0.015,0.03,0.0,portfolio,1332,701,2.508800382872131,1.9667759374754579,0.04224359348250077,6.376159467554955,0.4743362831858407,1.769686496469995,1149
0.015,0.03,0.0,bitcoin,-1,-1,1.9889301673462068,1.7631925012649905,0.07350394405706626,3.3972934929225462,0.452846975088968,1.6853303866272675,1149
0.015,0.03,0.0,ethereum,-1,-1,1.7096964440421067,1.7773048773092346,0.12510596335927765,2.0071907685532633,0.4603739982190561,1.541443420311349,1149
0.015,0.03,0.0,binancecoin,-1,-1,1.3173921610954216,1.0751575875097625,0.10320265222106466,1.6825438332742173,0.4387846291331546,1.3741904073640323,1149
0.015,0.03,0.0,solana,-1,-1,1.7026872026386404,3.3437061444434004,0.10398302836782976,3.654968057424398,0.37377341659232827,1.5183282470483228,1149
0.015,0.03,0.01,portfolio,2403,2099,-3.1723367174964214,-0.15114620096914655,0.1521613035891292,-0.23200129961129662,0.24489795918367346,0.16729439455385609,1149
0.015,0.03,0.01,bitcoin,-1,-1,-1.9345349097146105,-0.15000518757383485,0.15000518757383485,-0.23344105390701012,0.36936936936936937,0.2941788484039272,1149
0.015,0.03,0.01,ethereum,-1,-1,-2.2950028296625637,-0.1488868663011227,0.15031178126948855,-0.23111335445771294,0.26436781609195403,0.24798560593184696,1149
0.015,0.03,0.01,binancecoin,-1,-1,-2.0853827277416133,-0.15409435736574928,0.15546549364268886,-0.23180354913874376,0.3188405797101449,0.3171809822555042,1149
0.015,0.03,0.01,solana,-1,-1,-3.0329683564649503,-0.15257903111801063,0.15383863061121422,-0.23179478254775204,0.2518518518518518,0.18886968559599995,1149
0.015,0.03,0.02,portfolio,2393,2104,-1.8241342578163595,-0.14854765496879418,0.15076373315583436,-0.22986097814142015,0.3407079646017699,0.5132713929791848,1149
0.015,0.03,0.02,bitcoin,-1,-1,-1.0999290281212302,-0.15085735145299073,0.15085735145299073,-0.23352944354599534,0.37735849056603776,0.6628599232215856,1149
0.015,0.03,0.02,ethereum,-1,-1,-1.1839590378363476,-0.14957288640165511,0.1529874592852741,-0.22818701272885902,0.3482142857142857,0.6681603857968645,1149
0.015,0.03,0.02,binancecoin,-1,-1,-1.178060016009834,-0.14795475419636728,0.15095913824349746,-0.2285870863293951,0.3103448275862069,0.6036872549645282,1149
0.015,0.03,0.02,solana,-1,-1,-1.9234014630073277,-0.14897078775646289,0.1522896525664988,-0.22824883014137556,0.2621951219512195,0.43234324886052355,1149
0.015,0.03,0.03,portfolio,2430,1985,-1.1573399039396646,-0.13199273558668279,0.13546962449622296,-0.2256525657100817,0.36134453781512604,0.7292781288168176,1149
0.015,0.03,0.03,bitcoin,-1,-1,-0.7565566049986725,-0.14991264633587476,0.15006242394576363,-0.233198472995007,0.3741648106904232,0.8023178422257289,1149
0.015,0.03,0.03,ethereum,-1,-1,-0.5192413629857439,-0.10917208833190073,0.15017231589070298,-0.16671302407690516,0.34810126582278483,0.8730529991544413,1149
0.015,0.03,0.03,binancecoin,-1,-1,-0.7910032775068117,-0.132939082520234,0.15274742557584897,-0.2016464290439991,0.3057553956834532,0.7561002128211919,1149
0.015,0.03,0.03,solana,-1,-1,-1.2173060701258267,-0.1426971395113098,0.15050815478957372,-0.22061134417995104,0.26344086021505375,0.6056978397627438,1149
0.015,0.03,0.05,portfolio,2257,1400,1.0665758627846855,0.27601550476406156,0.09319676200598769,0.5892106567719738,0.44424778761061945,1.2226066469253314,1149
0.015,0.03,0.05,bitcoin,-1,-1,1.2390073516190925,0.6449176469825124,0.1387680052743171,0.8311289957204903,0.4386120996441281,1.3267448529884995,1149
0.015,0.03,0.05,ethereum,-1,-1,0.8805734383742404,0.4049555001321785,0.11858125364111437,0.6528959360649794,0.41495992876224397,1.1925023202342435,1149
0.015,0.03,0.05,binancecoin,-1,-1,0.606898995010731,0.28293894956144805,0.13997642712402417,0.4012477082135324,0.40393208221626453,1.1317237929200104,1149
0.015,0.03,0.05,solana,-1,-1,-0.6741799687628407,-0.14073298142834345,0.1528157865550815,-0.21410379665108764,0.22295081967213115,0.7925774570575965,1149
0.015,0.03,0.08,portfolio,1972,1083,1.640511991510806,0.6507314921536687,0.06628461512553388,1.7530086215908727,0.4300884955752212,1.3751559223444474,1149
0.015,0.03,0.08,bitcoin,-1,-1,1.7357203815786324,1.23104339949889,0.110144185133519,1.74713058350923,0.4403914590747331,1.5308660244758292,1149
0.015,0.03,0.08,ethereum,-1,-1,1.1985610785245588,0.7060218377663201,0.10928203902740345,1.13735079747726,0.43365983971504896,1.2933864132234074,1149
0.015,0.03,0.08,binancecoin,-1,-1,0.8037152386265807,0.4333140422534596,0.11021335631301529,0.7454064121745569,0.40303842716711347,1.1857005996149947,1149
0.015,0.03,0.08,solana,-1,-1,0.4920725495528925,0.27525035474467696,0.14718783836565144,0.37213507565932097,0.29794826048171275,1.1025866130927324,1149
0.015,0.03,0.12,portfolio,1740,947,1.8704205038807207,0.9121810243259294,0.04300188859824633,3.5527950813119014,0.43716814159292033,1.478153896019627,1149
0.015,0.03,0.12,bitcoin,-1,-1,1.6736000420533461,1.317951656049011,0.09709564009110533,2.085288100107782,0.44217081850533807,1.5580385874529443,1149
0.015,0.03,0.12,ethereum,-1,-1,1.2863267888562773,0.893563117848855,0.10199179576857416,1.4737051121205194,0.4327693677649154,1.3421177256508465,1149
0.015,0.03,0.12,binancecoin,-1,-1,1.0912774020658829,0.7535340662649144,0.10320265222106455,1.2701784463933798,0.419124218051832,1.2890172889130076,1149
0.015,0.03,0.12,solana,-1,-1,0.7904618918690677,0.6008788117717281,0.1561188608148332,0.6963638544660213,0.315884476534296,1.1853373547997772,1149
0.02,0.03,0.0,portfolio,1184,575,2.5838251286720726,2.3200348454955884,0.04256066531787716,7.073687175177114,0.49557522123893805,1.8300635772306124,1149
0.02,0.03,0.0,bitcoin,-1,-1,2.0548601362190517,1.9239914383117975,0.061807703897774555,4.292576382745702,0.46886120996441283,1.7094124541806281,1149
0.02,0.03,0.0,ethereum,-1,-1,1.6706928742611966,1.7580161913945433,0.13233245520137862,1.883140775324603,0.48131672597864766,1.5063838888038057,1149
0.02,0.03,0.0,binancecoin,-1,-1,1.5294428331602035,1.4968336223594725,0.11742170948463507,1.8926522029327968,0.46559428060768543,1.4627695892616543,1149
0.02,0.03,0.0,solana,-1,-1,1.8825776932401448,4.37722978222598,0.10398302836782983,4.291039820873339,0.4117647058823529,1.5622423978695936,1149
0.02,0.03,0.01,portfolio,2396,2106,-2.8699058480687194,-0.1496343297073256,0.15065124029998941,-0.23182712895363497,0.29931972789115646,0.19643355572971577,1149
0.02,0.03,0.01,bitcoin,-1,-1,-1.6268840800091813,-0.15275749748164513,0.15275749748164513,-0.23372690726980577,0.4788732394366197,0.4100683638534891,1149
0.02,0.03,0.01,ethereum,-1,-1,-1.9618436957458494,-0.14878588463085596,0.15021096866052258,-0.2311012552533704,0.38095238095238093,0.29839729273794496,1149
0.02,0.03,0.01,binancecoin,-1,-1,-1.7389880249870064,-0.14938342534022053,0.15076219761043508,-0.23124231793930108,0.42028985507246375,0.3803771622221712,1149
0.02,0.03,0.01,solana,-1,-1,-2.6573806642669573,-0.1491442726572173,0.15040897754688304,-0.23138973641229535,0.3333333333333333,0.21560508794408514,1149
0.02,0.03,0.02,portfolio,2402,2088,-1.668594971870841,-0.14913161153057986,0.15134616985170352,-0.22993607108979555,0.36363636363636365,0.5612796118319632,1149
0.02,0.03,0.02,bitcoin,-1,-1,-0.9601450269232906,-0.154522837969998,0.154522837969998,-0.2339108257177891,0.42738589211618255,0.7125431465853542,1149
0.02,0.03,0.02,ethereum,-1,-1,-1.0254126155103183,-0.14926501334606734,0.15236322813291245,-0.22861903991054422,0.41702127659574467,0.7132822906556913,1149
0.02,0.03,0.02,binancecoin,-1,-1,-1.0092379949297998,-0.14700366571404488,0.1500114033801029,-0.22845626539732872,0.3735632183908046,0.6472886018509602,1149
0.02,0.03,0.02,solana,-1,-1,-1.7950858798304519,-0.15025120203667552,0.1529991258687615,-0.22927341055123823,0.33121019108280253,0.4552052347756182,1149
0.02,0.03,0.03,portfolio,2388,1620,-0.07276798115264743,-0.015419472759250596,0.10824189809413712,-0.03143292408125903,0.46017699115044247,0.9862731757861927,1149
0.02,0.03,0.03,bitcoin,-1,-1,0.3755704810997363,0.128556888706282,0.11570502627416679,0.2323109891409631,0.451067615658363,1.0798273446475735,1149
0.02,0.03,0.03,ethereum,-1,-1,-0.4827004548990699,-0.09138767541679327,0.15239690386341065,-0.13648353672498453,0.39436619718309857,0.8628723751698467,1149
0.02,0.03,0.03,binancecoin,-1,-1,0.1615714834719543,0.045617476080578756,0.1537395389326044,0.06394843720496701,0.4519326065411298,1.0320967395530347,1149
0.02,0.03,0.03,solana,-1,-1,-1.0212648864456169,-0.14318085117186552,0.15145986939687184,-0.22001517919194352,0.3439153439153439,0.6686931808826454,1149
0.02,0.03,0.05,portfolio,2199,1179,1.2424592672032755,0.4241803598817049,0.054925861451637664,1.4681160829405335,0.4486725663716814,1.2535231272303955,1149
0.02,0.03,0.05,bitcoin,-1,-1,1.4375560722410217,0.8379559806512193,0.06940690821402805,2.057585533153967,0.46441281138790036,1.3827186514990908,1149
0.02,0.03,0.05,ethereum,-1,-1,1.0118937153596106,0.5204532511977384,0.13045762451241166,0.7378055893570395,0.45462633451957296,1.2179365259679469,1149
0.02,0.03,0.05,binancecoin,-1,-1,0.8622399926456696,0.4694310479012207,0.13571600883670043,0.64897514124068,0.4459338695263628,1.1912526251806272,1149
0.02,0.03,0.05,solana,-1,-1,-0.05210327575916503,-0.0545036218275452,0.14825954446302994,-0.08240053318899786,0.339572192513369,0.9909027836227253,1149
0.02,0.03,0.08,portfolio,1851,934,2.238739713535079,1.0897072347660912,0.036966345067797994,4.7460148003459945,0.4672566371681416,1.538286103678384,1149
0.02,0.03,0.08,bitcoin,-1,-1,1.944265993978724,1.508511113554237,0.06463698885442898,3.457615936039591,0.4626334519572954,1.5957147640657359,1149
0.02,0.03,0.08,ethereum,-1,-1,1.3204174208240198,0.885121708653771,0.11643063721375344,1.2812709098718966,0.4626334519572954,1.31841949535117,1149
0.02,0.03,0.08,binancecoin,-1,-1,1.3098320696104462,0.8990619904410999,0.11127397685095851,1.3573491405876954,0.451295799821269,1.3233301285080408,1149
0.02,0.03,0.08,solana,-1,-1,1.1500826917002707,0.9699898739709958,0.12285512029422667,1.305047475622621,0.36185383244206776,1.2463133894980494,1149
0.02,0.03,0.12,portfolio,1603,807,2.3563770336856873,1.448735317072892,0.03795357163427746,5.718441841537408,0.46814159292035395,1.6345625267813426,1149
0.02,0.03,0.12,bitcoin,-1,-1,1.8333329080623748,1.5921580533266715,0.08005850185423984,2.9019209536922514,0.46352313167259784,1.618817341840479,1149
0.02,0.03,0.12,ethereum,-1,-1,1.488898971153721,1.2171430790506998,0.11080019017684728,1.722044689705074,0.4626334519572954,1.3954141916155367,1149
0.02,0.03,0.12,binancecoin,-1,-1,1.4443534826177666,1.2166144876711606,0.11113483138554513,1.7162990715380704,0.4575513851653262,1.4020988751359398,1149
0.02,0.03,0.12,solana,-1,-1,1.3811970582921211,1.574339121554298,0.11695531070346885,1.9705007306825575,0.3689839572192513,1.3325962920390575,1149
0.03,0.03,0.0,portfolio,866,434,2.883971832613142,2.88258355140954,0.04314983986281008,8.030178472288588,0.5256637168141592,1.9554671685466776,1149
0.03,0.03,0.0,bitcoin,-1,-1,2.0994692889142508,2.0395868830664803,0.07516461156975489,3.6735344733160704,0.4928952042628774,1.7242180930664228,1149
0.03,0.03,0.0,ethereum,-1,-1,1.8958897172343727,2.2356800243897474,0.10845889207174832,2.7082860191265876,0.5146927871772039,1.5829563096775345,1149
0.03,0.03,0.0,binancecoin,-1,-1,1.9652309916578814,2.334773025571113,0.09652057287600926,3.1322375164386247,0.49508489722966936,1.6292058527082864,1149
0.03,0.03,0.0,solana,-1,-1,1.9772460876997302,5.135296018499821,0.1303698507433865,3.7480876357291537,0.45866666666666667,1.5770529053953428,1149
0.03,0.03,0.01,portfolio,2400,2092,-2.0763961034867724,-0.15170932474792775,0.1527237539558059,-0.23206616861721938,0.4788135593220339,0.4291085390117985,1149
0.03,0.03,0.01,bitcoin,-1,-1,-1.028122974355977,-0.151857057981016,0.151857057981016,-0.23363326896234682,0.6085106382978723,0.661529218091269,1149
0.03,0.03,0.01,ethereum,-1,-1,-1.4276580893996438,-0.15429443338105375,0.15571029511904452,-0.231760288071069,0.58,0.48823464345219036,1149
0.03,0.03,0.01,binancecoin,-1,-1,-1.3152382352278944,-0.15478223224486432,0.15615225353905263,-0.23188540467912425,0.5590062111801242,0.5068502752173347,1149
0.03,0.03,0.01,solana,-1,-1,-1.9682000552472767,-0.14927253442918076,0.15053704867161344,-0.23140487114333963,0.5244755244755245,0.342362757183807,1149
0.03,0.03,0.02,portfolio,2315,1688,-0.038482284308871295,-0.009840165552512659,0.10638259694692376,-0.02036512281832712,0.5247787610619469,0.9928762186071742,1149
0.03,0.03,0.02,bitcoin,-1,-1,0.6025156310699834,0.21940339945486476,0.10552789722299175,0.4213590443041383,0.5164444444444445,1.1306834688417078,1149
0.03,0.03,0.02,ethereum,-1,-1,-0.8279328951924487,-0.14749861489007776,0.1545778548119255,-0.22250258365247297,0.5274261603375527,0.7548540185450864,1149
0.03,0.03,0.02,binancecoin,-1,-1,0.19541333822287285,0.06313335380629015,0.13443341130643086,0.10055168485866221,0.516532618409294,1.037790693257233,1149
0.03,0.03,0.02,solana,-1,-1,-1.083074232846327,-0.15174402435568024,0.15800354638633612,-0.2243662931945457,0.5,0.6399319883582532,1149
0.03,0.03,0.03,portfolio,2232,1539,0.8360716924964914,0.175071084147969,0.08329358460710867,0.4324006798626477,0.5132743362831859,1.1688730092419808,1149
0.03,0.03,0.03,bitcoin,-1,-1,1.0689945845573054,0.5067755267063647,0.09147250940859121,1.0285259746224944,0.496,1.255743719799084,1149
0.03,0.03,0.03,ethereum,-1,-1,-0.3872869614726147,-0.08761260007013383,0.15347916752808324,-0.12971686357180123,0.48698884758364314,0.884496979017538,1149
0.03,0.03,0.03,binancecoin,-1,-1,1.0330044960233493,0.5303452998835056,0.10466038779066568,0.9345718322279232,0.5004468275245755,1.2191048668146554,1149
0.03,0.03,0.03,solana,-1,-1,-0.6197840782675003,-0.12118092729015673,0.15003544707004596,-0.1861794607473816,0.45901639344262296,0.8070364048898911,1149
0.03,0.03,0.05,portfolio,1921,1036,2.03148219743954,0.8771863182654673,0.03665246138163015,4.0411061016554495,0.49911504424778763,1.4533469880428793,1149
0.03,0.03,0.05,bitcoin,-1,-1,1.7752427256519938,1.2320493468866998,0.07575619885875036,2.5417612732036923,0.5026642984014209,1.51046304069141,1149
0.03,0.03,0.05,ethereum,-1,-1,1.5053670341922005,0.9870849215947213,0.12231245348958782,1.3288318043650118,0.5066785396260017,1.3428213930203465,1149
0.03,0.03,0.05,binancecoin,-1,-1,1.6245910728834227,1.2245577337155962,0.08526821823468961,2.2479084712645685,0.4932975871313673,1.4054675342578469,1149
0.03,0.03,0.05,solana,-1,-1,0.33751827528432443,0.17335255369711366,0.13669113695698648,0.2610535403493383,0.42653606411398043,1.0594169613313529,1149
0.03,0.03,0.08,portfolio,1564,782,2.6870729751440834,1.5391209293200587,0.036075036368187575,6.2854753647638075,0.5070796460176992,1.6828557044412453,1149
0.03,0.03,0.08,bitcoin,-1,-1,2.042224883211143,1.7571687400709197,0.07650762917614409,3.256099432934843,0.4928952042628774,1.6514450236516,1149
0.03,0.03,0.08,ethereum,-1,-1,1.7007969770318434,1.3852743725631855,0.08467046054794555,2.4807557460904444,0.5040071237756011,1.4293475781751845,1149
0.03,0.03,0.08,binancecoin,-1,-1,1.8510458029742123,1.5757174278499613,0.07989785183857537,2.886247583733999,0.4924039320822163,1.4878030371617368,1149
0.03,0.03,0.08,solana,-1,-1,1.27349840522021,1.2542093884555534,0.1451959561550941,1.3439829528413076,0.4328888888888889,1.264060006316641,1149
0.03,0.03,0.12,portfolio,1348,771,2.7467271571404823,1.7579303709797265,0.036600504042210144,6.808434022101445,0.5132743362831859,1.8021993636177345,1149
0.03,0.03,0.12,bitcoin,-1,-1,1.8848982611610097,1.5189281360375153,0.07406181606266228,3.0326342115964566,0.49023090586145646,1.5875630576948208,1149
0.03,0.03,0.12,ethereum,-1,-1,1.895345693308892,1.8626067028279754,0.09321105493735618,2.783361298634476,0.5031166518254675,1.5229915810292827,1149
0.03,0.03,0.12,binancecoin,-1,-1,1.885672131422254,1.9692210180768992,0.10277118611051397,2.6231209926499095,0.4924039320822163,1.558368233029597,1149
0.03,0.03,0.12,solana,-1,-1,1.4672778296813747,1.4789739775402237,0.15235068222872755,1.4461087196800395,0.44883040935672514,1.4555565580989607,1149
0.05,0.03,0.0,portfolio,615,248,2.884296744291975,2.9498604002065596,0.044328188952675825,7.9313831478592896,0.5336283185840708,1.9355270356078305,1149
0.05,0.03,0.0,bitcoin,-1,-1,2.0961352655623884,2.0727791134307285,0.055746116473225096,5.007759296842236,0.4986690328305235,1.722268080663586,1149
0.05,0.03,0.0,ethereum,-1,-1,1.7281410438776268,1.9703188882583804,0.1219427238817518,2.211564476891082,0.5235555555555556,1.5113421358284989,1149
0.05,0.03,0.0,binancecoin,-1,-1,1.7656594235725305,1.9892521784179706,0.09652057287600951,2.812403533709596,0.5031277926720286,1.5404232383176546,1149
0.05,0.03,0.0,solana,-1,-1,2.217316980473975,6.871858846724299,0.12019931011116226,4.761056447620198,0.4911190053285968,1.6469660683265759,1149
0.05,0.03,0.01,portfolio,2283,1769,-0.5523550314924583,-0.07635587876298244,0.11362856709288995,-0.15198183486046798,0.6115044247787611,0.8904444123406001,1149
0.05,0.03,0.01,bitcoin,-1,-1,0.122176812247153,0.02649248975850016,0.1301299451301677,0.04419586686133751,0.6131322094055013,1.0263380387563314,1149
0.05,0.03,0.01,ethereum,-1,-1,-0.8323794439841603,-0.14200146320334717,0.150584124877131,-0.2193577675318879,0.7385159010600707,0.7262909341534471,1149
0.05,0.03,0.01,binancecoin,-1,-1,-0.06256054738673204,-0.027397984395335584,0.15039955287811443,-0.04038765783300939,0.6528662420382165,0.9861028622213542,1149
0.05,0.03,0.01,solana,-1,-1,-1.3206071587413915,-0.1635257344514588,0.16476906285570259,-0.23308359967024708,0.696969696969697,0.45871213983904874,1149
0.05,0.03,0.02,portfolio,2060,1365,0.9060864756614115,0.20797812814705252,0.06906112106271224,0.6126591055053734,0.5769911504424778,1.18282574635489,1149
0.05,0.03,0.02,bitcoin,-1,-1,1.285188554534076,0.5595392714577032,0.06638185482520367,1.5421684131808757,0.5430346051464063,1.3041621277540114,1149
0.05,0.03,0.02,ethereum,-1,-1,0.4038653813706242,0.1538721711263984,0.14487282555886677,0.22010924292251102,0.5716829919857525,1.0790612930573655,1149
0.05,0.03,0.02,binancecoin,-1,-1,0.7083138651375599,0.3171958601036702,0.12865862023759228,0.48412588444901067,0.5513851653261841,1.1457762665432254,1149
0.05,0.03,0.02,solana,-1,-1,-0.6357772293889317,-0.13291572245193262,0.1523001823937136,-0.2022009797402852,0.6282051282051282,0.7802400822718077,1149
0.05,0.03,0.03,portfolio,1960,1069,1.5974633752493546,0.5399924483703835,0.0490157312836918,2.0264258000611743,0.5539823008849557,1.3213854780658005,1149
0.05,0.03,0.03,bitcoin,-1,-1,1.6517965863493456,0.9344319000553207,0.06022036089063471,2.5855978402085302,0.5173025732031943,1.4277161591673706,1149
0.05,0.03,0.03,ethereum,-1,-1,1.106831339350465,0.5997830408214184,0.11817397819583834,0.9185528591617418,0.5378450578806767,1.2346268293459117,1149
0.05,0.03,0.03,binancecoin,-1,-1,1.125621994159023,0.6363958857890442,0.11725414033580596,0.9727952242802662,0.5245755138516532,1.243482942394683,1149
0.05,0.03,0.03,solana,-1,-1,0.14613118337079606,0.04717350134030074,0.1656388208440796,0.06134311560999165,0.5398406374501992,1.025940469926678,1149
0.05,0.03,0.05,portfolio,1613,810,2.5297992194652656,1.3391621659422097,0.03666369345926601,5.58800929738488,0.547787610619469,1.5957262281002844,1149
0.05,0.03,0.05,bitcoin,-1,-1,1.893422815379119,1.4069950557097242,0.05821143742883168,3.649709910426871,0.5102040816326531,1.556023530903786,1149
0.05,0.03,0.05,ethereum,-1,-1,1.717324243315782,1.3690563955746389,0.0881052239385277,2.3635089938149387,0.528,1.4136279849467248,1149
0.05,0.03,0.05,binancecoin,-1,-1,1.6476397105097913,1.3215023856407107,0.10605210757050394,1.9129853665168088,0.514745308310992,1.410754071328263,1149
0.05,0.03,0.05,solana,-1,-1,1.1913264056759405,1.0854453199508658,0.12905290797880165,1.3553869321546381,0.49555160142348753,1.2302278241656353,1149
0.05,0.03,0.08,portfolio,1282,570,2.9616483265261326,1.9936952753373856,0.03315427200712182,8.20012096636319,0.5380530973451327,1.7756222578717424,1149
0.05,0.03,0.08,bitcoin,-1,-1,2.1425907660902626,1.9656720879021048,0.05821143742883139,4.625350318798153,0.5039929015084295,1.6941965791064444,1149
0.05,0.03,0.08,ethereum,-1,-1,1.762171885673952,1.61598200250946,0.10072595326182315,2.3310637130894323,0.5226666666666666,1.4528212183258318,1149
0.05,0.03,0.08,binancecoin,-1,-1,1.8708266987098217,1.6998220520083933,0.10395055863490803,2.3412238663528644,0.5084897229669347,1.4956304654305435,1149
0.05,0.03,0.08,solana,-1,-1,1.7683787869340013,2.4868681137352024,0.12019931011116243,2.6217010668144827,0.4888888888888889,1.3878185054840775,1149
0.05,0.03,0.12,portfolio,977,429,2.974433771803165,2.363144322752498,0.03272778921137477,9.311578161154001,0.536283185840708,1.8468703411441678,1149
0.05,0.03,0.12,bitcoin,-1,-1,1.9808226155409168,1.6548585758468914,0.058211437428831184,4.102288975364994,0.49955634427684115,1.620900972933404,1149
0.05,0.03,0.12,ethereum,-1,-1,1.8265046730767698,1.9355583688481426,0.10868336504263341,2.451252710192747,0.5182222222222223,1.5078428750746093,1149
0.05,0.03,0.12,binancecoin,-1,-1,1.801174209461659,1.9010167176517996,0.09590073622656768,2.7437441734431105,0.5049151027703307,1.5217801404261622,1149
0.05,0.03,0.12,solana,-1,-1,2.0560035838942965,4.076210074895647,0.1256079774409097,3.407729119620386,0.48401420959147423,1.4977937164453845,1149
0.07,0.03,0.0,portfolio,400,141,2.8740126535368726,2.9157851029875776,0.04550653804254165,7.669620926924198,0.5451327433628319,1.9217712471455297,1149
0.07,0.03,0.0,bitcoin,-1,-1,2.00691711911806,1.9691314802691005,0.05571307278993619,4.8385925510692305,0.5062056737588653,1.682965385070617,1149
0.07,0.03,0.0,ethereum,-1,-1,1.7279340255432667,1.9970501902564006,0.12964695644152904,2.0994053194848736,0.5333333333333333,1.5093598311316445,1149
0.07,0.03,0.0,binancecoin,-1,-1,1.7598098518131173,2.0050991072340305,0.0965205728760095,2.82768789528772,0.5053571428571428,1.536457068002852,1149
0.07,0.03,0.0,solana,-1,-1,2.1894306861815602,6.726163401976362,0.14523718161508312,3.896018648075524,0.5048802129547472,1.6334195060461216,1149
0.07,0.03,0.01,portfolio,2111,1630,0.3491877163530208,0.05566832713075165,0.07836557745211344,0.15252080380634217,0.6256637168141593,1.074640353991286,1149
0.07,0.03,0.01,bitcoin,-1,-1,1.0306673338782737,0.3472892363006792,0.08194644678019244,0.8244770834677422,0.62322695035461,1.251686561831166,1149
0.07,0.03,0.01,ethereum,-1,-1,-0.3664711865059819,-0.09353601702385173,0.1500256130511518,-0.14202854223092118,0.7012089810017271,0.895445412393865,1149
0.07,0.03,0.01,binancecoin,-1,-1,0.4885373284409123,0.16338553518120502,0.13052686334550556,0.25855043122453625,0.6616071428571428,1.1052057551809624,1149
0.07,0.03,0.01,solana,-1,-1,-0.8782937500160812,-0.1437677011013,0.1513755608770147,-0.22109724958822935,0.7869822485207101,0.5463367128305436,1149
0.07,0.03,0.02,portfolio,1795,1241,1.6017243997196002,0.42445318050435277,0.0741838982327568,1.0876071608820357,0.5938053097345133,1.351759473380941,1149
0.07,0.03,0.02,bitcoin,-1,-1,1.5815710371581468,0.7781862096973555,0.06384732161083138,2.107438804221221,0.549645390070922,1.3962801616113698,1149
0.07,0.03,0.02,ethereum,-1,-1,0.9010917707795102,0.4266071134536349,0.1488182643652099,0.5445643627914104,0.5870337477797514,1.1912792385894968,1149
0.07,0.03,0.02,binancecoin,-1,-1,1.2564105574654587,0.6794600690728592,0.10381510227760814,1.1600368226801827,0.5616071428571429,1.2796023620351065,1149
0.07,0.03,0.02,solana,-1,-1,-0.3014534617875962,-0.06959385755457959,0.15357610830791096,-0.1022036653331638,0.7087912087912088,0.8589287900243943,1149
0.07,0.03,0.03,portfolio,1637,870,2.2802208338455925,0.9223121621693406,0.050846576653803724,3.030954779950181,0.5867256637168141,1.497139075937776,1149
0.07,0.03,0.03,bitcoin,-1,-1,1.6985520332244073,1.0091927036548385,0.059934321437153215,2.7589725286773263,0.5221631205673759,1.448433961542463,1149
0.07,0.03,0.03,ethereum,-1,-1,1.3951336529076466,0.863354410302763,0.1356625024116938,1.0780850070574184,0.5537777777777778,1.312486268655307,1149
0.07,0.03,0.03,binancecoin,-1,-1,1.5252832193927495,1.00394490157827,0.07752053425001681,2.1244551325299326,0.5294642857142857,1.3509416281563091,1149
0.07,0.03,0.03,solana,-1,-1,0.9727465879688715,0.7005436821133375,0.145393312484254,0.8494147968588305,0.5658362989323843,1.1833069775040286,1149
0.07,0.03,0.05,portfolio,1305,690,2.7686709724468312,1.5207524100691012,0.03893032652369465,5.7743377939193,0.5619469026548672,1.6783185890294163,1149
0.07,0.03,0.05,bitcoin,-1,-1,1.8771892690656726,1.4286497467751915,0.06084723243655651,3.530790715655153,0.5168439716312057,1.5605785274057342,1149
0.07,0.03,0.05,ethereum,-1,-1,1.7679815395408573,1.4789084958989323,0.10582478539938585,2.0818240209727006,0.5395555555555556,1.435657208196723,1149
0.07,0.03,0.05,binancecoin,-1,-1,1.82355046813565,1.616787629912075,0.0812298118161385,2.891573934174564,0.5223214285714286,1.469758860205076,1149
0.07,0.03,0.05,solana,-1,-1,1.4224822137988953,1.3588634160170439,0.1609704322783697,1.2865432831673116,0.5267857142857143,1.3041900596517415,1149
0.07,0.03,0.08,portfolio,977,418,3.054674522672159,2.126913693540368,0.03706314093881941,7.664542846923525,0.5530973451327433,1.8041683691014765,1149
0.07,0.03,0.08,bitcoin,-1,-1,2.1134539300018025,1.9631691184147084,0.05663905648521237,4.749607224064709,0.5115248226950354,1.6868199526405943,1149
0.07,0.03,0.08,ethereum,-1,-1,1.8323026763637988,1.7504989697742772,0.11132490544864704,2.231783615106436,0.5368888888888889,1.478647062410494,1149
0.07,0.03,0.08,binancecoin,-1,-1,1.6822500615722675,1.5030904006040506,0.10958215860959857,2.0341772631443,0.5044642857142857,1.440420077919076,1149
0.07,0.03,0.08,solana,-1,-1,2.0001593798194564,3.2392790637220212,0.1298734566104987,2.869783898751183,0.5204262877442274,1.456279240426366,1149
0.07,0.03,0.12,portfolio,725,309,3.105494271171932,2.5641847375010403,0.03980518118322245,8.076026102748104,0.5486725663716814,1.8982760380913664,1149
0.07,0.03,0.12,bitcoin,-1,-1,1.9111294825565168,1.6156186817613025,0.05632185561787513,4.168204287830956,0.5062056737588653,1.6003715282172482,1149
0.07,0.03,0.12,ethereum,-1,-1,1.973583214300991,2.228121855460561,0.11877024089855874,2.4675735342397362,0.5324444444444445,1.559237506885046,1149
0.07,0.03,0.12,binancecoin,-1,-1,1.778842761368118,1.919705556113903,0.11508674761911625,2.3018053603784314,0.5071428571428571,1.5161015760750085,1149
0.07,0.03,0.12,solana,-1,-1,2.2259724797201597,4.853492110529384,0.14362151636658096,3.295919772829754,0.5066548358473825,1.5539262621538403,1149
0.1,0.03,0.0,portfolio,232,80,2.9196515025027288,3.001878492286324,0.047274061677340475,7.519299227007214,0.5495575221238939,1.9466234647116591,1149
0.1,0.03,0.0,bitcoin,-1,-1,2.0387355440236203,2.0223004854370936,0.06680700014524828,4.1092182452435795,0.5079787234042553,1.6959732874319262,1149
0.1,0.03,0.0,ethereum,-1,-1,1.6428218793941298,1.8622060247363565,0.13602145596359871,1.907062207872083,0.5355239786856127,1.4800981896171315,1149
0.1,0.03,0.0,binancecoin,-1,-1,1.829402519646503,2.151906427356929,0.09652057287600928,2.966372800711875,0.5116071428571428,1.5672246949298698,1149
0.1,0.03,0.0,solana,-1,-1,2.234163793746296,7.237604602147201,0.13593654335039482,4.325655725810034,0.5141843971631206,1.6483474249389094,1149
0.1,0.03,0.01,portfolio,1980,1569,0.6020478467051865,0.11053216325193937,0.08249136522071765,0.2819673239668403,0.6389380530973451,1.1424709354047604,1149
0.1,0.03,0.01,bitcoin,-1,-1,1.4257836040017804,0.5183441727683225,0.06307688392822824,1.5206628230932862,0.6134751773049646,1.3633404190323688,1149
0.1,0.03,0.01,ethereum,-1,-1,-0.33074974151534203,-0.09642806752475708,0.15068186412465767,-0.1459605132678698,0.7110187110187111,0.8901821228900086,1149
0.1,0.03,0.01,binancecoin,-1,-1,0.7416766500602098,0.28220333487618476,0.13610951129581347,0.41167125182410674,0.6625,1.171397154826314,1149
0.1,0.03,0.01,solana,-1,-1,-0.8038899135559081,-0.15490198371954778,0.16766166005152794,-0.21614588972653975,0.7964071856287425,0.5348967419406797,1149
0.1,0.03,0.02,portfolio,1675,1261,1.4790427108322535,0.3757019229815093,0.07481481266194794,0.9685318851668873,0.595575221238938,1.3513189775525596,1149
0.1,0.03,0.02,bitcoin,-1,-1,1.749283453049917,0.898037479563147,0.07128160850462553,2.1169754810583616,0.5478723404255319,1.4495945826453713,1149
0.1,0.03,0.02,ethereum,-1,-1,0.20834335990487637,0.06270898626763355,0.15467113321890363,0.08682139181082284,0.5966620305980529,1.0575242836757823,1149
0.1,0.03,0.02,binancecoin,-1,-1,1.4100464566853426,0.8268362137133938,0.10754488670218548,1.3137830628407086,0.5669642857142857,1.3295188259920494,1149
0.1,0.03,0.02,solana,-1,-1,-0.26075283181811376,-0.062426147975517265,0.16092881779676507,-0.08723063256720757,0.727810650887574,0.8595545904840964,1149
0.1,0.03,0.03,portfolio,1357,739,2.4126842095232046,1.069134001356065,0.06029872147192509,2.867307330156875,0.5911504424778761,1.555153417543541,1149
0.1,0.03,0.03,bitcoin,-1,-1,1.9787351785869987,1.2738028074626038,0.06262019429908866,3.152521744602579,0.526595744680851,1.5451335097741425,1149
0.1,0.03,0.03,ethereum,-1,-1,1.18353332026675,0.7525551196735107,0.149601899104988,0.875304820864129,0.5559502664298401,1.274534232656356,1149
0.1,0.03,0.03,binancecoin,-1,-1,1.5434331244156043,1.0517621114317208,0.09185842191986805,1.85860072550731,0.5348214285714286,1.3677398499081113,1149
0.1,0.03,0.03,solana,-1,-1,1.2571659685754213,1.0831148329888642,0.14219418267932885,1.2280990254363602,0.5811889973380656,1.251975676917972,1149
0.1,0.03,0.05,portfolio,1063,601,2.811774305932594,1.6444316533477044,0.048666790385456335,4.884879762163153,0.5619469026548672,1.7196453702412446,1149
0.1,0.03,0.05,bitcoin,-1,-1,2.0416058533798433,1.657627619657816,0.0634159334012746,3.7700841181570186,0.5168439716312057,1.6293011610880508,1149
0.1,0.03,0.05,ethereum,-1,-1,1.5128409646580658,1.2459693330425279,0.1156208003824475,1.6794674032822083,0.544404973357016,1.3758998407734984,1149
0.1,0.03,0.05,binancecoin,-1,-1,1.8346962081283957,1.6761281589624453,0.09366037499007024,2.5728069848753456,0.5276785714285714,1.4845682772516016,1149
0.1,0.03,0.05,solana,-1,-1,1.6175186433812783,1.8009173231101654,0.15592741098769175,1.6253506573078895,0.5446428571428571,1.3646852640903657,1149
0.1,0.03,0.08,portfolio,727,317,3.064481327944102,2.2710969932592837,0.042272706454963074,7.021795746022123,0.5601769911504425,1.826655898776375,1149
0.1,0.03,0.08,bitcoin,-1,-1,2.104272775702432,1.960539650000202,0.06680700014524764,4.0230246487706545,0.5124113475177305,1.6865514916839381,1149
0.1,0.03,0.08,ethereum,-1,-1,1.7308007083998178,1.6287889215076379,0.11766272686380724,2.006769014433054,0.5399644760213144,1.452799122238384,1149
0.1,0.03,0.08,binancecoin,-1,-1,1.7412113770071398,1.6139175373176413,0.10746927836234123,2.1828082425966575,0.5151785714285714,1.4687271787505034,1149
0.1,0.03,0.08,solana,-1,-1,2.1573992978925993,4.077324848823484,0.12036205791552555,3.556824673337904,0.5310283687943262,1.5128009485611644,1149
0.1,0.03,0.12,portfolio,522,230,3.064260963726571,2.6233633129343845,0.043528900272811366,7.494996897343089,0.5548672566371682,1.8980896588059424,1149
0.1,0.03,0.12,bitcoin,-1,-1,1.9470565921330383,1.664074763143014,0.06740863070593316,3.5565480818996886,0.5088652482269503,1.6123118250388453,1149
0.1,0.03,0.12,ethereum,-1,-1,1.8135600309135456,2.003389121020447,0.12505450905293436,2.1812181005042866,0.5355239786856127,1.5089654237885335,1149
0.1,0.03,0.12,binancecoin,-1,-1,1.7556873865294789,1.9098275249449408,0.10746927836234105,2.4562133126388246,0.5133928571428571,1.5183270113658944,1149
0.1,0.03,0.12,solana,-1,-1,2.310248913047804,5.5970875834100156,0.13298225712476167,3.854051930996124,0.5212765957446809,1.5890611411060758,1149
