sl,ee,tp,scope,n_intrabar_sl,n_intrabar_tp,sharpe,total_return,max_drawdown,calmar,win_rate,profit_factor,n_bars
0.0,1.0,0.0,portfolio,0,0,3.1093289836436138,4.72219948251181,0.03512542191760291,8.880914813119771,0.549375,1.9588011428775378,1619
0.0,1.0,0.0,bitcoin,-1,-1,1.9135824082827249,3.243827428508607,0.07181354369799398,3.513390760007546,0.5046904315196998,1.673816497346364,1619
0.0,1.0,0.0,ethereum,-1,-1,0.9469517078844776,0.7566626587720664,0.15002277920674814,0.6109529030590309,0.5280289330922242,1.4724735529837973,1619
0.0,1.0,0.0,binancecoin,-1,-1,1.5209368482477246,3.9891960455027062,0.1455289866804669,1.9532196588831505,0.51375,1.4626397613201727,1619
0.0,1.0,0.0,solana,-1,-1,2.4907948851881843,22.44093481443043,0.1158347385990818,5.472885749211296,0.516875,1.7298134810360843,1619
0.0,1.0,0.01,portfolio,2638,2037,1.5923158432906666,0.42536354122690745,0.030422509473644676,1.8643171336656814,0.7025,1.3444806973007437,1619
0.0,1.0,0.01,bitcoin,-1,-1,0.595296712002069,0.223248875289912,0.11062993594927811,0.2880096663604344,0.6622889305816135,1.142331764036133,1619
0.0,1.0,0.01,ethereum,-1,-1,-0.05387616690714789,-0.017179731619184624,0.15274331477178768,-0.017635175758110824,0.7645985401459854,0.979872326818866,1619
0.0,1.0,0.01,binancecoin,-1,-1,0.9429519456639058,0.5435715780666037,0.08781204925641195,0.7960551657172535,0.72375,1.212545102332885,1619
0.0,1.0,0.01,solana,-1,-1,1.9123631226092919,1.1587647894062325,0.06884322767269226,1.8483785316950792,0.83125,1.4850622169140724,1619
0.0,1.0,0.02,portfolio,2486,1605,2.385727743730674,1.0430214443188461,0.03384433064686552,3.4753481838626383,0.6425,1.5158535467059235,1619
0.0,1.0,0.02,bitcoin,-1,-1,1.5001576512090913,1.019896094723522,0.09397024974831689,1.2306264678971461,0.5572232645403377,1.3726194401155951,1619
0.0,1.0,0.02,ethereum,-1,-1,0.15584506622396396,0.04908776294119055,0.15534720404822483,0.04819441691482219,0.6355311355311355,1.0600160966386525,1619
0.0,1.0,0.02,binancecoin,-1,-1,1.0405524229525003,0.8768804919190567,0.15123459006989495,0.680815022038951,0.5898617511520737,1.2321098796452379,1619
0.0,1.0,0.02,solana,-1,-1,2.320730286962565,3.1110861103925753,0.0913163107336213,2.695356184197269,0.7,1.5030755202225217,1619
0.0,1.0,0.03,portfolio,2277,1184,2.486245304363044,1.3529867611814188,0.03268187513170577,4.359166282992479,0.6,1.5474189875184243,1619
0.0,1.0,0.03,bitcoin,-1,-1,1.5987969828521256,1.3570825021598996,0.083038932726164,1.7193746512390835,0.5303314571607255,1.4203833121554432,1619
0.0,1.0,0.03,ethereum,-1,-1,0.32409830212356583,0.13058365956282025,0.16069612720176224,0.12002401323850971,0.5711678832116789,1.1232003646354554,1619
0.0,1.0,0.03,binancecoin,-1,-1,0.9557173237129951,0.91819625157571,0.15299715011641418,0.6974461542373582,0.5497037524687294,1.2165845138554465,1619
0.0,1.0,0.03,solana,-1,-1,2.25751156850234,4.488186373711956,0.12378352598489735,2.451431238337901,0.61875,1.4879423616647036,1619
0.0,1.0,0.05,portfolio,2191,1392,3.043119961311181,3.0083998853304097,0.033331311061316676,7.237439033803542,0.56875,1.7599202440354051,1619
0.0,1.0,0.05,bitcoin,-1,-1,1.7837131683894447,2.038212000036865,0.0683185622651817,2.7639848482572895,0.5209505941213258,1.5288195241546798,1619
0.0,1.0,0.05,ethereum,-1,-1,1.5172633862990836,2.091449532634038,0.12861692095170507,1.4931953928323252,0.545,1.3764977720110925,1619
0.0,1.0,0.05,binancecoin,-1,-1,1.2439250339204242,1.6362478711406276,0.15289726577246657,1.0651555595466917,0.5344714379514117,1.3086082935028842,1619
0.0,1.0,0.05,solana,-1,-1,2.438810824641421,8.124445335100866,0.12696860035104682,3.2352475359896653,0.5575,1.5530156880300012,1619
0.0,1.0,0.08,portfolio,1146,587,3.0013520152905793,3.211891101281913,0.03643644508940257,6.884246953418812,0.559375,1.8225911449176335,1619
0.0,1.0,0.08,bitcoin,-1,-1,1.9586148346276566,3.020875436138061,0.07255959282214287,3.3328997602292536,0.5109443402126329,1.6512577323568483,1619
0.0,1.0,0.08,ethereum,-1,-1,0.7826718541819887,0.5330429858510213,0.15165199001939753,0.45343319534922144,0.5406896551724137,1.3083192161938528,1619
0.0,1.0,0.08,binancecoin,-1,-1,1.44542825927398,2.4242308176284073,0.1581197667726865,1.3355155705215198,0.525065963060686,1.3915380712684149,1619
0.0,1.0,0.08,solana,-1,-1,2.431029852431587,11.84360511984262,0.11300444642239936,4.3173835158585865,0.53875,1.6076410151410299,1619
0.0,1.0,0.12,portfolio,627,300,3.1983216639385788,4.225913645386002,0.03844919816233697,7.634742321985162,0.560625,1.9683377154329962,1619
0.0,1.0,0.12,bitcoin,-1,-1,1.8786507152208576,3.3175978313315593,0.07185380034580904,3.5582362649862596,0.5059412132582864,1.680750411969468,1619
0.0,1.0,0.12,ethereum,-1,-1,0.9515923201138885,0.7068014028540364,0.1509989983682937,0.5746730705080798,0.5291970802919708,1.4520655926695805,1619
0.0,1.0,0.12,binancecoin,-1,-1,1.5383851023721875,3.1782432591415457,0.1534287396761902,1.624707610787873,0.5230870712401056,1.4547999373794707,1619
0.0,1.0,0.12,solana,-1,-1,2.633227547074966,19.340032656079497,0.10430909278527449,5.735441434869392,0.52875,1.7075859668259517,1619
0.005,1.0,0.0,portfolio,2887,2079,1.0407979004305874,0.5757508853814506,0.050672043438621014,1.4474413929877672,0.35125,1.3167846632120672,1619
0.005,1.0,0.0,bitcoin,-1,-1,0.8128447505557396,0.6051335070447692,0.1349371764351979,0.5664550008619507,0.2795497185741088,1.2839533001448222,1619
0.005,1.0,0.0,ethereum,-1,-1,0.14952009550408712,0.05610590556357575,0.15135674243836408,0.05637664130095626,0.21818181818181817,1.0904058656785707,1619
0.005,1.0,0.0,binancecoin,-1,-1,0.3873217021839283,0.2503668773397447,0.15241659176486103,0.23219371714025114,0.2918181818181818,1.1350151245578612,1619
0.005,1.0,0.0,solana,-1,-1,1.0076217883837224,1.6295012334906613,0.13058595443882293,1.243592067306668,0.208125,1.3561577946721532,1619
0.005,1.0,0.01,portfolio,2795,2552,-3.81666458705839,-0.15034191505620076,0.15034191505620076,-0.1665545079148523,0.12690355329949238,0.11588752083665854,1619
0.005,1.0,0.01,bitcoin,-1,-1,-2.9505136726815557,-0.15155077047652532,0.15155077047652532,-0.16665149461125064,0.07947019867549669,0.12157555272607194,1619
0.005,1.0,0.01,ethereum,-1,-1,-2.753348794431735,-0.14869475034947943,0.15044672938281742,-0.16448460290188707,0.12690355329949238,0.2607635437552889,1619
0.005,1.0,0.01,binancecoin,-1,-1,-2.594486072145876,-0.15001448791430394,0.15001448791430394,-0.16652826711533,0.11242603550295859,0.21724672440087078,1619
0.005,1.0,0.01,solana,-1,-1,-3.6841331616650996,-0.151442770867794,0.151442770867794,-0.16664282298121563,0.0893854748603352,0.13608380240872323,1619
0.005,1.0,0.02,portfolio,3367,3032,-2.629343912696082,-0.14891165688002528,0.14917991879198586,-0.16614067380474828,0.14056224899598393,0.3170484089700458,1619
0.005,1.0,0.02,bitcoin,-1,-1,-1.737012306559245,-0.1500097691093063,0.15096512823298955,-0.16547404341519836,0.0970873786407767,0.39583135029056726,1619
0.005,1.0,0.02,ethereum,-1,-1,-1.702773348559093,-0.14533250498554107,0.15045013851038336,-0.16050255430133853,0.11244979919678715,0.4682960985242802,1619
0.005,1.0,0.02,binancecoin,-1,-1,-1.7551192653803807,-0.15028043050255468,0.15028043050255468,-0.16654957946139157,0.09865470852017937,0.38464200831696205,1619
0.005,1.0,0.02,solana,-1,-1,-2.7543505615021777,-0.15094783230504427,0.15094783230504427,-0.16660309987880964,0.08247422680412371,0.2564086401994253,1619
0.005,1.0,0.03,portfolio,3391,2926,-1.4685253240230072,-0.1472960381213403,0.14798602615592618,-0.16553544740126752,0.2357563850687623,0.697780675503855,1619
0.005,1.0,0.03,bitcoin,-1,-1,-1.2627247773623194,-0.1503721191960159,0.1503721191960159,-0.16655692916393391,0.09734513274336283,0.4930264671635463,1619
0.005,1.0,0.03,ethereum,-1,-1,-1.0358282787110749,-0.14219575416341634,0.15068335856750478,-0.15656025103156992,0.14622641509433962,0.6549571027781698,1619
0.005,1.0,0.03,binancecoin,-1,-1,-0.5185119940140872,-0.1528098756797679,0.1528098756797679,-0.1667526908196217,0.22298624754420432,0.8757725760154879,1619
0.005,1.0,0.03,solana,-1,-1,-2.1971790967888736,-0.14970722779663603,0.1500516644390397,-0.1661214522539452,0.07339449541284404,0.3300825751287346,1619
0.005,1.0,0.05,portfolio,3371,2778,-0.5011827255316026,-0.08718986797607231,0.09502556146593055,-0.1483742981256245,0.25,0.886671436238381,1619
0.005,1.0,0.05,bitcoin,-1,-1,-0.9679078300905648,-0.1476779057193216,0.15114617127668842,-0.16252442131777559,0.11724137931034483,0.5919577252397713,1619
0.005,1.0,0.05,ethereum,-1,-1,-0.26240180193759466,-0.10257734865688428,0.15128272142611357,-0.11042120193063634,0.19117647058823528,0.9287092950899368,1619
0.005,1.0,0.05,binancecoin,-1,-1,0.13746127521512472,0.04598171797157624,0.15011987179684452,0.04677593174078583,0.22796081923419412,1.0392582868235571,1619
0.005,1.0,0.05,solana,-1,-1,-1.2399142230548745,-0.14814446290081118,0.15145428269995131,-0.16274266251006442,0.07467532467532467,0.5368713230183924,1619
0.005,1.0,0.08,portfolio,3326,2728,-0.271740120901115,-0.05510081933430466,0.07890253927296824,-0.11131550690231468,0.26161790017211706,0.9316803707898378,1619
0.005,1.0,0.08,bitcoin,-1,-1,-0.6582959386053197,-0.13059654326000614,0.15016165621920038,-0.1434959783276752,0.13870967741935483,0.6842755366624121,1619
0.005,1.0,0.08,ethereum,-1,-1,-0.23383539983196155,-0.06728805106817426,0.15062776615028853,-0.07159335883579414,0.18558558558558558,0.9013277917134557,1619
0.005,1.0,0.08,binancecoin,-1,-1,0.20489863151017207,0.09041657179800344,0.1522251080836246,0.089107157231219,0.24612736660929432,1.060666202459432,1619
0.005,1.0,0.08,solana,-1,-1,-0.41555974440272353,-0.1206306542572897,0.15023818581256604,-0.13185868001879672,0.11574074074074074,0.8520503933753424,1619
0.005,1.0,0.12,portfolio,3168,2404,0.39460080333733694,0.1204639201278217,0.07334758392941884,0.24352410147571682,0.29,1.0979098307428048,1619
0.005,1.0,0.12,bitcoin,-1,-1,-0.45353381232240453,-0.10454557011801269,0.15264421366984005,-0.11163739716061215,0.18052256532066507,0.7921134703628783,1619
0.005,1.0,0.12,ethereum,-1,-1,0.5819555556387009,0.36011726534742894,0.1418455719622282,0.34571668774625525,0.2375,1.1776041340920835,1619
0.005,1.0,0.12,binancecoin,-1,-1,0.250480257894433,0.12845236256356185,0.1522037850730695,0.12475427510304228,0.260989010989011,1.0849077965824285,1619
0.005,1.0,0.12,solana,-1,-1,0.1864398654832863,0.08723188726982678,0.1282398473691188,0.1021758313133218,0.145625,1.051798028402478,1619
0.01,1.0,0.0,portfolio,2117,1226,2.436972497096683,3.1285068251561885,0.04685493265776623,5.2705321808852785,0.469375,1.751679263286121,1619
0.01,1.0,0.0,bitcoin,-1,-1,1.6893990565399928,2.2793782470141815,0.09581903789479981,2.1191020557756746,0.40275171982489055,1.6220179217795145,1619
0.01,1.0,0.0,ethereum,-1,-1,1.5623872272914523,2.5602038244209484,0.1485799950852905,1.4708230360867058,0.406875,1.5139037546721827,1619
0.01,1.0,0.0,binancecoin,-1,-1,1.0156415481823051,1.5712704772198203,0.13157140144885443,1.2035364751713638,0.399375,1.3063431915940418,1619
0.01,1.0,0.0,solana,-1,-1,1.911085599273315,7.200007368778367,0.10884030347436355,3.560370370525587,0.338125,1.6194953311063796,1619
0.01,1.0,0.01,portfolio,2921,2603,-3.1256477647628276,-0.1508076594173119,0.15182316688253011,-0.16547756333161392,0.18493150684931506,0.13846705876532311,1619
0.01,1.0,0.01,bitcoin,-1,-1,-2.070782895278945,-0.15115776942619719,0.15115776942619719,-0.1666199457260617,0.24806201550387597,0.24390424642553493,1619
0.01,1.0,0.01,ethereum,-1,-1,-2.2873040520815535,-0.1521977280367537,0.15361710003291232,-0.1651631830786411,0.2222222222222222,0.2727845801906213,1619
0.01,1.0,0.01,binancecoin,-1,-1,-2.085787750970134,-0.15067310290383296,0.15204978472376096,-0.165072812346276,0.2191780821917808,0.2903540351277367,1619
0.01,1.0,0.01,solana,-1,-1,-2.8713345863685698,-0.1498475692207526,0.15111122873624477,-0.1651224227157053,0.17777777777777778,0.19314667503263344,1619
0.01,1.0,0.02,portfolio,3377,3021,-1.8233259103366282,-0.1483146560896278,0.15053134070371788,-0.16394198693169493,0.28193832599118945,0.4588446727346387,1619
0.01,1.0,0.02,bitcoin,-1,-1,-1.1769011835652203,-0.1533683536171807,0.1533683536171807,-0.16679763482457152,0.26540284360189575,0.5831239066560978,1619
0.01,1.0,0.02,ethereum,-1,-1,-1.2160919619699515,-0.1461942655331192,0.15046540634385622,-0.1615045674565411,0.24669603524229075,0.6029445299057599,1619
0.01,1.0,0.02,binancecoin,-1,-1,-1.1546291636946924,-0.14952870080975433,0.15252753498718033,-0.1632160208182875,0.21428571428571427,0.55967721303263,1619
0.01,1.0,0.02,solana,-1,-1,-1.784708225567773,-0.1463014178848251,0.15112604950512687,-0.16092467838210747,0.18857142857142858,0.43749194342431585,1619
0.01,1.0,0.03,portfolio,3414,2954,-1.299429073111882,-0.1447320611639833,0.14815792144550308,-0.16226571613897972,0.2962138084632517,0.6386431417669225,1619
0.01,1.0,0.03,bitcoin,-1,-1,-0.8356877141495985,-0.14978771584643413,0.15224674447207653,-0.16382069557363213,0.25517241379310346,0.7002692769631029,1619
0.01,1.0,0.03,ethereum,-1,-1,-0.731697282917438,-0.14359136236955683,0.1512245770629831,-0.15763613856785685,0.267260579064588,0.782100458880368,1619
0.01,1.0,0.03,binancecoin,-1,-1,-0.8612363141602976,-0.14933657597296934,0.15395057747338897,-0.16148464036686497,0.21052631578947367,0.6887249830659903,1619
0.01,1.0,0.03,solana,-1,-1,-1.244559724201791,-0.14088260895182503,0.15020713216991308,-0.15550873379792207,0.17857142857142858,0.5669117002698493,1619
0.01,1.0,0.05,portfolio,3312,2439,0.6387473732224022,0.173884228376604,0.09363808225886762,0.2698445553036104,0.391875,1.1339675129958366,1619
0.01,1.0,0.05,bitcoin,-1,-1,-0.16432697871781898,-0.04592582841801773,0.15051807108846466,-0.04843986382742133,0.3273542600896861,0.9384391809100094,1619
0.01,1.0,0.05,ethereum,-1,-1,0.7615042575134756,0.4768122740144307,0.12621744876921248,0.4956970565413163,0.334375,1.1787059853490522,1619
0.01,1.0,0.05,binancecoin,-1,-1,0.6441120587129482,0.46819430262642214,0.14530633340572957,0.42391885181813793,0.346875,1.1455214053039933,1619
0.01,1.0,0.05,solana,-1,-1,-0.6608566739612557,-0.11962981665565331,0.1508994283465306,-0.1301307096299953,0.15034965034965034,0.7437177698459568,1619
0.01,1.0,0.08,portfolio,3033,2140,0.9478874782575352,0.31621612520967135,0.07882742704190904,0.5543082464807103,0.391875,1.235036896162576,1619
0.01,1.0,0.08,bitcoin,-1,-1,1.2389456682585087,1.1682248077150517,0.1364058561042171,0.9384920234135375,0.3827392120075047,1.394663067183847,1619
0.01,1.0,0.08,ethereum,-1,-1,0.3941903465440007,0.20985076120459767,0.15280528312886144,0.1969509475858673,0.3554868624420402,1.1040792393799426,1619
0.01,1.0,0.08,binancecoin,-1,-1,0.2736343136362784,0.12074669995632936,0.1522785244873529,0.11756014122438449,0.3353584447144593,1.087655749840769,1619
0.01,1.0,0.08,solana,-1,-1,-0.10286040323289418,-0.02906534278128814,0.15053056041446897,-0.030429663550169413,0.17834394904458598,0.954105987099518,1619
0.01,1.0,0.12,portfolio,2807,1848,1.7060898970880742,0.9506456097496276,0.06468036835883495,1.69449782129332,0.4125,1.4593321039068068,1619
0.01,1.0,0.12,bitcoin,-1,-1,1.406968693286083,1.7278062249360393,0.13350119616269565,1.2663211338542117,0.3902439024390244,1.5188556447476103,1619
0.01,1.0,0.12,ethereum,-1,-1,1.225589514419844,1.2397207499207386,0.1407895291944223,0.9498318114173738,0.375625,1.3486978927387911,1619
0.01,1.0,0.12,binancecoin,-1,-1,0.34601389884746203,0.19369003986420297,0.15419575958297374,0.18120641622238134,0.34657039711191334,1.1249817234225614,1619
0.01,1.0,0.12,solana,-1,-1,0.9466393571166086,0.8156997996142259,0.15259497576367476,0.6375570322342192,0.24710080285459413,1.2866337228083236,1619
0.015,1.0,0.0,portfolio,1862,982,2.8261590820465585,4.391935888133473,0.04357688921230225,6.881217357476048,0.5025,1.8805151505389668,1619
0.015,1.0,0.0,bitcoin,-1,-1,1.8343459620206741,2.7405700942556654,0.10197479448263164,2.235301477076414,0.4540337711069418,1.6484942002415588,1619
0.015,1.0,0.0,ethereum,-1,-1,1.7875731665192398,3.5890139524200277,0.13322003737162857,2.0090458638039346,0.459375,1.5632136210362513,1619
0.015,1.0,0.0,binancecoin,-1,-1,1.2341027147274615,2.0946068559570348,0.1560148261621205,1.2321880881330762,0.44598155467720685,1.3785727747573013,1619
0.015,1.0,0.0,solana,-1,-1,2.2296960446163943,12.372324744192532,0.10404696849884325,4.779145606278897,0.40375,1.6916466967717743,1619
0.015,1.0,0.01,portfolio,3383,3016,-2.6655170185707697,-0.15016699659205668,0.1511832701945216,-0.16542098118781182,0.2595419847328244,0.15059117359125215,1619
0.015,1.0,0.01,bitcoin,-1,-1,-1.626421434168372,-0.15000518757383485,0.15000518757383485,-0.16652752194235887,0.36936936936936937,0.2941788484039272,1619
0.015,1.0,0.01,ethereum,-1,-1,-1.969155173042459,-0.14904437737909826,0.15046902864586698,-0.16487462607072997,0.26666666666666666,0.24645580366503764,1619
0.015,1.0,0.01,binancecoin,-1,-1,-2.067057155621339,-0.1510420200305046,0.15241810386925117,-0.16510643793656646,0.29770992366412213,0.27150120086755075,1619
0.015,1.0,0.01,solana,-1,-1,-2.4182149594478215,-0.15140610637417862,0.1526674492929843,-0.1652630958331087,0.2689075630252101,0.22928616112230024,1619
0.015,1.0,0.02,portfolio,3383,3012,-1.5440872376130985,-0.1488425061977141,0.1510578169743635,-0.1639936280043982,0.34513274336283184,0.5165556853423002,1619
0.015,1.0,0.02,bitcoin,-1,-1,-0.9260905661725427,-0.15085735145299073,0.15085735145299073,-0.16659584103738673,0.37735849056603776,0.6628599232215856,1619
0.015,1.0,0.02,ethereum,-1,-1,-1.005382839711331,-0.1494469837712189,0.15286206216989143,-0.16276343645121735,0.3495575221238938,0.6677596329897152,1619
0.015,1.0,0.02,binancecoin,-1,-1,-0.9754270751612183,-0.15159212555474377,0.15458368392091815,-0.16342965230233497,0.29213483146067415,0.6160934399594196,1619
0.015,1.0,0.02,solana,-1,-1,-1.570822525544741,-0.14678921925398103,0.15011659179892123,-0.16258501176974444,0.2727272727272727,0.4762341261505105,1619
0.015,1.0,0.03,portfolio,3420,2896,-1.0316406395857676,-0.13679340893548708,0.14025106827333,-0.161399201288487,0.35517970401691334,0.7142970239076303,1619
0.015,1.0,0.03,bitcoin,-1,-1,-0.6692064324307188,-0.1552953815197794,0.15544421074100323,-0.16679314170778675,0.37735849056603776,0.7896416314131905,1619
0.015,1.0,0.03,ethereum,-1,-1,-0.44459330076166476,-0.10985858406035554,0.15060353557041833,-0.1191929360294786,0.3488372093023256,0.8711970959839987,1619
0.015,1.0,0.03,binancecoin,-1,-1,-0.78645197995938,-0.14541721335917557,0.1500524734966424,-0.1610282464177652,0.28512396694214875,0.6975579296949296,1619
0.015,1.0,0.03,solana,-1,-1,-0.9884634441713843,-0.14299403481539363,0.1508023450358966,-0.1573749647220012,0.27411167512690354,0.657932980571581,1619
0.015,1.0,0.05,portfolio,3239,2319,0.8183456885003126,0.2461385807663654,0.09952654092644983,0.3501016768405266,0.42875,1.1699732906817721,1619
0.015,1.0,0.05,bitcoin,-1,-1,-0.10143237638343774,-0.035184378595802146,0.1520949301072362,-0.03655387229836549,0.4088888888888889,0.9632574356103988,1619
0.015,1.0,0.05,ethereum,-1,-1,1.013208701785265,0.776190594710674,0.12657751955483873,0.7389696299662208,0.41,1.2267174717949376,1619
0.015,1.0,0.05,binancecoin,-1,-1,0.6450373949470113,0.48001128479834043,0.1528858842047602,0.4115720182017701,0.4155672823218997,1.1431201550486292,1619
0.015,1.0,0.05,solana,-1,-1,-0.39090838074962914,-0.09398568961258957,0.1520035392772552,-0.10029659724663352,0.22602739726027396,0.8562128269132064,1619
0.015,1.0,0.08,portfolio,2786,1736,1.887771238399659,0.9769265256542985,0.07999981018502139,1.3989350988777633,0.47,1.4612259253259081,1619
0.015,1.0,0.08,bitcoin,-1,-1,1.6265398263712865,1.9183646536952788,0.13330806301345174,1.3608143605231635,0.4427767354596623,1.5206084754742744,1619
0.015,1.0,0.08,ethereum,-1,-1,1.361342209153733,1.4520478187245036,0.13221425439532783,1.1331799032987788,0.42875,1.345244819976532,1619
0.015,1.0,0.08,binancecoin,-1,-1,0.9399754998829699,0.9490839222938936,0.15049793709914774,0.7273350452544429,0.4163372859025033,1.2327388178070757,1619
0.015,1.0,0.08,solana,-1,-1,0.055352101493377416,0.009719976248956597,0.15194368591306015,0.009916560233789947,0.2616822429906542,1.0227478699436352,1619
0.015,1.0,0.12,portfolio,2483,1420,2.1916871108882745,1.8292599838747208,0.056548211805368676,3.1074231856829964,0.468125,1.6027552168855168,1619
0.015,1.0,0.12,bitcoin,-1,-1,1.593577795235269,2.23047762535861,0.1205991852506395,1.6603784656626333,0.4446529080675422,1.565337956250924,1619
0.015,1.0,0.12,ethereum,-1,-1,1.52405070233596,1.970964165352728,0.1196645154181317,1.5434559812706135,0.43625,1.4135531245969433,1619
0.015,1.0,0.12,binancecoin,-1,-1,1.0417398822176995,1.2971686559049194,0.15544604801069953,0.8890828036267615,0.42744063324538256,1.2874804069695727,1619
0.015,1.0,0.12,solana,-1,-1,1.2358074027360444,1.578118714977688,0.15573358162770584,1.0198869317676447,0.3285586392121755,1.368443698687276,1619
0.02,1.0,0.0,portfolio,1638,819,3.018917593874953,5.132524409247605,0.035125421917602685,9.285705819536881,0.515,1.943842801755804,1619
0.02,1.0,0.0,bitcoin,-1,-1,1.9934225282760427,3.3033724289819855,0.08562700079004402,2.9783590186602362,0.4734208880550344,1.7149508299813836,1619
0.02,1.0,0.0,ethereum,-1,-1,1.7422138060844825,3.487586743906303,0.1464965693706282,1.7969219890977954,0.48125,1.5290290562667361,1619
0.02,1.0,0.0,binancecoin,-1,-1,1.402599613364336,2.789188469800609,0.15093241943058916,1.5266112767470228,0.4739960500329164,1.4385227390973807,1619
0.02,1.0,0.0,solana,-1,-1,2.322930916009682,15.046069759049502,0.10146787447248312,5.325267716030635,0.4325,1.702031138478678,1619
0.02,1.0,0.01,portfolio,3380,3017,-2.5109625635675985,-0.15105263257880286,0.15206784709263377,-0.16549919975503383,0.3076923076923077,0.16482139522971223,1619
0.02,1.0,0.01,bitcoin,-1,-1,-1.3686312270738286,-0.15275749748164513,0.15275749748164513,-0.16674847747673965,0.4788732394366197,0.4100683638534891,1619
0.02,1.0,0.01,ethereum,-1,-1,-1.6905833135854647,-0.14918186163799174,0.15060628273162524,-0.16488721428002315,0.3793103448275862,0.2963336562158119,1619
0.02,1.0,0.01,binancecoin,-1,-1,-1.8482496260382086,-0.15423144471348227,0.15560235878427248,-0.1653970022962893,0.3937007874015748,0.29502483599015183,1619
0.02,1.0,0.01,solana,-1,-1,-2.201227661226628,-0.14936172966589312,0.1506261113292664,-0.1650785616995328,0.28421052631578947,0.2070864023223694,1619
0.02,1.0,0.02,portfolio,3391,2994,-1.3561374961568897,-0.14879027741077466,0.15100572412348218,-0.16398851982068566,0.3677685950413223,0.5762448195132032,1619
0.02,1.0,0.02,bitcoin,-1,-1,-0.8085328002604731,-0.154522837969998,0.154522837969998,-0.16689065679463758,0.42738589211618255,0.7125431465853542,1619
0.02,1.0,0.02,ethereum,-1,-1,-0.8702704624113509,-0.149103698610478,0.15220250087486545,-0.1630663523409091,0.4177215189873418,0.7130504820785062,1619
0.02,1.0,0.02,binancecoin,-1,-1,-0.836042883303563,-0.14757407227697172,0.15057979864094634,-0.16301289325817125,0.3502824858757062,0.6597876862345428,1619
0.02,1.0,0.02,solana,-1,-1,-1.272890102370918,-0.14858331739978703,0.15133663484932072,-0.16338609339661517,0.3493975903614458,0.5642062842312691,1619
0.02,1.0,0.03,portfolio,3395,2560,-0.171400443947369,-0.03497884693455411,0.12862746316669002,-0.04296662505773364,0.4575,0.9628507126103495,1619
0.02,1.0,0.03,bitcoin,-1,-1,0.5067960930886333,0.2748239893028679,0.12926983630695266,0.29795611221229024,0.46216385240775487,1.1144806499359152,1619
0.02,1.0,0.03,ethereum,-1,-1,-0.4117698864052368,-0.0915891924603055,0.15239690386341176,-0.09738027633255142,0.3951048951048951,0.8622372711970602,1619
0.02,1.0,0.03,binancecoin,-1,-1,-0.6045196405854987,-0.14508905985663434,0.15541575386372444,-0.15509606091904587,0.3684210526315789,0.7802916642000746,1619
0.02,1.0,0.03,solana,-1,-1,-0.8163878817334137,-0.14234597329064458,0.15063305852629572,-0.15678922939687243,0.32751091703056767,0.7297356016918509,1619
0.02,1.0,0.05,portfolio,2984,1862,1.5166454322276395,0.6544190343461262,0.06530180448230792,1.2482804207546987,0.474375,1.332315299428948,1619
0.02,1.0,0.05,bitcoin,-1,-1,1.4770172278185147,1.3970278622169223,0.07330684375169379,1.988465456542599,0.4727954971857411,1.4114480936609415,1619
0.02,1.0,0.05,ethereum,-1,-1,0.9443074411453504,0.7569949182851348,0.13339243371989626,0.687362739413278,0.449375,1.203574815458352,1619
0.02,1.0,0.05,binancecoin,-1,-1,0.7995281762693512,0.6957237203110713,0.15637911423481224,0.5478618227865735,0.45646437994722955,1.1799532749996942,1619
0.02,1.0,0.05,solana,-1,-1,-0.053165256147130135,-0.02116139629951841,0.15269949856639486,-0.02176576132233578,0.30959752321981426,0.9813732800696414,1619
0.02,1.0,0.08,portfolio,2609,1418,2.391696061736434,1.8588861010649658,0.049064886481207756,3.620248633592887,0.483125,1.5934644462648584,1619
0.02,1.0,0.08,bitcoin,-1,-1,1.9268773277671205,2.7065211792919475,0.08636194706142662,2.619184707494431,0.46716697936210133,1.6326733175140067,1619
0.02,1.0,0.08,ethereum,-1,-1,1.3291380778329807,1.5117192526548289,0.13133094396126818,1.173628876535717,0.4575,1.3250607648943002,1619
0.02,1.0,0.08,binancecoin,-1,-1,1.2637235144914574,1.6060664823922726,0.15544821218226812,1.034280634211417,0.4614370468029005,1.325273906043316,1619
0.02,1.0,0.08,solana,-1,-1,1.2282566518586315,1.4641068551596792,0.15145218194782234,0.9950393940636871,0.3696013289036545,1.3075961501105953,1619
0.02,1.0,0.12,portfolio,2243,1159,2.6853583707786672,3.0846817873171464,0.032582554309855315,7.515703834089961,0.48875,1.7458001913695296,1619
0.02,1.0,0.12,bitcoin,-1,-1,1.8480683951932924,3.022283226666323,0.08553962467655117,2.827946889185887,0.46966854283927456,1.6725217618004646,1619
0.02,1.0,0.12,ethereum,-1,-1,1.5724660753054924,2.2551344606151225,0.12385680449816787,1.6281836834279642,0.465,1.4171284588391329,1619
0.02,1.0,0.12,binancecoin,-1,-1,1.3104767756431757,2.048087712463448,0.1554925534313876,1.2182714051984465,0.46732673267326735,1.3732789994579313,1619
0.02,1.0,0.12,solana,-1,-1,1.8724043697561619,5.040669348322988,0.125519174591802,2.57373248500377,0.39375,1.466736301926744,1619
0.03,1.0,0.0,portfolio,1248,584,3.1777346073749837,6.316245216592156,0.03512542191760279,10.337256986799716,0.539375,2.020464767408707,1619
0.03,1.0,0.0,bitcoin,-1,-1,2.038006365242933,3.5044662008309713,0.06600456840292071,3.999440087773484,0.49405878674171355,1.7274422216990521,1619
0.03,1.0,0.0,ethereum,-1,-1,1.9575767885289888,4.636118955304892,0.1344952177236276,2.296395824701348,0.51125,1.6016621151656978,1619
0.03,1.0,0.0,binancecoin,-1,-1,1.5753924713585998,4.159679268582457,0.14467505146107165,2.011294198700165,0.494375,1.4852912115988055,1619
0.03,1.0,0.0,solana,-1,-1,2.365860759815827,16.907486495449536,0.12570139154187013,4.509768410441563,0.4725,1.6986388611550234,1619
0.03,1.0,0.01,portfolio,3389,3000,-1.8529081606518225,-0.1522497617455666,0.15326354467134898,-0.16560494032099532,0.4915254237288136,0.4033249227595338,1619
0.03,1.0,0.01,bitcoin,-1,-1,-0.8657092719722694,-0.151857057981016,0.151857057981016,-0.16667609467128935,0.6085106382978723,0.661529218091269,1619
0.03,1.0,0.01,ethereum,-1,-1,-1.2222034297437308,-0.1538409876546032,0.15525760854149834,-0.16531343535628348,0.5789473684210527,0.48807507633396313,1619
0.03,1.0,0.01,binancecoin,-1,-1,-1.5128866614787548,-0.1549237263484078,0.15629351829349547,-0.1654600430274395,0.5079365079365079,0.3485913382969896,1619
0.03,1.0,0.01,solana,-1,-1,-1.546371941154372,-0.15137025577191954,0.1526316519787628,-0.16525986042503027,0.5454545454545454,0.400036896236414,1619
0.03,1.0,0.02,portfolio,3320,2655,-0.13395945203117882,-0.024461336113856036,0.11819207423034268,-0.03255182808159856,0.503125,0.9710234864668437,1619
0.03,1.0,0.02,bitcoin,-1,-1,0.7834335777488316,0.4407277753244112,0.09161298423214924,0.6383608847687082,0.515322076297686,1.1782533367242485,1619
0.03,1.0,0.02,ethereum,-1,-1,-0.7032478603933264,-0.14723452136843618,0.1543159543440832,-0.1586743209252982,0.5271966527196653,0.7547627832689692,1619
0.03,1.0,0.02,binancecoin,-1,-1,-1.0549922441847452,-0.14754331733492254,0.15054915214344014,-0.16300969099206822,0.38405797101449274,0.5367791194540362,1619
0.03,1.0,0.02,solana,-1,-1,-0.8809929818096995,-0.15072072452278396,0.15698779777386374,-0.1599346856857019,0.5052083333333334,0.6881973052048573,1619
0.03,1.0,0.03,portfolio,3263,2521,0.38972169237591014,0.08074834269566944,0.09361403010960105,0.1298979364729546,0.489375,1.0921615319419593,1619
0.03,1.0,0.03,bitcoin,-1,-1,1.1991177268142938,0.9097992554241519,0.07423075959260074,1.427330088737915,0.4996873045653533,1.3017051920232174,1619
0.03,1.0,0.03,ethereum,-1,-1,-0.33026681156575866,-0.08770313890671788,0.15347916752808147,-0.09242726706166578,0.4870848708487085,0.884039089585553,1619
0.03,1.0,0.03,binancecoin,-1,-1,-0.6511929497041107,-0.1503111044738118,0.15895743977361124,-0.15749260206814952,0.39106145251396646,0.7137039146739266,1619
0.03,1.0,0.03,solana,-1,-1,-0.43862667326715415,-0.10140025128437702,0.1570019900629477,-0.10512084715900998,0.45692883895131087,0.8552076339142857,1619
0.03,1.0,0.05,portfolio,2699,1519,2.189086126401682,1.4990222062935254,0.04258072532394967,3.598429258368575,0.51875,1.5039545681103066,1619
0.03,1.0,0.05,bitcoin,-1,-1,1.877098138315717,2.157739894799144,0.06636253135585793,2.953372881400397,0.5040650406504065,1.5568939219140647,1619
0.03,1.0,0.05,ethereum,-1,-1,1.392929227792948,1.4781194132135291,0.12460651491301836,1.2175686094639593,0.500625,1.31531305861738,1619
0.03,1.0,0.05,binancecoin,-1,-1,1.2944377294123446,1.7373583038896077,0.13917355832470646,1.2192807624468487,0.495,1.3039806181278857,1619
0.03,1.0,0.05,solana,-1,-1,0.7463944080249648,0.6442301537383399,0.1513965630961222,0.531554501381799,0.43963363863447125,1.1563921393107255,1619
0.03,1.0,0.08,portfolio,2253,1172,2.7212058605705223,2.5643880899093525,0.0617483599355044,3.5427286247058607,0.513125,1.6997865127047367,1619
0.03,1.0,0.08,bitcoin,-1,-1,2.0051231958794666,3.016530653867605,0.06712159892929007,3.599808311367758,0.49280800500312694,1.663827427318737,1619
0.03,1.0,0.08,ethereum,-1,-1,1.6982794287037408,2.4636287945818847,0.1372632491719021,1.554166923477435,0.498125,1.4314074834096118,1619
0.03,1.0,0.08,binancecoin,-1,-1,1.487550741546355,2.501944477965653,0.14398672530383483,1.4960372195925358,0.491875,1.3774558562753574,1619
0.03,1.0,0.08,solana,-1,-1,1.337356586740501,1.913954749284886,0.15364048554691054,1.1789176372486607,0.44326530612244897,1.3222790269129618,1619
0.03,1.0,0.12,portfolio,1869,890,3.045088297363924,4.43098617379785,0.04397154897185001,6.852678748955675,0.526875,1.8817462716178033,1619
0.03,1.0,0.12,bitcoin,-1,-1,1.888516344556947,3.241177201711463,0.06591531719919551,3.8259283497271785,0.49218261413383363,1.6856795785507126,1619
0.03,1.0,0.12,ethereum,-1,-1,1.9904336112226237,3.7559923645368505,0.12281253764782907,2.236878721826408,0.503125,1.5507904509592179,1619
0.03,1.0,0.12,binancecoin,-1,-1,1.6199068014184057,3.606427173251544,0.1449033927741741,1.852218012222948,0.493125,1.4586428711512736,1619
0.03,1.0,0.12,solana,-1,-1,2.040759699287605,6.97312190376003,0.13363314809056254,2.8545698897826717,0.451875,1.4940805640140395,1619
0.05,1.0,0.0,portfolio,880,317,3.1789748492261247,6.42609143860291,0.03512542191760284,10.427376875349085,0.5475,2.008710042630421,1619
0.05,1.0,0.0,bitcoin,-1,-1,1.9711973737639392,3.3729961972853992,0.06632971335202423,3.8921783507448633,0.4984365228267667,1.6939895236288802,1619
0.05,1.0,0.0,ethereum,-1,-1,1.787264659404299,3.9552118583945672,0.14989328938524088,1.8872395601755432,0.51875,1.5278666332771376,1619
0.05,1.0,0.0,binancecoin,-1,-1,1.516288246479025,3.931537793825372,0.1436843907456327,1.9621380340081234,0.50625,1.456887390942433,1619
0.05,1.0,0.0,solana,-1,-1,2.5405150245130117,22.12537060687454,0.0919988135625592,6.853424175906903,0.4975,1.7477996236589057,1619
0.05,1.0,0.01,portfolio,3286,2674,-0.6190103795365238,-0.09427877317907551,0.1366096126687825,-0.11196158043760328,0.603125,0.8616680525275155,1619
0.05,1.0,0.01,bitcoin,-1,-1,0.24081889499301207,0.08980251110602278,0.12863352610149442,0.10475871093111364,0.6122576610381488,1.0548472881001174,1619
0.05,1.0,0.01,ethereum,-1,-1,-0.7147819954587794,-0.14396619278321,0.15252920103272646,-0.15672390379065215,0.7329376854599406,0.7354110568987121,1619
0.05,1.0,0.01,binancecoin,-1,-1,-0.8446326291249793,-0.16065576814555815,0.16743625550572283,-0.16060889464039096,0.6235294117647059,0.5734617101486431,1619
0.05,1.0,0.01,solana,-1,-1,-1.0492377502105914,-0.15281945344185477,0.15407869557331208,-0.16539063184576355,0.7142857142857143,0.5291556570750597,1619
0.05,1.0,0.02,portfolio,2933,2110,0.9427540033373466,0.28563836133160914,0.06720532526919272,0.5934515962721585,0.5725,1.1950227215575855,1619
0.05,1.0,0.02,bitcoin,-1,-1,1.5200272748529893,1.1091199606022997,0.0672612497459128,1.8312716679164647,0.5428392745465916,1.3835030694753012,1619
0.05,1.0,0.02,ethereum,-1,-1,-0.09079535831032849,-0.04231507970763315,0.1504397391166316,-0.04458416001740678,0.5805555555555556,0.9741261186803544,1619
0.05,1.0,0.02,binancecoin,-1,-1,0.6003907148514751,0.4654106056761331,0.1465261129481932,0.41825001429077624,0.555,1.1218775183363923,1619
0.05,1.0,0.02,solana,-1,-1,-0.5050031032354587,-0.12214933920247928,0.15518952946770734,-0.12935079372154348,0.6194029850746269,0.8225111843970796,1619
0.05,1.0,0.03,portfolio,2764,1519,1.6386595066831757,0.8711832583288341,0.04805382946260161,2.13179652462602,0.56,1.3316084549607605,1619
0.05,1.0,0.03,bitcoin,-1,-1,1.640523663910559,1.5027821936012709,0.06257057853470235,2.4531278840070843,0.5178236397748592,1.4397922646773353,1619
0.05,1.0,0.03,ethereum,-1,-1,0.5522269429909575,0.3275397367555073,0.1514006089286414,0.2978009814361362,0.5296989422294548,1.126773245348501,1619
0.05,1.0,0.03,binancecoin,-1,-1,0.8836517546798125,0.8872501025865402,0.14011119718947118,0.7416186901578256,0.524375,1.1879776552979204,1619
0.05,1.0,0.03,solana,-1,-1,0.8050705149429422,0.7773061858230037,0.14898390013538737,0.6285499339305286,0.54625,1.1435357157199337,1619
0.05,1.0,0.05,portfolio,2243,1098,2.643952497267448,2.5086139350930003,0.04192166747905746,5.146968578239243,0.554375,1.6372281331421852,1619
0.05,1.0,0.05,bitcoin,-1,-1,1.8901462563819815,2.3450693434757657,0.0666186000873504,3.1037882814738498,0.5115697310819262,1.5697771731306047,1619
0.05,1.0,0.05,ethereum,-1,-1,1.6335525069996508,2.1700432195343002,0.12476754386498909,1.5766714830391546,0.52375,1.3878752484035473,1619
0.05,1.0,0.05,binancecoin,-1,-1,1.3312128609736995,2.0244837342852553,0.13251825912527773,1.4186252296150883,0.5175,1.321567445606325,1619
0.05,1.0,0.05,solana,-1,-1,1.62918758146355,3.1606480530494094,0.1387004616502461,1.7913171461704123,0.508125,1.32732480687442,1619
0.05,1.0,0.08,portfolio,1789,766,3.0189063200975585,3.8362322371133777,0.04290900707727317,6.479772919612104,0.543125,1.8079357907484896,1619
0.05,1.0,0.08,bitcoin,-1,-1,2.0156229146167504,3.284572860356505,0.06822590622881507,3.725461469391981,0.5015634771732332,1.6796833014200083,1619
0.05,1.0,0.08,ethereum,-1,-1,1.7542946194768991,2.8727681578929856,0.1391287436792535,1.686212820641518,0.51875,1.4500711335439045,1619
0.05,1.0,0.08,binancecoin,-1,-1,1.4462966995142743,2.6104839499452064,0.13261185368776168,1.6680083447286307,0.51125,1.3724131254325582,1619
0.05,1.0,0.08,solana,-1,-1,2.1061192175966563,6.841343503169596,0.10512007582387356,3.5948049890346696,0.495625,1.477711097776573,1619
0.05,1.0,0.12,portfolio,1386,584,3.188476396810129,5.068002221182086,0.04273884449456228,7.580523616277068,0.55125,1.9243344460673635,1619
0.05,1.0,0.12,bitcoin,-1,-1,1.8860588710171018,3.0403596404237243,0.06521638290413939,3.7225093195450523,0.49906191369606,1.651161146360123,1619
0.05,1.0,0.12,ethereum,-1,-1,1.889047788243967,3.719123790047581,0.13561658897941298,2.014308157225627,0.51625,1.5207161921182393,1619
0.05,1.0,0.12,binancecoin,-1,-1,1.6025999355680174,3.7958691017721193,0.13445643019816617,2.0554947177734437,0.509375,1.4545427110194338,1619
0.05,1.0,0.12,solana,-1,-1,2.322995223305718,11.413880216076294,0.09472004083434579,5.067809507623951,0.49375,1.5766192105248935,1619
0.07,1.0,0.0,portfolio,588,187,3.1300000357982163,6.237659932758939,0.04081916648512311,8.839258429141571,0.549375,1.977042909009639,1619
0.07,1.0,0.0,bitcoin,-1,-1,1.9375118321643328,3.323691858886347,0.059019761454792506,4.3366575864621995,0.5078173858661663,1.6807641640619249,1619
0.07,1.0,0.0,ethereum,-1,-1,1.7606049438486742,3.9397003806005673,0.14724590246584757,1.9169201860664962,0.52875,1.5147228198648337,1619
0.07,1.0,0.0,binancecoin,-1,-1,1.4968309839480514,3.8977541639620963,0.1429615500638905,1.962469789590023,0.51125,1.4512728855664612,1619
0.07,1.0,0.0,solana,-1,-1,2.4543006992572374,20.184241062481238,0.10569291512107498,5.75636941553629,0.50375,1.7067636246978946,1619
0.07,1.0,0.01,portfolio,3137,2592,0.02599478879933279,0.0021408926683599283,0.0977086835013117,0.0034074009156297757,0.61625,1.0065899754213303,1619
0.07,1.0,0.01,bitcoin,-1,-1,1.0858644591078273,0.5505002419586937,0.08933119085841887,0.7908697824834402,0.6210131332082551,1.273928353698729,1619
0.07,1.0,0.01,ethereum,-1,-1,-0.4215752017741449,-0.12159810043232278,0.1621994456625936,-0.12317018736486784,0.7025547445255474,0.854845998447191,1619
0.07,1.0,0.01,binancecoin,-1,-1,-0.6462305376930736,-0.1535160419056899,0.16035420622566104,-0.15969608039703276,0.6497175141242938,0.6467606441631544,1619
0.07,1.0,0.01,solana,-1,-1,-0.6763801156115682,-0.14108160102354916,0.15095209305185062,-0.15497456441936905,0.796875,0.6445777824289372,1619
0.07,1.0,0.02,portfolio,2648,2024,1.313002850429767,0.44011203810335076,0.0677749884118914,0.8618477358501098,0.586875,1.2964219133138555,1619
0.07,1.0,0.02,bitcoin,-1,-1,1.7594370640522587,1.4498449289919968,0.10047551765045055,1.4895338930005642,0.551594746716698,1.4650676948820411,1619
0.07,1.0,0.02,ethereum,-1,-1,0.23062318973228757,0.07984803216398206,0.15078936509950114,0.07977340965627937,0.6019417475728155,1.0708317296017675,1619
0.07,1.0,0.02,binancecoin,-1,-1,0.7062122503401242,0.5631230274920296,0.15131172422026318,0.4758481316623929,0.5691699604743083,1.1539806269293984,1619
0.07,1.0,0.02,solana,-1,-1,-0.019801986316814173,-0.010408857733322896,0.1537171952746135,-0.010586461539276762,0.7038834951456311,0.9906208319951411,1619
0.07,1.0,0.03,portfolio,2349,1305,2.099963329553546,1.3207047293165597,0.04518943627483394,3.0983295680894702,0.5775,1.4565540992211155,1619
0.07,1.0,0.03,bitcoin,-1,-1,1.6967451300905556,1.639583976281254,0.08002213424108885,2.0380399010832364,0.5247029393370857,1.4647647477062813,1619
0.07,1.0,0.03,ethereum,-1,-1,0.7742537866535517,0.527620556054738,0.15525252016535482,0.43912177690650145,0.545897644191714,1.1865623003378656,1619
0.07,1.0,0.03,binancecoin,-1,-1,0.9913706670632765,1.1265459384725158,0.1402492009231348,0.8885115723242434,0.531875,1.2218955289666618,1619
0.07,1.0,0.03,solana,-1,-1,1.4710468707522673,2.0540610781968116,0.14108518488267044,1.3452485937722118,0.57,1.2854583678347764,1619
0.07,1.0,0.05,portfolio,1860,926,2.879890300670325,2.90505705475023,0.04094258678567371,5.768986802894089,0.564375,1.7161698382526367,1619
0.07,1.0,0.05,bitcoin,-1,-1,1.9167789795629866,2.451508839267236,0.06084723243655651,3.495116633748832,0.5203252032520326,1.5880158030294382,1619
0.07,1.0,0.05,ethereum,-1,-1,1.6046810055092975,2.2341624423268,0.14581880471689032,1.3746737393793074,0.533125,1.386971543198009,1619
0.07,1.0,0.05,binancecoin,-1,-1,1.2942972039277965,1.822397458506451,0.15044643142344666,1.1650318634604766,0.5269028871391076,1.3239455570763503,1619
0.07,1.0,0.05,solana,-1,-1,2.069011564805305,5.475454536203561,0.14757126211321844,2.286649858317726,0.528125,1.4398270894666088,1619
0.07,1.0,0.08,portfolio,1391,584,3.112492561973251,4.17830600891982,0.03919301191616345,7.442867822051908,0.550625,1.8443257821131698,1619
0.07,1.0,0.08,bitcoin,-1,-1,2.019315354644398,3.357198960571508,0.059776093846891566,4.307048674971478,0.5109443402126329,1.685936789366928,1619
0.07,1.0,0.08,ethereum,-1,-1,1.7809587889965626,3.069892703547626,0.136594422365488,1.7876146761447622,0.53125,1.4615356996908142,1619
0.07,1.0,0.08,binancecoin,-1,-1,1.3601413240229612,2.4296473976737913,0.13845021822930226,1.5274040283688972,0.514375,1.3500181913515747,1619
0.07,1.0,0.08,solana,-1,-1,2.3066119833817065,9.069269175098952,0.10692344757076004,4.0456793560452295,0.515625,1.5389785012705794,1619
0.07,1.0,0.12,portfolio,1036,443,3.237979351801373,5.422816061008884,0.04896992269290667,6.856162093523827,0.556875,1.9482283512040348,1619
0.07,1.0,0.12,bitcoin,-1,-1,1.8981703052695411,3.1610133657966797,0.05894633593186617,4.215250576909845,0.5084427767354597,1.6622803631872296,1619
0.07,1.0,0.12,ethereum,-1,-1,1.8996125162907125,3.8467433993843327,0.14640079249339377,1.9021248286324062,0.529375,1.5214595296576008,1619
0.07,1.0,0.12,binancecoin,-1,-1,1.4997141402704675,3.48510709014512,0.14952857368627478,1.7597588724133875,0.514375,1.4264781042608592,1619
0.07,1.0,0.12,solana,-1,-1,2.503975376528495,14.647744345498674,0.12426136326081752,4.300037797371017,0.508125,1.6362781576526644,1619
0.1,1.0,0.0,portfolio,754,503,3.061502428809675,4.809510007822197,0.035859728441019055,8.785393391495692,0.551875,1.951714626330809,1619
0.1,1.0,0.0,bitcoin,-1,-1,1.9428009472916337,3.3526902856262994,0.07934157899970898,3.242384771316713,0.5084427767354597,1.6820980776041419,1619
0.1,1.0,0.0,ethereum,-1,-1,0.8257830915438412,0.6821436849806009,0.15140232313550467,0.5569018452803125,0.543448275862069,1.3595849681547982,1619
0.1,1.0,0.0,binancecoin,-1,-1,1.535994327952843,4.120514537573042,0.14970377769009835,1.93351106043798,0.514375,1.4668615275704955,1619
0.1,1.0,0.0,solana,-1,-1,2.561340642497879,23.767317560648408,0.09819154532049355,6.599436470429573,0.51375,1.7506507295165368,1619
0.1,1.0,0.01,portfolio,2813,2275,0.46312596792570204,0.11846893418221205,0.08468019200825729,0.20759995748999585,0.63375,1.1068260444468716,1619
0.1,1.0,0.01,bitcoin,-1,-1,1.3211309675553855,0.7294229322017576,0.10143647226864996,0.8774417680993679,0.6110068792995622,1.3429219428302013,1619
0.1,1.0,0.01,ethereum,-1,-1,-0.30193374212315144,-0.10387321427378882,0.15699007651869457,-0.10781547064033135,0.7142857142857143,0.8793847469257168,1619
0.1,1.0,0.01,binancecoin,-1,-1,0.19035414439727158,0.0935311150863758,0.15739934934841385,0.08903734751661621,0.6673189823874756,1.0450325722620244,1619
0.1,1.0,0.01,solana,-1,-1,-0.4826884176323796,-0.11270801929969154,0.15091091331895726,-0.12219694833769447,0.819047619047619,0.7308857223549742,1619
0.1,1.0,0.02,portfolio,2391,1664,1.9198950891999045,0.9273848642941229,0.05795704279351172,1.8553531166782948,0.616875,1.4212770714586636,1619
0.1,1.0,0.02,bitcoin,-1,-1,1.816518540331996,1.5503242066457994,0.1151211243284448,1.362713735036102,0.5478424015009381,1.4868219441214583,1619
0.1,1.0,0.02,ethereum,-1,-1,0.1776134699686902,0.06292412616135867,0.15702309900491315,0.06077892542606122,0.5993640699523053,1.0612907663926154,1619
0.1,1.0,0.02,binancecoin,-1,-1,0.7905860321996868,0.6885598572477882,0.15642454358773086,0.543130603936652,0.57114493712773,1.1817094637400147,1619
0.1,1.0,0.02,solana,-1,-1,1.4809109650935322,1.7865765282432298,0.12278243545251709,1.4085126838907869,0.650625,1.3052765264433026,1619
0.1,1.0,0.03,portfolio,2162,1391,2.3808257155969805,1.4172828993628102,0.05436222891477604,2.709045807454083,0.594375,1.5421220053685551,1619
0.1,1.0,0.03,bitcoin,-1,-1,1.8526154398127903,1.912828757796646,0.08497497365605124,2.130726480215945,0.5272045028142589,1.5214344417219399,1619
0.1,1.0,0.03,ethereum,-1,-1,0.4673420688354864,0.20379332150299478,0.15436880589520208,0.18974480144721384,0.5583941605839416,1.1730324656456557,1619
0.1,1.0,0.03,binancecoin,-1,-1,0.9145970158207103,0.9517675395030496,0.154108132262926,0.7118381994688812,0.5369393139841688,1.214433639249397,1619
0.1,1.0,0.03,solana,-1,-1,1.8993635745386852,3.52019937188257,0.14063857331792148,1.8818982187650746,0.584375,1.3958409104582696,1619
0.1,1.0,0.05,portfolio,1595,908,2.831996389727475,2.7581829196742276,0.04507303537286089,5.077150537877434,0.56875,1.7223334560515335,1619
0.1,1.0,0.05,bitcoin,-1,-1,1.9969087952641462,2.685769258011919,0.07729643150660548,2.9125119303874314,0.5184490306441526,1.623822498857213,1619
0.1,1.0,0.05,ethereum,-1,-1,0.979278717821491,0.9103749622407176,0.15079376191131938,0.70297127085594,0.5337124289195776,1.2631038741232865,1619
0.1,1.0,0.05,binancecoin,-1,-1,1.2892215632629485,1.8879466203463657,0.1521799567543655,1.1794087891434075,0.5310026385224275,1.3322896573120582,1619
0.1,1.0,0.05,solana,-1,-1,2.2967193131827988,7.5726698913896335,0.14101470454805126,2.8163276305162936,0.540625,1.511836901394438,1619
0.1,1.0,0.08,portfolio,1069,485,3.1682684454969263,4.21949206160007,0.03760876951957145,7.798771032576478,0.560625,1.8651810607642378,1619
0.1,1.0,0.08,bitcoin,-1,-1,1.997086111293118,3.307750754750404,0.08008157730927838,3.1870827584648547,0.5109443402126329,1.678366076038505,1619
0.1,1.0,0.08,ethereum,-1,-1,1.6802786702718857,2.8399651664578207,0.1403824117266693,1.659517925363768,0.533125,1.4375920180337867,1619
0.1,1.0,0.08,binancecoin,-1,-1,1.2985942954966292,2.086892194026371,0.1527645504504868,1.2553730406537709,0.5217678100263852,1.3494828947801512,1619
0.1,1.0,0.08,solana,-1,-1,2.4580966619500684,11.347860279054533,0.10696379552624553,4.476236188315854,0.526875,1.5942477153729526,1619
0.1,1.0,0.12,portfolio,778,359,3.2696042626922384,5.3057460295307814,0.04075817078085522,8.143805050304262,0.561875,1.9680571317521518,1619
0.1,1.0,0.12,bitcoin,-1,-1,1.9047365784244488,3.191900599021059,0.07926973920623703,3.1526730064709554,0.5096935584740463,1.6629858574057337,1619
0.1,1.0,0.12,ethereum,-1,-1,1.776909162483194,3.5046932375799305,0.13659702637899027,1.9326279632667276,0.531875,1.488263506322211,1619
0.1,1.0,0.12,binancecoin,-1,-1,1.3332865471221091,2.506222813370534,0.1527563625065497,1.4116629896654824,0.5191040843214756,1.3872739733580344,1619
0.1,1.0,0.12,solana,-1,-1,2.6691915174720164,18.827117580880763,0.1124652625699476,5.26311468134515,0.520625,1.7032973505555487,1619
0.0,0.005,0.0,portfolio,0,0,3.1533567605078847,7.638920453010561,0.04947161880902064,8.061566933239824,0.54875,2.0510063259835936,1619
0.0,0.005,0.0,bitcoin,-1,-1,1.9917438545332045,2.925288110850869,0.06969701606580318,3.403186238493964,0.5125944584382871,1.6452162560049233,1619
0.0,0.005,0.0,ethereum,-1,-1,1.8845744832494575,4.924454572531571,0.1464453518696157,2.178684914330664,0.5343949044585987,1.560058133653948,1619
0.0,0.005,0.0,binancecoin,-1,-1,1.9909971263165753,9.504020956978604,0.11568033697614023,3.821172791834456,0.5180265654648957,1.6864223816213775,1619
0.0,0.005,0.0,solana,-1,-1,2.3086627988898756,17.403469426766137,0.1261360769254386,4.5471642278757525,0.5174603174603175,1.6583994679739336,1619
0.0,0.005,0.01,portfolio,2636,2078,1.6917763059255155,0.49476968480453953,0.04685843238253664,1.377904477261122,0.71375,1.3777845982054395,1619
0.0,0.005,0.01,bitcoin,-1,-1,0.801892970771045,0.29272838267892576,0.06079622148800132,0.670661038494544,0.6698292220113852,1.187332874832071,1619
0.0,0.005,0.01,ethereum,-1,-1,-0.043969426526013634,-0.018380112179559593,0.15442467361532425,-0.01867155082597733,0.7407407407407407,0.9853639163842712,1619
0.0,0.005,0.01,binancecoin,-1,-1,1.5821270205335438,1.1931224381465468,0.08817126690853833,1.4746555858159567,0.7284263959390863,1.4031449548892314,1619
0.0,0.005,0.01,solana,-1,-1,1.2860367198327933,0.7362519677039867,0.06884322767269163,1.3025655457539589,0.8244714926329276,1.3120779422495692,1619
0.0,0.005,0.02,portfolio,2494,1631,2.4173945121047082,1.2210705750306472,0.03219107711954806,4.108335477574079,0.645625,1.5466966704427965,1619
0.0,0.005,0.02,bitcoin,-1,-1,1.614595104010238,1.0854359031279763,0.05734182805152331,2.1136593445730805,0.5698041692987997,1.397210474470147,1619
0.0,0.005,0.02,ethereum,-1,-1,0.18120276845960917,0.06148101905642811,0.15281951939668392,0.061053924856542895,0.6212914485165794,1.067040763047465,1619
0.0,0.005,0.02,binancecoin,-1,-1,1.6513676991158521,2.260673107556435,0.12806589082245545,1.5771541518570475,0.5897273303741281,1.4008977823246835,1619
0.0,0.005,0.02,solana,-1,-1,1.8355502870570914,2.141731521400698,0.11476082854912044,1.699600244652889,0.6965428937259923,1.3836710581901075,1619
0.0,0.005,0.03,portfolio,2276,1287,2.408557346739919,1.3752792826994384,0.029492026725277058,4.887550938254022,0.599375,1.5651101379622356,1619
0.0,0.005,0.03,bitcoin,-1,-1,1.7270818116929114,1.4478798567320368,0.0681216271379597,2.1948698184279167,0.5390920554854981,1.4469333255672259,1619
0.0,0.005,0.03,ethereum,-1,-1,0.3222543084438774,0.14370270007441444,0.15392542409967222,0.1372055469572798,0.5675675675675675,1.1092231724575445,1619
0.0,0.005,0.03,binancecoin,-1,-1,1.7800457229108142,3.33068781812862,0.14147814046688312,1.8113370256337753,0.5506329113924051,1.4533803811481634,1619
0.0,0.005,0.03,solana,-1,-1,1.4595763773513466,1.4084814933959988,0.15503538619230314,0.9457103629785598,0.623,1.3675639087403184,1619
0.0,0.005,0.05,portfolio,2054,1110,3.0173006957858135,3.0445015775586635,0.030204622016194234,8.04402748051535,0.56625,1.7826272485679635,1619
0.0,0.005,0.05,bitcoin,-1,-1,1.9339068481730322,2.118146829145541,0.06807088164444537,2.844780517782048,0.5305608065532451,1.5505485355976065,1619
0.0,0.005,0.05,ethereum,-1,-1,1.659508187659186,2.5780584029528604,0.09487714151480679,2.313350258616368,0.5478316326530612,1.4137763201743663,1619
0.0,0.005,0.05,binancecoin,-1,-1,1.9650452790705848,5.196453286325279,0.12501156333673744,2.626211130554807,0.5313092979127134,1.542684056748399,1619
0.0,0.005,0.05,solana,-1,-1,1.664411641000758,2.407324924856477,0.15489461745725494,1.3573015977742369,0.55078125,1.4401434644004867,1619
0.0,0.005,0.08,portfolio,1228,523,3.252893839031512,5.383649847117001,0.050648440054575465,6.603848284527539,0.560625,1.9328040167893528,1619
0.0,0.005,0.08,bitcoin,-1,-1,2.029378517901864,2.8378921346655113,0.06969830207514825,3.3410211204561686,0.5195214105793451,1.638618208932662,1619
0.0,0.005,0.08,ethereum,-1,-1,1.7783677288304949,3.5535181473862085,0.13206979150696016,2.014949541848262,0.5347355003186743,1.4800032572963813,1619
0.0,0.005,0.08,binancecoin,-1,-1,1.9175619469275147,5.842370890167703,0.14604208393610535,2.389495116816393,0.5249841872232764,1.5597129879434826,1619
0.0,0.005,0.08,solana,-1,-1,2.3583155441131027,10.72215207181195,0.12877133258749454,3.625603344088422,0.540368722186904,1.5778530676787044,1619
0.0,0.005,0.12,portfolio,687,296,3.390852709954442,7.235424818983994,0.04927054678929416,7.88387649384329,0.563125,2.0696396208329464,1619
0.0,0.005,0.12,bitcoin,-1,-1,2.0148027364438392,3.1275141256637813,0.07329779289965639,3.3685019287555877,0.5151133501259446,1.6721514989439712,1619
0.0,0.005,0.12,ethereum,-1,-1,1.8937653842408082,4.582453125735893,0.13741374295311456,2.233449002313186,0.5343949044585987,1.54293855394972,1619
0.0,0.005,0.12,binancecoin,-1,-1,1.994314761834209,8.105549503270577,0.14121579370789483,2.9056219168078323,0.5230866540164453,1.6453497771242511,1619
0.0,0.005,0.12,solana,-1,-1,2.535827583350666,16.9921044519862,0.12342404293152008,4.6022987038810985,0.526984126984127,1.6649952339055045,1619
0.005,0.005,0.0,portfolio,2834,2066,1.077419519326119,0.6344946188630638,0.05507034831635689,1.4431948078232444,0.3796122576610381,1.3459532692825265,1619
0.005,0.005,0.0,bitcoin,-1,-1,0.7294299147771058,0.4583426371800283,0.1258451629702889,0.4806396411004515,0.2889589905362776,1.227216992219727,1619
0.005,0.005,0.0,ethereum,-1,-1,0.1577895570640491,0.06150657018051198,0.1502477136817105,0.0621241606044321,0.22542372881355932,1.0896442440840917,1619
0.005,0.005,0.0,binancecoin,-1,-1,1.0347274446489558,1.6840870896464288,0.14969588111988,1.1097102791580693,0.3157894736842105,1.3582302431033595,1619
0.005,0.005,0.0,solana,-1,-1,0.569277747539862,0.5378486181475688,0.15035523905927403,0.4608075578259185,0.19765739385065886,1.3175362955130803,1619
0.005,0.005,0.01,portfolio,3331,2998,-3.7363153308565966,-0.15022038360203693,0.15022038360203693,-0.16654476666333434,0.1043956043956044,0.10708101289843835,1619
0.005,0.005,0.01,bitcoin,-1,-1,-2.898184836976305,-0.15058366882676955,0.15058366882676955,-0.16657389050000856,0.08275862068965517,0.12346529801587199,1619
0.005,0.005,0.01,ethereum,-1,-1,-2.7057841800953955,-0.14902004317741302,0.15077135276085102,-0.16451523310830138,0.12921348314606743,0.2631347207593608,1619
0.005,0.005,0.01,binancecoin,-1,-1,-2.6891335714760043,-0.15105370754643566,0.15105370754643566,-0.16661159492646244,0.10191082802547771,0.19124514485893787,1619
0.005,0.005,0.01,solana,-1,-1,-3.6490983390825247,-0.15054136572303634,0.15054136572303634,-0.16657049837084675,0.08383233532934131,0.12774139927414163,1619
0.005,0.005,0.02,portfolio,3342,2990,-2.56272401332521,-0.14922544839475393,0.14949361140004708,-0.16616647524194472,0.13360323886639677,0.3148722552033492,1619
0.005,0.005,0.02,bitcoin,-1,-1,-1.7165791178330883,-0.1496172274080405,0.1505730277347895,-0.1654395678776944,0.1,0.3977219287198374,1619
0.005,0.005,0.02,ethereum,-1,-1,-1.6793231184035537,-0.14569963558398613,0.15081507078039127,-0.16054688921573992,0.11304347826086956,0.4709974703329003,1619
0.005,0.005,0.02,binancecoin,-1,-1,-1.789716707498465,-0.15063568765383284,0.15063568765383284,-0.16657806197733963,0.0893854748603352,0.3570993679615012,1619
0.005,0.005,0.02,solana,-1,-1,-2.6086088989310108,-0.1518557472344545,0.1518557472344545,-0.16667598937329733,0.08196721311475409,0.2637791881193439,1619
0.005,0.005,0.03,portfolio,3348,2975,-1.9098713717281701,-0.14885175992931443,0.1495404891103232,-0.16566864207183124,0.16784869976359337,0.4534641929431334,1619
0.005,0.005,0.03,bitcoin,-1,-1,-1.2992319002138628,-0.15180621163379981,0.15180621163379981,-0.16667201010662067,0.10047846889952153,0.47359842225227206,1619
0.005,0.005,0.03,ethereum,-1,-1,-1.0230854136111789,-0.1420598791647688,0.1505488279935818,-0.1565402600704454,0.1477832512315271,0.6574895232108114,1619
0.005,0.005,0.03,binancecoin,-1,-1,-1.4087075587673354,-0.15273915231493118,0.15273915231493118,-0.16674700185182806,0.10434782608695652,0.46377465656925226,1619
0.005,0.005,0.03,solana,-1,-1,-2.0465345035229854,-0.15069836655510027,0.15104240170696176,-0.16620365593576147,0.078125,0.33784912421024027,1619
0.005,0.005,0.05,portfolio,3337,2674,-0.20923912323928703,-0.048700002024910094,0.1078903637030717,-0.07174799950706538,0.267667292057536,0.9564503097964003,1619
0.005,0.005,0.05,bitcoin,-1,-1,-0.9653061396298176,-0.1477009844021201,0.1511691560478059,-0.16252690576975976,0.10121457489878542,0.5803645021298328,1619
0.005,0.005,0.05,ethereum,-1,-1,0.007178722575154254,-0.011130095287177233,0.14605802901214035,-0.011917277384652846,0.1944977607165707,1.001787925176528,1619
0.005,0.005,0.05,binancecoin,-1,-1,0.22463470366019248,0.10819827756377953,0.13995977108703106,0.11517232229131955,0.24159797083069118,1.0553248572634706,1619
0.005,0.005,0.05,solana,-1,-1,-1.008784766147399,-0.14726830566966242,0.15058152971098274,-0.1626493961263179,0.09226190476190477,0.62720118816675,1619
0.005,0.005,0.08,portfolio,3250,2637,0.029304631019118316,0.0026112903593729087,0.0806678646115083,0.005033035874348873,0.2696267696267696,1.007051374054137,1619
0.005,0.005,0.08,bitcoin,-1,-1,-0.6579820088065175,-0.13103355301388464,0.15058883147664043,-0.14359739013983777,0.14788732394366197,0.6829827424558176,1619
0.005,0.005,0.08,ethereum,-1,-1,-0.19732473758456343,-0.06256722697089323,0.15134310523764952,-0.06611658340801704,0.19031719532554256,0.9190743490124788,1619
0.005,0.005,0.08,binancecoin,-1,-1,0.5311625402324457,0.3785176464153628,0.15046992109490537,0.3404990677214846,0.2649350649350649,1.1469079586695907,1619
0.005,0.005,0.08,solana,-1,-1,-0.43579784954436984,-0.13072176251350887,0.15168704001495184,-0.14219758244593864,0.11367380560131796,0.8401049638178953,1619
0.005,0.005,0.12,portfolio,3182,2505,0.36193462724973613,0.09921334568594964,0.0853528407690452,0.17378170863828177,0.26511335012594456,1.0978501136259111,1619
0.005,0.005,0.12,bitcoin,-1,-1,-0.4677199448266165,-0.10711333808866186,0.15022258711832248,-0.11636112315586238,0.16172506738544473,0.7814757620164,1619
0.005,0.005,0.12,ethereum,-1,-1,0.7342885998621472,0.5218003077371336,0.13371004704816267,0.5051249220022423,0.23657289002557544,1.2308441686139249,1619
0.005,0.005,0.12,binancecoin,-1,-1,0.21488516894167503,0.09913472519480071,0.15309595454198457,0.09681159897241462,0.25083240843507215,1.0831127288396405,1619
0.005,0.005,0.12,solana,-1,-1,-0.14007066301754642,-0.06341018421119582,0.1516144948207038,-0.06691250757132879,0.13884785819793205,0.9471051962467835,1619
0.01,0.005,0.0,portfolio,2036,1250,2.382269201453637,3.253968268285469,0.04617396235238928,5.474391614223266,0.463125,1.7424059211100889,1619
0.01,0.005,0.0,bitcoin,-1,-1,1.7163668320575358,1.935484447907347,0.0660447340707209,2.7630301835774813,0.4127284183994959,1.5652964585369071,1619
0.01,0.005,0.0,ethereum,-1,-1,1.636478755527611,3.0103157980531083,0.1493454538279765,1.6158888775792137,0.412252712188896,1.5366433848042789,1619
0.01,0.005,0.0,binancecoin,-1,-1,1.3885141925965045,3.351256309209761,0.1485913097746372,1.7308646670859482,0.407337128399747,1.4642434120968455,1619
0.01,0.005,0.0,solana,-1,-1,1.5489023078563902,4.384814946707491,0.11338764252358885,2.642216437669562,0.3235294117647059,1.487285459097718,1619
0.01,0.005,0.01,portfolio,3357,2975,-2.94412837017945,-0.14960313097302347,0.15062007887472326,-0.16537118390116662,0.18,0.153468580293935,1619
0.01,0.005,0.01,bitcoin,-1,-1,-1.9938382264687073,-0.1502035374202937,0.1502035374202937,-0.16654341650487103,0.2542372881355932,0.24018178462801745,1619
0.01,0.005,0.01,ethereum,-1,-1,-2.2158785482209127,-0.14900503495163953,0.15042975208463866,-0.16487102370060022,0.22580645161290322,0.2727356943397508,1619
0.01,0.005,0.01,binancecoin,-1,-1,-1.9612170915944962,-0.15018888346908787,0.1515663501647745,-0.16502867133776436,0.22142857142857142,0.30961465457803156,1619
0.01,0.005,0.01,solana,-1,-1,-2.8774746587080835,-0.1496651990507032,0.15092912963970218,-0.1651059591178597,0.18181818181818182,0.19556102588115173,1619
0.01,0.005,0.02,portfolio,3352,2980,-2.0048248002478575,-0.1480802465930524,0.15029754130561157,-0.163919043044193,0.25892857142857145,0.4116604949689684,1619
0.01,0.005,0.02,bitcoin,-1,-1,-1.5566444372359007,-0.1521396621725456,0.1521396621725456,-0.1666988020990316,0.22695035460992907,0.3838129694011659,1619
0.01,0.005,0.02,ethereum,-1,-1,-1.1992800637172487,-0.14701361745442776,0.1512806594786514,-0.16159798808514,0.2463768115942029,0.6048912724641127,1619
0.01,0.005,0.02,binancecoin,-1,-1,-1.1142068227630693,-0.14850600493953747,0.1515084452296349,-0.16310983626734868,0.23118279569892472,0.583989853532349,1619
0.01,0.005,0.02,solana,-1,-1,-1.9627844178967937,-0.14662802763703187,0.15145081343988587,-0.16096329248786087,0.17834394904458598,0.386410920611337,1619
0.01,0.005,0.03,portfolio,3375,2924,-1.2526914085253151,-0.1441628882906104,0.14759102845034341,-0.1622042032190939,0.2857142857142857,0.637026127230982,1619
0.01,0.005,0.03,bitcoin,-1,-1,-0.8220589666848068,-0.14836639346740732,0.15082953291628934,-0.16367901487687378,0.25984251968503935,0.6974612163675139,1619
0.01,0.005,0.03,ethereum,-1,-1,-0.7162545091633534,-0.14283447843714137,0.15047443927639131,-0.15752990854419485,0.2694063926940639,0.7869279312963648,1619
0.01,0.005,0.03,binancecoin,-1,-1,-0.8497151157808429,-0.14653223032429274,0.1511614426056925,-0.16115865845507568,0.2157676348547718,0.6775440264403331,1619
0.01,0.005,0.03,solana,-1,-1,-1.2619473588726928,-0.1434590716382912,0.15275563094086453,-0.15590253001926935,0.17679558011049723,0.5478755296662546,1619
0.01,0.005,0.05,portfolio,3179,2196,0.942738219718073,0.3361241943550535,0.10146658096589295,0.45469436576394595,0.40625,1.1973086691686747,1619
0.01,0.005,0.05,bitcoin,-1,-1,0.7487394591951546,0.4194636488793919,0.1397139949957784,0.40107073811902905,0.3779179810725552,1.1834429277794023,1619
0.01,0.005,0.05,ethereum,-1,-1,0.6762519358986594,0.41846020834857756,0.10426467013661989,0.5363174517219379,0.33588761174968074,1.154521714216246,1619
0.01,0.005,0.05,binancecoin,-1,-1,0.8115445640073852,0.7204114995181212,0.13985696000646297,0.6300681343373252,0.349146110056926,1.1931824137823472,1619
0.01,0.005,0.05,solana,-1,-1,-0.6130753870737398,-0.1289206446515221,0.1527456904332044,-0.13914799729044058,0.15737704918032788,0.7715932708728724,1619
0.01,0.005,0.08,portfolio,3031,2135,0.9536740913965005,0.3366159518057854,0.08444347139511657,0.5470666098133281,0.375625,1.2124382855816334,1619
0.01,0.005,0.08,bitcoin,-1,-1,1.1796932046023367,0.9394293320901996,0.10336781283730306,1.0506677653645835,0.39004410838059234,1.3404695169637981,1619
0.01,0.005,0.08,ethereum,-1,-1,0.9179505371996551,0.7769565564924075,0.13094206641476167,0.7148988361701343,0.36119974473516275,1.2394042449419747,1619
0.01,0.005,0.08,binancecoin,-1,-1,-0.6014065475669527,-0.13199426773014522,0.1534905023659644,-0.1419801623569159,0.21888412017167383,0.7290034990561515,1619
0.01,0.005,0.08,solana,-1,-1,0.054661875122546714,0.006366608200061741,0.15019265126013887,0.0065803473255976845,0.2225177304964539,1.0133665673440617,1619
0.01,0.005,0.12,portfolio,2834,2019,1.4580627636494254,0.6558526254302914,0.05961590179430366,1.3697818566564426,0.389375,1.3679850412110586,1619
0.01,0.005,0.12,bitcoin,-1,-1,1.3944943751730448,1.3920832535386962,0.10858393860103197,1.3390555269666706,0.3988657844990548,1.4517069846806272,1619
0.01,0.005,0.12,ethereum,-1,-1,1.282248418135747,1.47035673106353,0.12774246471738646,1.183276732492801,0.3752393107849394,1.3733131532130247,1619
0.01,0.005,0.12,binancecoin,-1,-1,-0.5343998859668289,-0.13184464738897228,0.15144095100071922,-0.14372838286605122,0.2236842105263158,0.7389119369539339,1619
0.01,0.005,0.12,solana,-1,-1,0.5164383467524445,0.36072042220673484,0.15260567060416036,0.3218148947971874,0.24141048824593128,1.1452803580756612,1619
0.015,0.005,0.0,portfolio,1760,967,2.816317122625003,5.124404246144821,0.042243593482500716,7.7145628894203115,0.49375,1.8960529077330521,1619
0.015,0.005,0.0,bitcoin,-1,-1,2.00238800554909,2.6277261958330396,0.061892649664496986,3.588529635877076,0.465658475110271,1.6493042188814275,1619
0.015,0.005,0.0,ethereum,-1,-1,1.9167221129701977,4.502858868716146,0.11780232017853563,2.580497513035263,0.46330567964262925,1.6081694995436748,1619
0.015,0.005,0.0,binancecoin,-1,-1,1.7232095794436846,5.845362015982497,0.13036295340171922,2.6775905866288685,0.4516740366392925,1.585366922159289,1619
0.015,0.005,0.0,solana,-1,-1,1.8570441541520633,7.555052455150879,0.10398302836782969,3.8150101551383577,0.3899170389278877,1.5550559110849407,1619
0.015,0.005,0.01,portfolio,3360,2972,-2.468165806364908,-0.15041297944442222,0.15142895888806004,-0.16544270557750398,0.2827586206896552,0.1987308407560974,1619
0.015,0.005,0.01,bitcoin,-1,-1,-1.5732819405894833,-0.1507134283288064,0.1507134283288064,-0.16658429670935573,0.35789473684210527,0.29772684856796355,1619
0.015,0.005,0.01,ethereum,-1,-1,-1.9277912188126367,-0.1488868663011227,0.15031178126948855,-0.16486020328330672,0.26436781609195403,0.24798560593184696,1619
0.015,0.005,0.01,binancecoin,-1,-1,-1.6516109083173762,-0.15184451875129878,0.15321930181244933,-0.16517957024248336,0.32592592592592595,0.36357467442522756,1619
0.015,0.005,0.01,solana,-1,-1,-2.422478989984573,-0.1511759780614953,0.1524376630411145,-0.16524232710515088,0.28205128205128205,0.23492929071364524,1619
0.015,0.005,0.02,portfolio,3358,2969,-1.4597328487140295,-0.1475079521918341,0.14972673641716105,-0.16386299836164386,0.314410480349345,0.5370284383648887,1619
0.015,0.005,0.02,bitcoin,-1,-1,-0.8992086164315347,-0.1502290035701409,0.1502290035701409,-0.16654545753406924,0.37320574162679426,0.6713511786913543,1619
0.015,0.005,0.02,ethereum,-1,-1,-0.9635607144044498,-0.1474127822917758,0.1508360282677756,-0.16254553269141847,0.33962264150943394,0.6798033164250041,1619
0.015,0.005,0.02,binancecoin,-1,-1,-0.9211754073695235,-0.14885364179165295,0.15185485628462536,-0.16314595388819106,0.31843575418994413,0.6416200144499057,1619
0.015,0.005,0.02,solana,-1,-1,-1.5989867260117117,-0.14689415504926417,0.15022111836298965,-0.16259621374526542,0.2789115646258503,0.4695393077728327,1619
0.015,0.005,0.03,portfolio,3383,2893,-0.9027779712648337,-0.12712034596097244,0.13061675170884696,-0.16031386586824756,0.3638297872340426,0.7310005431994343,1619
0.015,0.005,0.03,bitcoin,-1,-1,-0.6798480082443139,-0.15075171053182335,0.15090134030628183,-0.16642218353787724,0.33797909407665505,0.761554693222574,1619
0.015,0.005,0.03,ethereum,-1,-1,-0.40714704383222905,-0.10128619731665256,0.15193034033171274,-0.10850204980346428,0.3487858719646799,0.8794381011497022,1619
0.015,0.005,0.03,binancecoin,-1,-1,-0.5893940760994245,-0.11982374749110725,0.15174291849971,-0.1296288958819505,0.30603448275862066,0.7671940850600013,1619
0.015,0.005,0.03,solana,-1,-1,-0.9205624477809584,-0.14256059971917012,0.1503728590320123,-0.1573134736317364,0.2765957446808511,0.6688783355211906,1619
0.015,0.005,0.05,portfolio,3076,1994,1.4591439590486304,0.6519286023826101,0.09986419898824837,0.8137190152895543,0.4575,1.3164903967875858,1619
0.015,0.005,0.05,bitcoin,-1,-1,1.2022198410407847,0.8624613532021035,0.12363793760010829,0.822074262766755,0.4520807061790668,1.2999911245373448,1619
0.015,0.005,0.05,ethereum,-1,-1,0.9511341495826057,0.7362065044517689,0.1188230295085675,0.754638015669711,0.40804597701149425,1.2082442796743136,1619
0.015,0.005,0.05,binancecoin,-1,-1,1.1532954427849424,1.3993645919161564,0.1397091187918472,1.044612626134837,0.4213518635502211,1.2740999455126611,1619
0.015,0.005,0.05,solana,-1,-1,-0.37282236291368187,-0.10375499788967191,0.1516611365364842,-0.11147070762625287,0.2358490566037736,0.8684247814290538,1619
0.015,0.005,0.08,portfolio,2710,1561,1.9773153961629069,1.412509684228791,0.06687054847678388,2.197033832494528,0.455,1.4666290827303214,1619
0.015,0.005,0.08,bitcoin,-1,-1,1.6875598366739002,1.7207306317200035,0.10492534652091662,1.6066935035982874,0.4524259609325772,1.494355519696632,1619
0.015,0.005,0.08,ethereum,-1,-1,1.329289115051501,1.517335649613257,0.10957823923274079,1.410271836139475,0.42437779195915765,1.3369410027604753,1619
0.015,0.005,0.08,binancecoin,-1,-1,1.3979815430760785,2.3686129600676638,0.13296225699968986,1.5650167847772896,0.4226152874289324,1.3782820802305407,1619
0.015,0.005,0.08,solana,-1,-1,0.4375013732232151,0.3157319027099834,0.15193348879825813,0.28719750460528204,0.29928172386272944,1.0997862495046937,1619
0.015,0.005,0.12,portfolio,2389,1403,2.352452717928352,2.1892007183458095,0.05386625790568749,3.6728049257534217,0.47,1.6392890849963397,1619
0.015,0.005,0.12,bitcoin,-1,-1,1.6849342113648034,1.9925039512790548,0.10566176976533,1.760615566379494,0.4549464398235665,1.5356291053411053,1619
0.015,0.005,0.12,ethereum,-1,-1,1.6264370277088291,2.458409614299877,0.09449519478330685,2.254561636424406,0.4345883854499043,1.4531416814715041,1619
0.015,0.005,0.12,binancecoin,-1,-1,1.6217047531602942,3.794066565952762,0.14742013001348173,1.874233863327774,0.4320909665192672,1.4934697341974565,1619
0.015,0.005,0.12,solana,-1,-1,0.8206203376391158,0.8278900048460685,0.15574609767823752,0.6319994021233757,0.3197463768115942,1.225168399671806,1619
0.02,0.005,0.0,portfolio,1529,811,2.8836603421149807,6.009609582056511,0.0425606653178772,8.318635360824866,0.5075,1.9507764956936708,1619
0.02,0.005,0.0,bitcoin,-1,-1,2.0943916993762843,2.9652704929081777,0.05510955970054469,4.339447510676952,0.48267170762444866,1.685262573365378,1619
0.02,0.005,0.0,ethereum,-1,-1,1.8497624434668674,4.2921470464463445,0.13037489660042278,2.271050709341284,0.48311026131293816,1.5640572367497296,1619
0.02,0.005,0.0,binancecoin,-1,-1,1.8717202559042267,7.625183494039845,0.13304579456884527,2.995001229925718,0.47850821744627053,1.650208368246453,1619
0.02,0.005,0.0,solana,-1,-1,2.0136467927240593,10.049885193803268,0.10398302836782995,4.360815763847342,0.4247448979591837,1.5913933076686364,1619
0.02,0.005,0.01,portfolio,3361,2973,-2.326888528551291,-0.14957882814974144,0.15059580511399548,-0.1653690376598264,0.3333333333333333,0.2045104107584212,1619
0.02,0.005,0.01,bitcoin,-1,-1,-1.3344118422177171,-0.15038686134913726,0.15038686134913726,-0.1665581109743636,0.46774193548387094,0.4002545452095751,1619
0.02,0.005,0.01,ethereum,-1,-1,-1.6492800150657505,-0.14878588463085596,0.15021096866052258,-0.1648509562018962,0.38095238095238093,0.29839729273794496,1619
0.02,0.005,0.01,binancecoin,-1,-1,-1.3818610976523453,-0.15082722833394213,0.1522036603305355,-0.16508686084453114,0.42028985507246375,0.42485879944675303,1619
0.02,0.005,0.01,solana,-1,-1,-2.23875567224328,-0.1499025129963013,0.15116609084382165,-0.16512738267505941,0.29347826086956524,0.20628128056827122,1619
0.02,0.005,0.02,portfolio,3371,2948,-1.3264340718099654,-0.14894812956936987,0.15116316543967678,-0.1640039573889859,0.36909871244635195,0.5775288754582053,1619
0.02,0.005,0.02,bitcoin,-1,-1,-0.7879499646564281,-0.15097085898300566,0.15097085898300566,-0.16660494734733103,0.42035398230088494,0.7101418240037751,1619
0.02,0.005,0.02,ethereum,-1,-1,-0.8652163223663791,-0.1504965600029876,0.15359028973147376,-0.1632117914187747,0.41203703703703703,0.7111566677413884,1619
0.02,0.005,0.02,binancecoin,-1,-1,-0.7840607025945714,-0.149073768447325,0.1520742067549764,-0.16316881148626738,0.375,0.6990524374239278,1619
0.02,0.005,0.02,solana,-1,-1,-1.4101083550677982,-0.14997932140825465,0.15272812444989067,-0.16352832201236653,0.34265734265734266,0.5125166214188022,1619
0.02,0.005,0.03,portfolio,3342,2556,-0.10811152069527033,-0.022994851110334835,0.1119097039933443,-0.03229775079134074,0.4666666666666667,0.9761703120262926,1619
0.02,0.005,0.03,bitcoin,-1,-1,0.5299011369815663,0.27273922803705575,0.112766684538265,0.33921551375032183,0.4694006309148265,1.114344062752836,1619
0.02,0.005,0.03,ethereum,-1,-1,-0.45449726378544747,-0.10234836696279159,0.152729609489141,-0.10911945867934564,0.38661710037174724,0.8486187638185593,1619
0.02,0.005,0.03,binancecoin,-1,-1,-0.3744898655232525,-0.08702644177505303,0.15240370404713666,-0.09233291775740834,0.36681222707423583,0.8442712589685478,1619
0.02,0.005,0.03,solana,-1,-1,-0.7785738078435919,-0.1426469344391308,0.15093111163656087,-0.15683300053298055,0.3473684210526316,0.7200858056670613,1619
0.02,0.005,0.05,portfolio,2976,1753,1.6247819338826677,0.9221367694652516,0.057880422773570694,1.8496900115498962,0.469375,1.346681834712691,1619
0.02,0.005,0.05,bitcoin,-1,-1,1.4664288602363187,1.2577033964695046,0.06940690821402798,1.9470459188801936,0.4798234552332913,1.3809268393159695,1619
0.02,0.005,0.05,ethereum,-1,-1,0.9437717031541611,0.7854576986747306,0.1307532475195998,0.7221468937620759,0.44642857142857145,1.2007895470965417,1619
0.02,0.005,0.05,binancecoin,-1,-1,1.3424438821590585,1.96189011548362,0.14250009418358858,1.2921604220030596,0.461441213653603,1.3244656146053604,1619
0.02,0.005,0.05,solana,-1,-1,0.11320462020893336,0.04158450486574816,0.1504964642306736,0.04227264807741903,0.3386952636282395,1.023393831054373,1619
0.02,0.005,0.08,portfolio,2514,1391,2.455771935016653,2.179514413977085,0.05564655540371112,3.5451116707084833,0.48375,1.6089114325760745,1619
0.02,0.005,0.08,bitcoin,-1,-1,2.0124083744383716,2.5194650167059227,0.06463698885442892,3.3472164731770864,0.47700063011972277,1.6199113037629662,1619
0.02,0.005,0.08,ethereum,-1,-1,1.317556482613408,1.6093295005977697,0.11679200033046357,1.3785462909707924,0.4544295729764181,1.32233002701759,1619
0.02,0.005,0.08,binancecoin,-1,-1,1.8084287107703663,4.0303839907102335,0.14278999909038737,2.0022031022363955,0.465865992414665,1.4991459020572018,1619
0.02,0.005,0.08,solana,-1,-1,0.9079591553495875,0.9606565446647928,0.15053113717328126,0.7339690928942892,0.356120826709062,1.2097742845832882,1619
0.02,0.005,0.12,portfolio,2245,1318,2.5941974955356977,2.8852393737393784,0.05617844015857201,4.186991584592474,0.485,1.7354845211730232,1619
0.02,0.005,0.12,bitcoin,-1,-1,1.976665630276022,2.7773591022535036,0.0809050536700505,2.8405698338045515,0.47952110901071204,1.6529102189330191,1619
0.02,0.005,0.12,ethereum,-1,-1,1.6447612101757305,2.704851090944384,0.10879405228898768,2.078347778731721,0.46335245379222434,1.4444745945109367,1619
0.02,0.005,0.12,binancecoin,-1,-1,1.4937814154336349,2.309404304989592,0.15247151936787406,1.3429278960500988,0.4641235240690282,1.5304039199783237,1619
0.02,0.005,0.12,solana,-1,-1,1.5453502513338364,3.31414525138645,0.11668587276345474,2.1897805546818745,0.38544990427568604,1.3703614708275416,1619
0.03,0.005,0.0,portfolio,1163,588,3.112048002862587,7.365344656769862,0.043149839862809916,9.080677121689504,0.534375,2.0421793873204463,1619
0.03,0.005,0.0,bitcoin,-1,-1,2.0581752348285822,2.9348220618384375,0.06011920150382935,3.953132573028458,0.49748427672955975,1.6607663022444803,1619
0.03,0.005,0.0,ethereum,-1,-1,2.091908514561285,5.843800099441097,0.10687733952593559,3.265525710383983,0.5162316995544239,1.6509318085019848,1619
0.03,0.005,0.0,binancecoin,-1,-1,2.067304585021967,10.186660684777898,0.12144020714115229,3.7568826413058987,0.49905362776025236,1.7284712872164492,1619
0.03,0.005,0.0,solana,-1,-1,2.1146281327090533,12.344299702076901,0.13036985074338708,3.810442075477228,0.4704010184595799,1.607357334874795,1619
0.03,0.005,0.01,portfolio,3369,2956,-1.6843569292963756,-0.1516868265188125,0.15270128263121924,-0.16555521530679368,0.4784688995215311,0.4217095345771994,1619
0.03,0.005,0.01,bitcoin,-1,-1,-0.8973875483902738,-0.15580044513683344,0.15580044513683344,-0.16699377860911893,0.6,0.6280590843873154,1619
0.03,0.005,0.01,ethereum,-1,-1,-1.2217224035428744,-0.15110913052281194,0.15253032502508723,-0.16506360483192323,0.574468085106383,0.4904460968356523,1619
0.03,0.005,0.01,binancecoin,-1,-1,-1.0027196308035253,-0.15244040826869654,0.15381422544701906,-0.16523386347320265,0.5521472392638037,0.5590010834604812,1619
0.03,0.005,0.01,solana,-1,-1,-1.5623552641251974,-0.15082280624944433,0.1520850161807131,-0.16521045224208342,0.546875,0.40035888311846096,1619
0.03,0.005,0.02,portfolio,3274,2629,-0.130115446002122,-0.026116233003141698,0.10883738243960994,-0.03776815477544936,0.5188916876574308,0.9713974133880348,1619
0.03,0.005,0.02,bitcoin,-1,-1,0.7522161908103482,0.39170247160328864,0.07037859991003573,0.7501369689270669,0.5230283911671925,1.1612990080928685,1619
0.03,0.005,0.02,ethereum,-1,-1,-0.6836312957868991,-0.14623847291180225,0.15332817715377384,-0.1585404216000827,0.5248868778280543,0.7584638303209891,1619
0.03,0.005,0.02,binancecoin,-1,-1,-0.5810882836393322,-0.1295678281599293,0.15647972730009727,-0.13655109807865987,0.4533333333333333,0.765270652818598,1619
0.03,0.005,0.02,solana,-1,-1,-0.7636482267858554,-0.14528953887807738,0.1515966903922897,-0.1592382763298267,0.526595744680851,0.720282868866771,1619
0.03,0.005,0.03,portfolio,3081,2175,1.3875962219014806,0.48716984832241983,0.09105651979960741,0.699808822689133,0.54375,1.2964744171111302,1619
0.03,0.005,0.03,bitcoin,-1,-1,1.2302586688529116,0.8642924461464714,0.06005089570622643,1.6953632292715723,0.502835538752363,1.2917866451272604,1619
0.03,0.005,0.03,ethereum,-1,-1,-0.31838080782693884,-0.0866007042299084,0.15034885980085194,-0.09311896835698724,0.48616600790513836,0.8870812182780816,1619
0.03,0.005,0.03,binancecoin,-1,-1,1.4195758192016439,1.9113913692297708,0.14595863334120865,1.2398560290048295,0.5034700315457413,1.3235851891007886,1619
0.03,0.005,0.03,solana,-1,-1,-0.24221255598279595,-0.06526365351508201,0.1500354470700464,-0.06965063250025753,0.4775510204081633,0.9127253473774175,1619
0.03,0.005,0.05,portfolio,2636,1552,2.3293735756258886,1.735540604746158,0.047679470592072955,3.556472194850876,0.519375,1.546042366037563,1619
0.03,0.005,0.05,bitcoin,-1,-1,1.7950673843468579,1.8073477720295377,0.05601659837593999,3.1115284421338076,0.5066079295154186,1.4881228766216892,1619
0.03,0.005,0.05,ethereum,-1,-1,1.4741943775734634,1.7052073872066456,0.12276942999434808,1.364692924253408,0.5012738853503185,1.3334633144016257,1619
0.03,0.005,0.05,binancecoin,-1,-1,1.8671906996339456,4.178329385952012,0.11292333129741375,2.583251056622428,0.49842271293375395,1.4915462378720554,1619
0.03,0.005,0.05,solana,-1,-1,0.43144909719259283,0.2836253469584933,0.15862202490393068,0.2498360809775447,0.4294117647058823,1.0935756430861134,1619
0.03,0.005,0.08,portfolio,2141,1087,2.9128171969537346,3.6268331283197393,0.04902372194750389,5.4925577544204,0.514375,1.773469272046393,1619
0.03,0.005,0.08,bitcoin,-1,-1,2.0228484458073073,2.655188577013054,0.0601192015038297,3.7182635629609857,0.49748427672955975,1.620279823025239,1619
0.03,0.005,0.08,ethereum,-1,-1,1.7626798026789008,2.900047310552219,0.08845331739041482,2.6675117225152984,0.5009548058561426,1.4538184419031255,1619
0.03,0.005,0.08,binancecoin,-1,-1,2.097832071791401,6.107200217965759,0.1082159175835861,3.2986259642103426,0.4971608832807571,1.6000898755345065,1619
0.03,0.005,0.08,solana,-1,-1,1.5324195524655964,2.9511339475969276,0.14519595615509406,1.6423073634152503,0.4448693435309114,1.3256907103377222,1619
0.03,0.005,0.12,portfolio,1869,1145,3.0883553883418555,4.161017964199845,0.0361548226235991,8.049720629015859,0.533125,1.9572277545176195,1619
0.03,0.005,0.12,bitcoin,-1,-1,1.9590188575812302,2.778694024385212,0.0640490534219943,3.5891879977379273,0.4968553459119497,1.6374477295087535,1619
0.03,0.005,0.12,ethereum,-1,-1,2.112377362330793,4.793442413983422,0.0916024534361743,3.4330417190706135,0.5079567154678549,1.6007993940590217,1619
0.03,0.005,0.12,binancecoin,-1,-1,2.1579213220276854,8.722049167709054,0.12882478346973267,3.2973038638389327,0.49779179810725555,1.6969644028673192,1619
0.03,0.005,0.12,solana,-1,-1,1.4143918835217355,1.8891193944458493,0.15235068222872813,1.1785764068795619,0.45894428152492667,1.5195621149112826,1619
0.05,0.005,0.0,portfolio,790,331,3.1153783560393244,7.4307005188767405,0.04432818895267584,8.877347873007762,0.538125,2.0282345774905193,1619
0.05,0.005,0.0,bitcoin,-1,-1,2.04397946810258,2.9816899648503385,0.06743412194155615,3.558173556819201,0.5050314465408805,1.6560498439090763,1619
0.05,0.005,0.0,ethereum,-1,-1,1.984022935238748,5.36858175823568,0.12588918075819502,2.652998713377196,0.526984126984127,1.59878716062619,1619
0.05,0.005,0.0,binancecoin,-1,-1,1.9720599803058243,9.151432131754127,0.11602260398690765,3.744022497829021,0.5085173501577287,1.674445594408953,1619
0.05,0.005,0.0,solana,-1,-1,2.230436501354821,14.979756452651829,0.12019931011116226,4.487139094409187,0.4961832061068702,1.6318620098335352,1619
0.05,0.005,0.01,portfolio,3196,2508,-0.21610744610596766,-0.04458814905422914,0.10831958267474533,-0.06531191678495321,0.6249217282404509,0.955075105185952,1619
0.05,0.005,0.01,bitcoin,-1,-1,0.25138875269653144,0.09057663070280997,0.11674021138073487,0.11639093834500663,0.617906683480454,1.055531103859535,1619
0.05,0.005,0.01,ethereum,-1,-1,-0.7088184665164311,-0.14420563892061322,0.152766251961865,-0.15675893054961462,0.7258687258687259,0.7196384447931032,1619
0.05,0.005,0.01,binancecoin,-1,-1,0.09305931161749828,0.02708259736420482,0.15269870170835154,0.02729584630352663,0.6569407603890363,1.0233334994733125,1619
0.05,0.005,0.01,solana,-1,-1,-1.0141763826891976,-0.1516089468644085,0.1528699882827934,-0.16528140120713988,0.7222222222222222,0.5393831292095518,1619
0.05,0.005,0.02,portfolio,2820,1958,1.4681591377356882,0.5874547632296343,0.06950920175563262,1.0729778685524143,0.584375,1.3107451307065678,1619
0.05,0.005,0.02,bitcoin,-1,-1,1.6241803691443988,1.1408602071949532,0.06638185482520378,1.8949152757059757,0.5519194461925739,1.3961543756240762,1619
0.05,0.005,0.02,ethereum,-1,-1,0.445711976077907,0.26716382780782855,0.14166331538804003,0.26501540843659643,0.5736137667304015,1.08728198184969,1619
0.05,0.005,0.02,binancecoin,-1,-1,1.2874746616017445,1.5308173805236862,0.13419056235220572,1.1587652264458652,0.5590650663297536,1.2923388523375021,1619
0.05,0.005,0.02,solana,-1,-1,-0.49657663523912765,-0.13248703073958024,0.1514508192337268,-0.14446316216981492,0.6317991631799164,0.812088446735218,1619
0.05,0.005,0.03,portfolio,2639,1574,2.0412734917036217,1.2181601910550635,0.04903345106959829,2.6924615989474443,0.563125,1.4359349010237183,1619
0.05,0.005,0.03,bitcoin,-1,-1,1.7356004444134305,1.4983398389033953,0.06269515470590237,2.4431666123205793,0.526117054751416,1.4461397297429646,1619
0.05,0.005,0.03,ethereum,-1,-1,1.0794745029730912,0.982842669745964,0.10928233684650272,1.0288197081513422,0.5372848948374761,1.2277772558134212,1619
0.05,0.005,0.03,binancecoin,-1,-1,1.6464850681721652,2.847091891748386,0.1153042698766468,2.0235419628545723,0.5287066246056782,1.3999505560654335,1619
0.05,0.005,0.03,solana,-1,-1,0.2820219150972294,0.15532756348585264,0.15382799405915287,0.14774960453662375,0.5456410256410257,1.0593843222820698,1619
0.05,0.005,0.05,portfolio,2217,1259,2.7142090676911925,2.497313582669081,0.03538349784254292,6.080777915428427,0.54875,1.6677739438545969,1619
0.05,0.005,0.05,bitcoin,-1,-1,1.950300239547919,2.141733811083007,0.06064538964078559,3.2161994340892446,0.5182389937106918,1.5426855078932298,1619
0.05,0.005,0.05,ethereum,-1,-1,1.740872247558509,2.649982263895426,0.0850481153033086,2.625191733145124,0.5270184361093452,1.418241672835033,1619
0.05,0.005,0.05,binancecoin,-1,-1,1.8807739151061216,4.8289703574167895,0.14182133709434933,2.2262271186414884,0.5179810725552051,1.512052173116717,1619
0.05,0.005,0.05,solana,-1,-1,0.9804217839865652,0.9798284598899847,0.16087762871047478,0.6972283075905356,0.49412915851272016,1.2302279261410556,1619
0.05,0.005,0.08,portfolio,1700,777,3.073704127575366,4.558754359009148,0.03854823372408722,7.939182501462422,0.541875,1.840049139143437,1619
0.05,0.005,0.08,bitcoin,-1,-1,2.0592942303772657,2.857273548743765,0.06743412194155587,3.4675401234253154,0.5088050314465409,1.6377757053251387,1619
0.05,0.005,0.08,ethereum,-1,-1,1.8694638601723181,3.6130772000444127,0.1073545769302612,2.502711319133801,0.5235069885641678,1.4903080933082624,1619
0.05,0.005,0.08,binancecoin,-1,-1,1.94355189955267,5.935991265217034,0.10966031680212257,3.208300762687393,0.5129337539432177,1.5641653045251867,1619
0.05,0.005,0.08,solana,-1,-1,1.9355060591960775,5.6276740845621545,0.12019931011116322,2.8476830809382414,0.49300254452926207,1.4309345960035107,1619
0.05,0.005,0.12,portfolio,1306,594,3.2672108595741576,6.143772794403519,0.03817517648537325,9.379088406269467,0.545625,1.9832584747974817,1619
0.05,0.005,0.12,bitcoin,-1,-1,1.9823055468648392,2.893726672109033,0.06695121678277956,3.519551706702127,0.5062893081761006,1.643198331102723,1619
0.05,0.005,0.12,ethereum,-1,-1,2.068786809852986,5.062102544957042,0.10078076205954498,3.2127398887574268,0.5244444444444445,1.5881195488582271,1619
0.05,0.005,0.12,binancecoin,-1,-1,2.0524565867979354,8.11370488176953,0.13078796892448402,3.138792091597137,0.5097791798107255,1.6489057404830083,1619
0.05,0.005,0.12,solana,-1,-1,2.1395782407268693,9.113989264817393,0.12560797744090954,3.4517429875471035,0.4904580152671756,1.5189611537978294,1619
0.07,0.005,0.0,portfolio,511,198,3.102392316464087,7.326291560524496,0.04550653804254171,8.588137182058958,0.546875,2.014251720629289,1619
0.07,0.005,0.0,bitcoin,-1,-1,2.0159202979330164,2.9512326676676484,0.06283918843080372,3.79478491346599,0.5122564424890006,1.6446576248629003,1619
0.07,0.005,0.0,ethereum,-1,-1,1.9395344142010613,5.228429622243441,0.1313097324635804,2.508354635420262,0.5346031746031746,1.5776023882439187,1619
0.07,0.005,0.0,binancecoin,-1,-1,1.9768930271683998,9.328322786595535,0.11998096836728037,3.6526906725615262,0.5123028391167193,1.6746836618097136,1619
0.07,0.005,0.0,solana,-1,-1,2.1872086462931555,14.311604140262892,0.1492953958637099,3.5443231758170763,0.5041217501585289,1.6120412769904615,1619
0.07,0.005,0.01,portfolio,2956,2319,0.5773918400386971,0.1456166646717585,0.07285657599483394,0.2935248495412435,0.648125,1.1286132398358881,1619
0.07,0.005,0.01,bitcoin,-1,-1,1.0434487374614718,0.5076621567858974,0.06350009178087218,1.0392182131883614,0.6261799874134676,1.2563934870541298,1619
0.07,0.005,0.01,ethereum,-1,-1,-0.2885691350095671,-0.08920147807533185,0.15130698500631296,-0.09542089429628124,0.6944444444444444,0.9023243060841337,1619
0.07,0.005,0.01,binancecoin,-1,-1,0.590367234664676,0.41107690016750165,0.1259121462603829,0.4373015755919879,0.6668773704171934,1.141755335063108,1619
0.07,0.005,0.01,solana,-1,-1,-0.6835354366909527,-0.1436895567450277,0.15129811085486825,-0.15767467557493714,0.7941176470588235,0.6150241632815389,1619
0.07,0.005,0.02,portfolio,2619,2009,1.8162421206116386,0.7042063841596633,0.0699361814798955,1.2370950612103262,0.605,1.4241963995281823,1619
0.07,0.005,0.02,bitcoin,-1,-1,1.9438822822144233,1.570986605870024,0.055725489652010886,2.8412684310688983,0.559748427672956,1.5008366735901426,1619
0.07,0.005,0.02,ethereum,-1,-1,0.2688863475892594,0.09386750186050796,0.15227542642690667,0.09235217015129576,0.5860979462875198,1.0851191751718567,1619
0.07,0.005,0.02,binancecoin,-1,-1,1.4119939948183466,1.9301498062912983,0.13314906344130012,1.3680070209326831,0.5685407454200885,1.3387195939383383,1619
0.07,0.005,0.02,solana,-1,-1,-0.11131095164045159,-0.034056776899183405,0.15063944523459652,-0.03570675429449297,0.7102272727272727,0.9420472356947326,1619
0.07,0.005,0.03,portfolio,2267,1362,2.439835279302761,1.7054710413057155,0.050424702593381866,3.322980102744392,0.58125,1.5618133755631807,1619
0.07,0.005,0.03,bitcoin,-1,-1,1.7983058295702448,1.6331021664772378,0.06557654874087393,2.4802050029659353,0.5298554368321811,1.4702369322811144,1619
0.07,0.005,0.03,ethereum,-1,-1,1.5289627941729491,1.7633774697876352,0.1390488664130696,1.2327701987648083,0.5544239338001273,1.3452253287104547,1619
0.07,0.005,0.03,binancecoin,-1,-1,1.7628873558879175,3.5650721490987802,0.12051027341697909,2.2123713744854023,0.5340479192938209,1.4507568531882313,1619
0.07,0.005,0.03,solana,-1,-1,0.6215194544005824,0.45370995756944965,0.16695518561690934,0.3591449221319399,0.5708582834331337,1.1408550646959794,1619
0.07,0.005,0.05,portfolio,1842,1084,2.9275596374473607,3.0086161118480534,0.03826210393843036,6.305031049235477,0.57,1.7487261525983648,1619
0.07,0.005,0.05,bitcoin,-1,-1,1.977367226823479,2.235074111785778,0.06793460284617399,2.9514553444709226,0.524198617221873,1.558970169666068,1619
0.07,0.005,0.05,ethereum,-1,-1,1.8611481760245407,3.1919192219302257,0.10202286957959728,2.4495726533047257,0.5397329942784488,1.4617943433634624,1619
0.07,0.005,0.05,binancecoin,-1,-1,1.9332402568399776,5.376988595324346,0.12679017351494973,2.636306610375714,0.5255520504731861,1.5348552164250961,1619
0.07,0.005,0.05,solana,-1,-1,1.316515929016602,1.623476149890633,0.155690295859602,1.0404032250662247,0.5243781094527363,1.3316156911463148,1619
0.07,0.005,0.08,portfolio,1310,596,3.210709716989739,5.087013660459955,0.03665742960846892,8.855711740705084,0.55625,1.8939265087665262,1619
0.07,0.005,0.08,bitcoin,-1,-1,2.0548024724039258,2.889584308155775,0.06283918843080398,3.7466041932463585,0.5153991200502829,1.6377078899513937,1619
0.07,0.005,0.08,ethereum,-1,-1,1.9068090196287113,3.8612430104023137,0.11558606336958904,2.4143667931441732,0.5355781448538754,1.5057639491513846,1619
0.07,0.005,0.08,binancecoin,-1,-1,1.9116107952369588,6.057256436830302,0.11512387806864201,3.087762301054192,0.5135646687697161,1.557658872062974,1619
0.07,0.005,0.08,solana,-1,-1,2.1628039539891435,7.733553522361639,0.13400461423755197,2.993873520185284,0.5180722891566265,1.4989235610203753,1619
0.07,0.005,0.12,portfolio,970,433,3.33354236677209,6.489235828958737,0.039424018525041016,9.336131605680812,0.554375,2.012091813849064,1619
0.07,0.005,0.12,bitcoin,-1,-1,2.014396819656397,3.058942891115457,0.0634433770440961,3.8405360172981258,0.51414204902577,1.661127697784133,1619
0.07,0.005,0.12,ethereum,-1,-1,2.1044643349867305,5.396988905907328,0.1086493482504998,3.0824691298800526,0.5352380952380953,1.5987589073559396,1619
0.07,0.005,0.12,binancecoin,-1,-1,1.93925823475631,7.5562828204989625,0.13706698194552247,2.894406568813214,0.5141955835962145,1.611684833713196,1619
0.07,0.005,0.12,solana,-1,-1,2.253894477263591,10.709810564241993,0.14768740141650186,3.15960114198652,0.5066582117945466,1.5569960898346993,1619
0.1,0.005,0.0,portfolio,308,105,3.115473361847944,7.491930214034847,0.04727406167734047,8.357378974275491,0.55125,2.025661971889363,1619
0.1,0.005,0.0,bitcoin,-1,-1,2.039697442728427,3.064135357673873,0.0666325759589867,3.660432965482834,0.514752040175769,1.661230436686089,1619
0.1,0.005,0.0,ethereum,-1,-1,1.8528514077946672,4.787459781279946,0.14576706629442446,2.1559305433830134,0.5362134688691232,1.5467171835088012,1619
0.1,0.005,0.0,binancecoin,-1,-1,1.9784639901760714,9.455400787703365,0.12529214074560122,3.5197226106260384,0.5170239596469105,1.6773862370829724,1619
0.1,0.005,0.0,solana,-1,-1,2.2507112083506198,16.056460874658377,0.13786497948801268,4.0260709412274265,0.5098287888395688,1.6351162148118248,1619
0.1,0.005,0.01,portfolio,2808,2262,0.6791320142892004,0.18445688756013134,0.08171316114917739,0.3267478526440468,0.65875,1.164493478200233,1619
0.1,0.005,0.01,bitcoin,-1,-1,1.2387117969494055,0.6427377276428177,0.05787658576887315,1.387829193697787,0.618628067967275,1.3134187687602656,1619
0.1,0.005,0.01,ethereum,-1,-1,-0.2616174482509645,-0.09089940176991285,0.15097177201934894,-0.09752850862388236,0.7072649572649573,0.8954508122641414,1619
0.1,0.005,0.01,binancecoin,-1,-1,0.6441053252524143,0.47759889342494244,0.15407913930418007,0.4066331939748315,0.6717205009887937,1.1681417015993665,1619
0.1,0.005,0.01,solana,-1,-1,-0.5940987419876016,-0.14387448107164114,0.16678090028961126,-0.14323399935809702,0.8035714285714286,0.6216104850796016,1619
0.1,0.005,0.02,portfolio,2476,1922,1.6008602046470588,0.5943028195824567,0.07469944072456108,1.0080672858291417,0.5975,1.3887141758137251,1619
0.1,0.005,0.02,bitcoin,-1,-1,1.9536901456609073,1.6129718831304278,0.05148404244201662,3.132141144773292,0.5552763819095478,1.5118114944197125,1619
0.1,0.005,0.02,ethereum,-1,-1,0.19474366876418822,0.07019637004237511,0.1527630845161313,0.06949122138891688,0.5807504078303426,1.067237016154609,1619
0.1,0.005,0.02,binancecoin,-1,-1,1.1643358591148891,1.2281809550058789,0.15385345073569123,0.8632576963359488,0.5720192970365265,1.284655286356303,1619
0.1,0.005,0.02,solana,-1,-1,-0.03888095414297974,-0.01749432664553585,0.160040933508371,-0.017141557668877053,0.7294117647058823,0.9771271505674893,1619
0.1,0.005,0.03,portfolio,2143,1433,2.1142466058158855,1.2707865823555662,0.05880471288151919,2.3154576379842133,0.58625,1.506349252025086,1619
0.1,0.005,0.03,bitcoin,-1,-1,1.9080169153514732,1.82090689845222,0.06143688466801462,2.8513531443547415,0.5310734463276836,1.5146055999234729,1619
0.1,0.005,0.03,ethereum,-1,-1,0.42851540099816127,0.20677908236583642,0.1527316787892567,0.1943777019218689,0.559322033898305,1.142604090671068,1619
0.1,0.005,0.03,binancecoin,-1,-1,1.5089391936997825,2.8560055681540244,0.1432132574653504,1.6323026798191211,0.5372005044136192,1.3941297049092933,1619
0.1,0.005,0.03,solana,-1,-1,0.9265836896086017,0.830798161933606,0.15044366029999856,0.6560813123765438,0.5840796019900497,1.2257489341328809,1619
0.1,0.005,0.05,portfolio,1545,949,2.846580145436902,3.117810185603048,0.04743892097935337,5.195038222668713,0.56875,1.757073753648129,1619
0.1,0.005,0.05,bitcoin,-1,-1,2.087243127494273,2.5357634095670525,0.06324087538679388,3.434946867226897,0.5247959824231011,1.6106072333118593,1619
0.1,0.005,0.05,ethereum,-1,-1,1.7416504504848098,3.014105354761228,0.11276889478062496,2.141620380123839,0.5432569974554707,1.4400486424314105,1619
0.1,0.005,0.05,binancecoin,-1,-1,1.7622672560851822,4.771584808450639,0.14191190625250139,2.2105396283450816,0.5290037831021438,1.4968179735787221,1619
0.1,0.005,0.05,solana,-1,-1,1.4451570854949902,2.052405095268413,0.1559274109876916,1.2165545888085614,0.5387673956262425,1.3814340395982239,1619
0.1,0.005,0.08,portfolio,996,444,3.16645061947663,5.254193143315831,0.042612755646674556,7.749458756971755,0.561875,1.895030666788038,1619
0.1,0.005,0.08,bitcoin,-1,-1,2.0795892616105647,3.022780405772611,0.06663257595898682,3.630737733744744,0.5178907721280602,1.6582219175818496,1619
0.1,0.005,0.08,ethereum,-1,-1,1.8089914409469305,3.544769218108324,0.13052475583409964,2.0358974039761346,0.5390972663699937,1.4796682728244288,1619
0.1,0.005,0.08,binancecoin,-1,-1,1.805332788799356,5.64456393358905,0.1436684699919828,2.386197906141351,0.521437578814628,1.535604231829796,1619
0.1,0.005,0.08,solana,-1,-1,2.2848758971922867,9.611537360836188,0.12580991035994069,3.531694378665576,0.5263157894736842,1.5442202286755418,1619
0.1,0.005,0.12,portfolio,774,370,3.2542856877256536,5.935583334878542,0.04386875161357556,8.01962421126392,0.55875,1.978362213184384,1619
0.1,0.005,0.12,bitcoin,-1,-1,2.0402868858451235,3.1802666283781367,0.06723431897113843,3.7089836197680945,0.517263025737602,1.6776578553099062,1619
0.1,0.005,0.12,ethereum,-1,-1,1.972209267084455,4.813130282433036,0.12387604212100174,2.544231609870542,0.5374841168996188,1.5558231532302491,1619
0.1,0.005,0.12,binancecoin,-1,-1,1.7664287663108322,4.797746750160355,0.1567305769936538,2.007438585188034,0.5192572214580468,1.5605227717347148,1619
0.1,0.005,0.12,solana,-1,-1,2.338397419526217,12.693435616649799,0.13491728670441572,3.7266978385070457,0.5142675967025999,1.5937424982539758,1619
0.0,0.01,0.0,portfolio,0,0,3.083400101587814,7.003022204148545,0.0494716188090206,7.72706206490078,0.545625,2.0094528331952475,1619
0.0,0.01,0.0,bitcoin,-1,-1,1.9091526486228132,2.9798343965001983,0.06969701606580318,3.441357505866218,0.5078665827564506,1.638994024610515,1619
0.0,0.01,0.0,ethereum,-1,-1,1.9123783825951928,5.019878077077552,0.13725813182761443,2.348443298791802,0.5271218889597958,1.5698155575167705,1619
0.0,0.01,0.0,binancecoin,-1,-1,1.8769991996079658,6.704634930541647,0.11999260480639994,3.1178522096681425,0.5195954487989887,1.6183084917610604,1619
0.0,0.01,0.0,solana,-1,-1,2.3007408543082986,17.129748143397155,0.12613607692543924,4.518100557337485,0.5174603174603175,1.6562886319552366,1619
0.0,0.01,0.01,portfolio,3132,2469,1.601723546211473,0.4605595513660583,0.06408353717999464,0.9477775900947314,0.71375,1.3595327312741121,1619
0.0,0.01,0.01,bitcoin,-1,-1,0.5639967250729666,0.20509293801298756,0.09948578585213935,0.29615852267422327,0.6662452591656132,1.132366198988545,1619
0.0,0.01,0.01,ethereum,-1,-1,-0.056537339289146143,-0.019637019236067088,0.15550738353973434,-0.019820176849221906,0.7425742574257426,0.9801507977253106,1619
0.0,0.01,0.01,binancecoin,-1,-1,1.6146848703149468,1.163027608237464,0.08817126690853916,1.4471213746151035,0.7305009511731135,1.4206340975557774,1619
0.0,0.01,0.01,solana,-1,-1,1.2726104164747838,0.7261349776838846,0.06884322767269233,1.2881743119148767,0.8240563019833653,1.3085826453580607,1619
0.0,0.01,0.02,portfolio,2941,2047,2.324290365131251,1.1560823009024737,0.03714912421237925,3.419467014137991,0.646875,1.5199328593608776,1619
0.0,0.01,0.02,bitcoin,-1,-1,1.4568529155464838,0.9787192603451289,0.07358444214584416,1.5230315699348034,0.5669191919191919,1.3589946391910332,1619
0.0,0.01,0.02,ethereum,-1,-1,0.1722754345293755,0.05868904279754972,0.15504782847274468,0.05750836410585358,0.6243822075782537,1.0623470314107355,1619
0.0,0.01,0.02,binancecoin,-1,-1,1.6060978963827577,2.0318505587747637,0.1268246759899854,1.4858597535180398,0.5931558935361216,1.3927861628053047,1619
0.0,0.01,0.02,solana,-1,-1,1.8564487952136812,2.1756874953425847,0.11476082854912052,1.7170391523047728,0.69693094629156,1.388999601270155,1619
0.0,0.01,0.03,portfolio,2678,1507,2.5642091372847715,1.7480717415761906,0.03636777246857418,4.685550353451175,0.594375,1.5929771943289048,1619
0.0,0.01,0.03,bitcoin,-1,-1,1.6103322128670514,1.358723950278856,0.0681216271379597,2.097701945619696,0.5365699873896596,1.418307958616695,1619
0.0,0.01,0.03,ethereum,-1,-1,1.2768620836823945,1.3217454282336196,0.13935034328332002,1.005317401263043,0.558258642765685,1.2911075871048197,1619
0.0,0.01,0.03,binancecoin,-1,-1,1.7365396689630266,2.9425558075941023,0.1374333166999205,1.7320217513068061,0.5528146742567995,1.4426207002236653,1619
0.0,0.01,0.03,solana,-1,-1,1.461756898755075,1.4048958743715678,0.1550353861923013,0.9439954749014261,0.624,1.3688253632118654,1619
0.0,0.01,0.05,portfolio,2043,1103,2.9659583130868667,2.930130360363832,0.030344201872476044,7.82453793070995,0.564375,1.7584398816746563,1619
0.0,0.01,0.05,bitcoin,-1,-1,1.841020483116785,2.076831556716545,0.06807088164444537,2.808412081351061,0.5258186397984886,1.5331329227981465,1619
0.0,0.01,0.05,ethereum,-1,-1,1.6904846746934707,2.620834688542292,0.09540778666785905,2.3241494644062013,0.5395913154533845,1.422486130967087,1619
0.0,0.01,0.05,binancecoin,-1,-1,1.9413970322570193,4.661866624828627,0.126096995136206,2.456705262925178,0.5347661188369153,1.5375576726826627,1619
0.0,0.01,0.05,solana,-1,-1,1.6431071578741971,2.3429860902752053,0.1548946174572561,1.3341523543802296,0.5498046875,1.433917345854774,1619
0.0,0.01,0.08,portfolio,1207,521,3.1987772555260126,5.111942007503993,0.05064844005457546,6.4260725662571,0.556875,1.90580318836089,1619
0.0,0.01,0.08,bitcoin,-1,-1,1.9610754561288224,2.822027094341315,0.06969830207514825,3.3296198277906526,0.5147891755821271,1.6232896729690638,1619
0.0,0.01,0.08,ethereum,-1,-1,1.8158148704431178,3.651493600351233,0.1281847720166102,2.1088015921208387,0.5271218889597958,1.4911980796368607,1619
0.0,0.01,0.08,binancecoin,-1,-1,1.8405039913001775,4.786493972148337,0.1490820565332262,2.107762243370475,0.5265486725663717,1.5310420584404425,1619
0.0,0.01,0.08,solana,-1,-1,2.3445825969145653,10.512623769857058,0.12877133258749457,3.5936685771452215,0.540368722186904,1.5738238881841367,1619
0.0,0.01,0.12,portfolio,679,290,3.2958104796665033,6.764804237724201,0.04927054678929421,7.626951131462336,0.559375,2.029191024107528,1619
0.0,0.01,0.12,bitcoin,-1,-1,1.8826479035276449,3.1201023093465317,0.07329779289965639,3.3637435250392724,0.5097545626179988,1.6558374453742453,1619
0.0,0.01,0.12,ethereum,-1,-1,1.9114740827041614,4.5986305093902615,0.1286886831170346,2.3894514771491475,0.5264837268666241,1.5478874894927044,1619
0.0,0.01,0.12,binancecoin,-1,-1,1.9270347049660987,6.6331509622010385,0.14435367275613312,2.577883599357674,0.5246523388116309,1.617446854254109,1619
0.0,0.01,0.12,solana,-1,-1,2.4932848457653796,16.034770868386772,0.12342404293152108,4.4946366057579406,0.5257142857142857,1.651447706948152,1619
0.005,0.01,0.0,portfolio,2949,2339,1.0060806647664335,0.5427408519146801,0.05014425849684919,1.392254908493412,0.35131744040150564,1.34985495393576,1619
0.005,0.01,0.0,bitcoin,-1,-1,-0.1583466774010712,-0.06009262932328818,0.15215222819784577,-0.06309450852424546,0.2015065913370998,0.925672917526028,1619
0.005,0.01,0.0,ethereum,-1,-1,0.156967635738656,0.061171396064567896,0.15051602570100375,0.0616837987137453,0.22553897180762852,1.0878402017525428,1619
0.005,0.01,0.0,binancecoin,-1,-1,1.2615030813124888,2.333770233771411,0.14340433930464203,1.4374365902955821,0.32488917036098797,1.454842297968776,1619
0.005,0.01,0.0,solana,-1,-1,0.5706168551075078,0.5396006284382338,0.1503552390592729,0.4620680577190504,0.19736842105263158,1.3185183902910131,1619
0.005,0.01,0.01,portfolio,3314,3015,-3.745340402758011,-0.15034099308022508,0.15034099308022508,-0.1665544340082949,0.1092896174863388,0.11018846236222868,1619
0.005,0.01,0.01,bitcoin,-1,-1,-2.898184836976305,-0.15058366882676955,0.15058366882676955,-0.16657389050000856,0.08275862068965517,0.12346529801587199,1619
0.005,0.01,0.01,ethereum,-1,-1,-2.7057841800953955,-0.14902004317741302,0.15077135276085102,-0.16451523310830138,0.12921348314606743,0.2631347207593608,1619
0.005,0.01,0.01,binancecoin,-1,-1,-2.6891335714760043,-0.15105370754643566,0.15105370754643566,-0.16661159492646244,0.10191082802547771,0.19124514485893787,1619
0.005,0.01,0.01,solana,-1,-1,-3.5450351971468415,-0.15103388991227396,0.15103388991227396,-0.1666100047334101,0.08771929824561403,0.14177061994065998,1619
0.005,0.01,0.02,portfolio,3325,3007,-2.5622278402040024,-0.1489824742867084,0.14925071387711675,-0.16614649602435969,0.13360323886639677,0.3150848772631403,1619
0.005,0.01,0.02,bitcoin,-1,-1,-1.7165791178330883,-0.1496172274080405,0.1505730277347895,-0.1654395678776944,0.1,0.3977219287198374,1619
0.005,0.01,0.02,ethereum,-1,-1,-1.6793231184035537,-0.14569963558398613,0.15081507078039127,-0.16054688921573992,0.11304347826086956,0.4709974703329003,1619
0.005,0.01,0.02,binancecoin,-1,-1,-1.789716707498465,-0.15063568765383284,0.15063568765383284,-0.16657806197733963,0.0893854748603352,0.3570993679615012,1619
0.005,0.01,0.02,solana,-1,-1,-2.5917460264154166,-0.15088948993105233,0.15088948993105233,-0.16659841924493604,0.08152173913043478,0.2651307085481248,1619
0.005,0.01,0.03,portfolio,3333,2990,-1.9084075734230337,-0.14860856036040193,0.1492974863327944,-0.16564781431839345,0.16784869976359337,0.45390370113640394,1619
0.005,0.01,0.03,bitcoin,-1,-1,-1.2992319002138628,-0.15180621163379981,0.15180621163379981,-0.16667201010662067,0.10047846889952153,0.47359842225227206,1619
0.005,0.01,0.03,ethereum,-1,-1,-1.0230854136111789,-0.1420598791647688,0.1505488279935818,-0.1565402600704454,0.1477832512315271,0.6574895232108114,1619
0.005,0.01,0.03,binancecoin,-1,-1,-1.4087075587673354,-0.15273915231493118,0.15273915231493118,-0.16674700185182806,0.10434782608695652,0.46377465656925226,1619
0.005,0.01,0.03,solana,-1,-1,-2.0328219229125355,-0.14973079069352802,0.15007521779107214,-0.1661234056496051,0.07772020725388601,0.33942003942586374,1619
0.005,0.01,0.05,portfolio,3329,2750,-0.404584466253901,-0.07445990453002804,0.10847364546408067,-0.11036548609009786,0.25094102885821834,0.9121805135435131,1619
0.005,0.01,0.05,bitcoin,-1,-1,-0.9653061396298176,-0.1477009844021201,0.1511691560478059,-0.16252690576975976,0.10121457489878542,0.5803645021298328,1619
0.005,0.01,0.05,ethereum,-1,-1,-0.39800884606254505,-0.10375989914362516,0.15083599775630846,-0.11208604893548804,0.17511520737327188,0.8557988537281674,1619
0.005,0.01,0.05,binancecoin,-1,-1,0.22350972098401997,0.10497301204683884,0.13995977108703106,0.11187943025750781,0.24255858138062064,1.0559212529878412,1619
0.005,0.01,0.05,solana,-1,-1,-1.0238255679782946,-0.14950220148021154,0.15280674588952742,-0.16288684195989203,0.09171597633136094,0.6233388490162652,1619
0.005,0.01,0.08,portfolio,3243,2644,0.07399046133320178,0.013076133653668665,0.08040527043394526,0.02517465940600408,0.2711426726920594,1.0180923244049254,1619
0.005,0.01,0.08,bitcoin,-1,-1,-0.6579820088065175,-0.13103355301388464,0.15058883147664043,-0.14359739013983777,0.14788732394366197,0.6829827424558176,1619
0.005,0.01,0.08,ethereum,-1,-1,-0.19520665533763673,-0.06275273313648244,0.15151104377252655,-0.06624457618910824,0.1977491961414791,0.9221089090910343,1619
0.005,0.01,0.08,binancecoin,-1,-1,0.6110412220667626,0.43786886545771164,0.15021039609442718,0.3871565631950566,0.2666232073011734,1.1735984507308688,1619
0.005,0.01,0.08,solana,-1,-1,-0.4320756366767508,-0.12973142809466232,0.1507205905100661,-0.14195877816905167,0.11348684210526316,0.8412566933841218,1619
0.005,0.01,0.12,portfolio,3134,2395,0.5395080504285685,0.17687933653171295,0.08535284076904441,0.30080382597120353,0.2970606629143214,1.1388663010788778,1619
0.005,0.01,0.12,bitcoin,-1,-1,-0.4677199448266165,-0.10711333808866186,0.15022258711832248,-0.11636112315586238,0.16172506738544473,0.7814757620164,1619
0.005,0.01,0.12,ethereum,-1,-1,0.7053500094534945,0.49304766314493476,0.14492060790698882,0.444211892646827,0.22727272727272727,1.2193143476977684,1619
0.005,0.01,0.12,binancecoin,-1,-1,0.563953588934481,0.4532808854095818,0.15018922197830412,0.39891281114599497,0.2747747747747748,1.1698191933715647,1619
0.005,0.01,0.12,solana,-1,-1,-0.13712392413118984,-0.06234316436539866,0.15161449482070152,-0.06575533302504806,0.13864306784660768,0.9481610561064,1619
0.01,0.01,0.0,portfolio,2260,1503,2.241477474991722,2.3925040045281043,0.046173962352389214,4.535409363043041,0.461875,1.696768316769537,1619
0.01,0.01,0.0,bitcoin,-1,-1,1.7020663863427838,2.073518599175247,0.10263292242758096,1.860722218124525,0.4064272211720227,1.5890423565850933,1619
0.01,0.01,0.0,ethereum,-1,-1,0.7406223767637597,0.5077098024269366,0.1500964119814949,0.4396886943230421,0.3861538461538462,1.3831907353151927,1619
0.01,0.01,0.0,binancecoin,-1,-1,1.520829235693974,3.575338295402134,0.1485913097746372,1.7972546336066113,0.415929203539823,1.5066242607823424,1619
0.01,0.01,0.0,solana,-1,-1,1.5454406552514373,4.35986278075014,0.11338764252358884,2.6339334969308763,0.3235294117647059,1.4856594328444779,1619
0.01,0.01,0.01,portfolio,3340,2992,-2.94412837017945,-0.14960313097302347,0.15062007887472326,-0.16537118390116662,0.18,0.153468580293935,1619
0.01,0.01,0.01,bitcoin,-1,-1,-1.9938382264687073,-0.1502035374202937,0.1502035374202937,-0.16654341650487103,0.2542372881355932,0.24018178462801745,1619
0.01,0.01,0.01,ethereum,-1,-1,-2.2158785482209127,-0.14900503495163953,0.15042975208463866,-0.16487102370060022,0.22580645161290322,0.2727356943397508,1619
0.01,0.01,0.01,binancecoin,-1,-1,-1.9612170915944962,-0.15018888346908787,0.1515663501647745,-0.16502867133776436,0.22142857142857142,0.30961465457803156,1619
0.01,0.01,0.01,solana,-1,-1,-2.8774746587080835,-0.1496651990507032,0.15092912963970218,-0.1651059591178597,0.18181818181818182,0.19556102588115173,1619
0.01,0.01,0.02,portfolio,3335,2997,-1.9640835209625012,-0.14853738488790846,0.15075348980492637,-0.16396378125740646,0.25892857142857145,0.4197136178727391,1619
0.01,0.01,0.02,bitcoin,-1,-1,-1.5566444372359007,-0.1521396621725456,0.1521396621725456,-0.1666988020990316,0.22695035460992907,0.3838129694011659,1619
0.01,0.01,0.02,ethereum,-1,-1,-1.1992800637172487,-0.14701361745442776,0.1512806594786514,-0.16159798808514,0.2463768115942029,0.6048912724641127,1619
0.01,0.01,0.02,binancecoin,-1,-1,-1.1142068227630693,-0.14850600493953747,0.1515084452296349,-0.16310983626734868,0.23118279569892472,0.583989853532349,1619
0.01,0.01,0.02,solana,-1,-1,-1.7778368442395327,-0.14848414007649446,0.1532964361597286,-0.16118195744721664,0.18562874251497005,0.4300157195664504,1619
0.01,0.01,0.03,portfolio,3363,2937,-1.24711767976114,-0.1437937667789827,0.1472233854914222,-0.16216426350022933,0.2878464818763326,0.6421044927461314,1619
0.01,0.01,0.03,bitcoin,-1,-1,-0.8220589666848068,-0.14836639346740732,0.15082953291628934,-0.16367901487687378,0.25984251968503935,0.6974612163675139,1619
0.01,0.01,0.03,ethereum,-1,-1,-0.7119304380010837,-0.14407605055737283,0.15170494519979258,-0.15770396051082328,0.2721238938053097,0.7915657396812753,1619
0.01,0.01,0.03,binancecoin,-1,-1,-0.8497151157808429,-0.14653223032429274,0.1511614426056925,-0.16115865845507568,0.2157676348547718,0.6775440264403331,1619
0.01,0.01,0.03,solana,-1,-1,-1.2333162398195259,-0.14081725419643887,0.15014248674940986,-0.15549867104696063,0.17679558011049723,0.554225624612243,1619
0.01,0.01,0.05,portfolio,3275,2450,0.6610444960883368,0.19396218738949278,0.10146658096589475,0.2757335029154186,0.38524077548467794,1.1395941270553738,1619
0.01,0.01,0.05,bitcoin,-1,-1,-0.21973350698649832,-0.05772686799416771,0.15060856301407904,-0.06116760585888785,0.3219178082191781,0.920601848837512,1619
0.01,0.01,0.05,ethereum,-1,-1,0.5960929102895585,0.3545602701441719,0.10954249213574101,0.4415647245585981,0.3248081841432225,1.1340848971712807,1619
0.01,0.01,0.05,binancecoin,-1,-1,0.8535525165220269,0.7410534021269184,0.13744411904614912,0.6558396853889225,0.35082174462705434,1.2062808025966643,1619
0.01,0.01,0.05,solana,-1,-1,-0.5940745904375686,-0.12562871547084187,0.1527456904332044,-0.13538481260594612,0.15737704918032788,0.7772556127425827,1619
0.01,0.01,0.08,portfolio,3046,2143,0.9917627164137235,0.3578735727956077,0.08444347139511851,0.577532322736338,0.373125,1.2229309315608603,1619
0.01,0.01,0.08,bitcoin,-1,-1,1.2654746170880429,1.076209399759116,0.14291387941626837,0.8426580965004887,0.3856332703213611,1.378487033307815,1619
0.01,0.01,0.08,ethereum,-1,-1,0.9056793413871391,0.7584175472957115,0.13362122636262536,0.6872151229439838,0.3514376996805112,1.2344707293247004,1619
0.01,0.01,0.08,binancecoin,-1,-1,-0.6014065475669527,-0.13199426773014522,0.1534905023659644,-0.1419801623569159,0.21888412017167383,0.7290034990561515,1619
0.01,0.01,0.08,solana,-1,-1,0.0638314302301346,0.011585647286830536,0.15019265126013837,0.011948433608376607,0.22232063773250665,1.0156370072771255,1619
0.01,0.01,0.12,portfolio,2857,2026,1.4795793680958396,0.6836555327928262,0.05961590179430356,1.4168680211026068,0.38625,1.378096261313414,1619
0.01,0.01,0.12,bitcoin,-1,-1,1.4099573148023532,1.5728239751230704,0.1400311089175415,1.1316048734291884,0.3931947069943289,1.4939241391849643,1619
0.01,0.01,0.12,ethereum,-1,-1,1.267630223874076,1.4360377014587753,0.1378080351233881,1.0786798046068544,0.3648562300319489,1.366931613941162,1619
0.01,0.01,0.12,binancecoin,-1,-1,-0.5343998859668289,-0.13184464738897228,0.15144095100071922,-0.14372838286605122,0.2236842105263158,0.7389119369539339,1619
0.01,0.01,0.12,solana,-1,-1,0.5238476768540414,0.3672703897968641,0.15260567060415942,0.32695525749502724,0.24119241192411925,1.1475713064747877,1619
0.015,0.01,0.0,portfolio,1781,968,2.761650296352339,4.728859201417518,0.042243593482500785,7.390077427462795,0.48875,1.8661161538992244,1619
0.015,0.01,0.0,bitcoin,-1,-1,1.966028119829207,2.7785857813995793,0.07334364245643625,3.1342677063090054,0.4599873976055451,1.6679864429473181,1619
0.015,0.01,0.0,ethereum,-1,-1,1.9185131217983615,4.46579003104067,0.10518062388144925,2.8771215470675484,0.45338441890166026,1.607529391397584,1619
0.015,0.01,0.0,binancecoin,-1,-1,1.6005919106796729,4.097862177951509,0.13036295340171922,2.2135457140789145,0.4551767676767677,1.5161011998310068,1619
0.015,0.01,0.0,solana,-1,-1,1.8609427714932785,7.5885027048510665,0.10398302836782983,3.8231713574149593,0.39055520102105934,1.5561740464738578,1619
0.015,0.01,0.01,portfolio,3344,2988,-2.468165806364908,-0.15041297944442222,0.15142895888806004,-0.16544270557750398,0.2827586206896552,0.1987308407560974,1619
0.015,0.01,0.01,bitcoin,-1,-1,-1.5732819405894833,-0.1507134283288064,0.1507134283288064,-0.16658429670935573,0.35789473684210527,0.29772684856796355,1619
0.015,0.01,0.01,ethereum,-1,-1,-1.9277912188126367,-0.1488868663011227,0.15031178126948855,-0.16486020328330672,0.26436781609195403,0.24798560593184696,1619
0.015,0.01,0.01,binancecoin,-1,-1,-1.6516109083173762,-0.15184451875129878,0.15321930181244933,-0.16517957024248336,0.32592592592592595,0.36357467442522756,1619
0.015,0.01,0.01,solana,-1,-1,-2.422478989984573,-0.1511759780614953,0.1524376630411145,-0.16524232710515088,0.28205128205128205,0.23492929071364524,1619
0.015,0.01,0.02,portfolio,3341,2986,-1.4554044229731866,-0.14839871152015438,0.15061517736286262,-0.16395021258727163,0.314410480349345,0.5366453914398378,1619
0.015,0.01,0.02,bitcoin,-1,-1,-0.8992086164315347,-0.1502290035701409,0.1502290035701409,-0.16654545753406924,0.37320574162679426,0.6713511786913543,1619
0.015,0.01,0.02,ethereum,-1,-1,-0.9635607144044498,-0.1474127822917758,0.1508360282677756,-0.16254553269141847,0.33962264150943394,0.6798033164250041,1619
0.015,0.01,0.02,binancecoin,-1,-1,-0.9211754073695235,-0.14885364179165295,0.15185485628462536,-0.16314595388819106,0.31843575418994413,0.6416200144499057,1619
0.015,0.01,0.02,solana,-1,-1,-1.550434128951911,-0.15047227710385536,0.15378528636852806,-0.16297663603405751,0.2848101265822785,0.48832301077976265,1619
0.015,0.01,0.03,portfolio,3369,2908,-0.9042079368685174,-0.12750283795430617,0.13099771159268792,-0.1603575067338111,0.3642105263157895,0.733859691680365,1619
0.015,0.01,0.03,bitcoin,-1,-1,-0.6798480082443139,-0.15075171053182335,0.15090134030628183,-0.16642218353787724,0.33797909407665505,0.761554693222574,1619
0.015,0.01,0.03,ethereum,-1,-1,-0.40182946702168654,-0.10169670321889501,0.15231771348628892,-0.10868527049078625,0.34934497816593885,0.8827056147289087,1619
0.015,0.01,0.03,binancecoin,-1,-1,-0.5893940760994245,-0.11982374749110725,0.15174291849971,-0.1296288958819505,0.30603448275862066,0.7671940850600013,1619
0.015,0.01,0.03,solana,-1,-1,-0.9201413372701811,-0.1438244263183388,0.15162517071698886,-0.15749240344253587,0.28421052631578947,0.6701192844797238,1619
0.015,0.01,0.05,portfolio,3089,1985,1.4423972455121856,0.6367051404575876,0.09986419898824915,0.7981273430852531,0.453125,1.3123442323637557,1619
0.015,0.01,0.05,bitcoin,-1,-1,1.291797382295166,1.0118768461388532,0.1480387628656666,0.7764972961852978,0.44766708701134933,1.3390555489485836,1619
0.015,0.01,0.05,ethereum,-1,-1,0.9105750791400437,0.6861975521285144,0.1188230295085675,0.7130146362621457,0.39680511182108624,1.1975332207547131,1619
0.015,0.01,0.05,binancecoin,-1,-1,1.0793478500677929,1.1850094255588908,0.1397091187918472,0.9259994273216943,0.42424242424242425,1.2549965839144201,1619
0.015,0.01,0.05,solana,-1,-1,-0.33282856768228264,-0.09393504020503918,0.1502965802127868,-0.10137868153676187,0.2389937106918239,0.8814950803900188,1619
0.015,0.01,0.08,portfolio,2718,1560,1.9543494906610994,1.3839025375338156,0.06687054847678396,2.16521818174919,0.448125,1.462984450407795,1619
0.015,0.01,0.08,bitcoin,-1,-1,1.7531499166015396,1.9508450568004054,0.11972306469373227,1.532240983294497,0.44801512287334594,1.5397479098190265,1619
0.015,0.01,0.08,ethereum,-1,-1,1.3214738997501445,1.4867596260243072,0.10957823923274079,1.3902495173696248,0.4144316730523627,1.3327760587181305,1619
0.015,0.01,0.08,binancecoin,-1,-1,1.322036979416019,1.963338918802823,0.13296225699968986,1.3855294230540705,0.4255050505050505,1.352743353207628,1619
0.015,0.01,0.08,solana,-1,-1,0.46037045459595954,0.33740487231591887,0.15193348879825724,0.30468789694452275,0.30063795853269537,1.1052995014880893,1619
0.015,0.01,0.12,portfolio,2401,1404,2.3138416572670124,2.1088122047517857,0.05386625790568796,3.5846153553323403,0.465,1.6276805062877586,1619
0.015,0.01,0.12,bitcoin,-1,-1,1.686486405259394,2.2431090304749204,0.10681498110508389,1.8814735781064749,0.4499054820415879,1.5802003805898694,1619
0.015,0.01,0.12,ethereum,-1,-1,1.6211469148752682,2.4206456952005606,0.07530484224228404,2.8015986523643472,0.4240102171136654,1.4501000662409,1619
0.015,0.01,0.12,binancecoin,-1,-1,1.551959484907423,3.0143870286521457,0.14742013001348173,1.6383225474459664,0.43497474747474746,1.4570702344590845,1619
0.015,0.01,0.12,solana,-1,-1,0.8360740928016,0.8496782811585402,0.15574609767823724,0.6450192899717948,0.32036199095022627,1.2298420725559576,1619
0.02,0.01,0.0,portfolio,1550,811,2.8357887496998986,5.575313351332075,0.04256066531787711,8.003479198562554,0.5025,1.9238174869118474,1619
0.02,0.01,0.0,bitcoin,-1,-1,2.0579306349758646,3.1366199465727433,0.06180770389777505,4.0016294705477335,0.47763074984247006,1.7030158854258663,1619
0.02,0.01,0.0,ethereum,-1,-1,1.8512316839957053,4.255604452553466,0.12220754657519795,2.4113969796923946,0.4744897959183674,1.562464827237329,1619
0.02,0.01,0.0,binancecoin,-1,-1,1.764008378549677,5.435884062201953,0.13304579456884527,2.526711844838219,0.48073278584965257,1.5854400308324905,1619
0.02,0.01,0.0,solana,-1,-1,2.024142448767369,10.180774621156331,0.10398302836782983,4.386459238752047,0.42538265306122447,1.5952943369682688,1619
0.02,0.01,0.01,portfolio,3345,2989,-2.326888528551291,-0.14957882814974144,0.15059580511399548,-0.1653690376598264,0.3333333333333333,0.2045104107584212,1619
0.02,0.01,0.01,bitcoin,-1,-1,-1.3344118422177171,-0.15038686134913726,0.15038686134913726,-0.1665581109743636,0.46774193548387094,0.4002545452095751,1619
0.02,0.01,0.01,ethereum,-1,-1,-1.6492800150657505,-0.14878588463085596,0.15021096866052258,-0.1648509562018962,0.38095238095238093,0.29839729273794496,1619
0.02,0.01,0.01,binancecoin,-1,-1,-1.3818610976523453,-0.15082722833394213,0.1522036603305355,-0.16508686084453114,0.42028985507246375,0.42485879944675303,1619
0.02,0.01,0.01,solana,-1,-1,-2.23875567224328,-0.1499025129963013,0.15116609084382165,-0.16512738267505941,0.29347826086956524,0.20628128056827122,1619
0.02,0.01,0.02,portfolio,3356,2963,-1.3100790798276114,-0.14827049102049938,0.15048729058317922,-0.16393766459472012,0.36909871244635195,0.5815282066396679,1619
0.02,0.01,0.02,bitcoin,-1,-1,-0.7879499646564281,-0.15097085898300566,0.15097085898300566,-0.16660494734733103,0.42035398230088494,0.7101418240037751,1619
0.02,0.01,0.02,ethereum,-1,-1,-0.8652163223663791,-0.1504965600029876,0.15359028973147376,-0.1632117914187747,0.41203703703703703,0.7111566677413884,1619
0.02,0.01,0.02,binancecoin,-1,-1,-0.7840607025945714,-0.149073768447325,0.1520742067549764,-0.16316881148626738,0.375,0.6990524374239278,1619
0.02,0.01,0.02,solana,-1,-1,-1.3254848259880347,-0.14728709280110797,0.15004460199115954,-0.1632537249742944,0.3509933774834437,0.5424082391108331,1619
0.02,0.01,0.03,portfolio,3329,2565,-0.11086344354617904,-0.02363854291687384,0.1154473938963135,-0.032193358194975825,0.46226415094339623,0.9755230668906688,1619
0.02,0.01,0.03,bitcoin,-1,-1,0.5229516343366357,0.2733358420860552,0.11982888550456883,0.31985567218073613,0.4649842271293375,1.1138973516581572,1619
0.02,0.01,0.03,ethereum,-1,-1,-0.45449726378544747,-0.10234836696279159,0.152729609489141,-0.10911945867934564,0.38661710037174724,0.8486187638185593,1619
0.02,0.01,0.03,binancecoin,-1,-1,-0.3744898655232525,-0.08702644177505303,0.15240370404713666,-0.09233291775740834,0.36681222707423583,0.8442712589685478,1619
0.02,0.01,0.03,solana,-1,-1,-0.7747502927988162,-0.14592222967648694,0.15417475932145575,-0.15730505493193703,0.35384615384615387,0.7240064783859811,1619
0.02,0.01,0.05,portfolio,2986,1741,1.5902302493668534,0.8885696858541252,0.057880422773570195,1.7973121818924636,0.466875,1.3360882080559342,1619
0.02,0.01,0.05,bitcoin,-1,-1,1.4602181142122614,1.2975922954327066,0.06940690821402798,1.9916904718744657,0.47477931904161413,1.3870214501358393,1619
0.02,0.01,0.05,ethereum,-1,-1,0.9206033471027192,0.7504900137577024,0.1307532475195998,0.696417870911886,0.43714103382259095,1.1943693479065678,1619
0.02,0.01,0.05,binancecoin,-1,-1,1.2943746144796255,1.7215929740120601,0.1425000941835884,1.1834414351670344,0.46430827542640557,1.3122697263651433,1619
0.02,0.01,0.05,solana,-1,-1,0.14446984858864748,0.06255413908202523,0.15049646423067314,0.06305125030031981,0.3392857142857143,1.0299721972328466,1619
0.02,0.01,0.08,portfolio,2530,1390,2.426576398547719,2.1085382923678657,0.055646555403710996,3.469638882882945,0.48,1.597749797066343,1619
0.02,0.01,0.08,bitcoin,-1,-1,2.0005943235006196,2.610088575274139,0.06463698885442892,3.4218311557966965,0.47195967233774416,1.6274994992507144,1619
0.02,0.01,0.08,ethereum,-1,-1,1.318454014705142,1.5932651741529957,0.11679200033046357,1.368995503149737,0.4457908163265306,1.3206222173755777,1619
0.02,0.01,0.08,binancecoin,-1,-1,1.7614833314884362,3.4286047208792487,0.1427899990903878,1.825366798861614,0.4674668351231838,1.480534312786169,1619
0.02,0.01,0.08,solana,-1,-1,0.9374093205863134,1.0062450070648294,0.15053113717328082,0.7604096064950044,0.3574265289912629,1.2174264847706913,1619
0.02,0.01,0.12,portfolio,2268,1318,2.551125120109815,2.7450550379160608,0.05617844015857204,4.061584104414073,0.481875,1.7177873857201074,1619
0.02,0.01,0.12,bitcoin,-1,-1,1.9112609622699106,2.928071960554572,0.0809050536700505,2.9334194509736418,0.47385003150598615,1.6706448742291886,1619
0.02,0.01,0.12,ethereum,-1,-1,1.6457842968954777,2.6810355347095904,0.08835074997359722,2.545329094037431,0.45408163265306123,1.4431504238820807,1619
0.02,0.01,0.12,binancecoin,-1,-1,1.4153887148437485,1.7298787697876024,0.15247151936787404,1.1096734455536343,0.46503178928247046,1.4744204593030217,1619
0.02,0.01,0.12,solana,-1,-1,1.5650245251526416,3.3946852163801227,0.11668587276345485,2.220803078403976,0.38584183673469385,1.3760046145314733,1619
0.03,0.01,0.0,portfolio,1170,597,3.0479489318870656,6.738605368994224,0.04314983986280995,8.69204827311695,0.531875,2.0037667745641223,1619
0.03,0.01,0.0,bitcoin,-1,-1,1.986932626118963,3.026104264464861,0.0751646115697545,3.220732061834574,0.49433962264150944,1.66126378130976,1619
0.03,0.01,0.0,ethereum,-1,-1,2.1057004093547427,5.85467431673403,0.09030470760619881,3.868503861582459,0.5082802547770701,1.6545629721383683,1619
0.03,0.01,0.0,binancecoin,-1,-1,1.9644760293950856,7.230137617852391,0.12144020714115229,3.1974922544131767,0.5012626262626263,1.6611560338041502,1619
0.03,0.01,0.0,solana,-1,-1,2.1005829650790275,12.090425571152595,0.13036985074338647,3.7761677758725423,0.4697644812221515,1.6021996497913373,1619
0.03,0.01,0.01,portfolio,3353,2972,-1.6843569292963756,-0.1516868265188125,0.15270128263121924,-0.16555521530679368,0.4784688995215311,0.4217095345771994,1619
0.03,0.01,0.01,bitcoin,-1,-1,-0.8973875483902738,-0.15580044513683344,0.15580044513683344,-0.16699377860911893,0.6,0.6280590843873154,1619
0.03,0.01,0.01,ethereum,-1,-1,-1.2217224035428744,-0.15110913052281194,0.15253032502508723,-0.16506360483192323,0.574468085106383,0.4904460968356523,1619
0.03,0.01,0.01,binancecoin,-1,-1,-1.0027196308035253,-0.15244040826869654,0.15381422544701906,-0.16523386347320265,0.5521472392638037,0.5590010834604812,1619
0.03,0.01,0.01,solana,-1,-1,-1.5623552641251974,-0.15082280624944433,0.1520850161807131,-0.16521045224208342,0.546875,0.40035888311846096,1619
0.03,0.01,0.02,portfolio,3266,2640,-0.18681583003565322,-0.0366788234246328,0.11881650468157844,-0.0488111544086205,0.5157430730478589,0.9590601052990306,1619
0.03,0.01,0.02,bitcoin,-1,-1,0.6407229289131281,0.33355738981284455,0.10552789722299247,0.4342284327053339,0.5205047318611987,1.138455439838443,1619
0.03,0.01,0.02,ethereum,-1,-1,-0.6836312957868991,-0.14623847291180225,0.15332817715377384,-0.1585404216000827,0.5248868778280543,0.7584638303209891,1619
0.03,0.01,0.02,binancecoin,-1,-1,-0.5810882836393322,-0.1295678281599293,0.15647972730009727,-0.13655109807865987,0.4533333333333333,0.765270652818598,1619
0.03,0.01,0.02,solana,-1,-1,-0.7736065356572914,-0.14681822257710375,0.15311409349964716,-0.15943581228956671,0.5238095238095238,0.7165478673814099,1619
0.03,0.01,0.03,portfolio,3072,2189,1.2279794314954795,0.4142204459596328,0.09105651979960705,0.6087107698911987,0.53625,1.2575015572795343,1619
0.03,0.01,0.03,bitcoin,-1,-1,1.1184823185534754,0.7931182481337775,0.09147250940859036,1.0402318373261612,0.49968494013862635,1.2670187974992237,1619
0.03,0.01,0.03,ethereum,-1,-1,-0.31838080782693884,-0.0866007042299084,0.15034885980085194,-0.09311896835698724,0.48616600790513836,0.8870812182780816,1619
0.03,0.01,0.03,binancecoin,-1,-1,1.2744842675687609,1.4978523085921691,0.14595863334120865,1.0491991851759166,0.5050505050505051,1.2870808956671371,1619
0.03,0.01,0.03,solana,-1,-1,-0.2710224343824886,-0.07186381466433944,0.1500354470700467,-0.07692108200594026,0.4775510204081633,0.9026153349939086,1619
0.03,0.01,0.05,portfolio,2638,1547,2.2615946436159318,1.6281158817670334,0.04767947059207259,3.4039873252652506,0.515625,1.5221504866221964,1619
0.03,0.01,0.05,bitcoin,-1,-1,1.687059401840559,1.7619225618191234,0.07575619885875062,2.2614555960947005,0.5028319697923223,1.4692977406943777,1619
0.03,0.01,0.05,ethereum,-1,-1,1.4902971750240512,1.7074979923691171,0.12276942999434808,1.3659458653476049,0.4926704907584449,1.3361273882484472,1619
0.03,0.01,0.05,binancecoin,-1,-1,1.8113910540427514,3.591361502060323,0.11292333129741375,2.3710430462390844,0.5025252525252525,1.474467072183842,1619
0.03,0.01,0.05,solana,-1,-1,0.3987520321921786,0.25591878322677175,0.15510708088361708,0.2327709600013786,0.42703232125367285,1.0862442024878511,1619
0.03,0.01,0.08,portfolio,2139,1095,2.864233851414701,3.4287564291875183,0.04902372194750405,5.3168310145500115,0.515,1.7526174613435475,1619
0.03,0.01,0.08,bitcoin,-1,-1,1.9552773110163006,2.7186959576676295,0.07650762917614316,2.9647231412977635,0.49433962264150944,1.6166932123887952,1619
0.03,0.01,0.08,ethereum,-1,-1,1.7825998482639132,2.9201977235687044,0.07993971370703051,2.9640093578042412,0.4929936305732484,1.457678859567123,1619
0.03,0.01,0.08,binancecoin,-1,-1,2.0240448201214307,4.9229112413843055,0.1096958051446316,2.9080855738196503,0.49936868686868685,1.566278188566175,1619
0.03,0.01,0.08,solana,-1,-1,1.5212972067522377,2.9071117521568692,0.1451959561550939,1.6274452051315862,0.4445859872611465,1.3231130993970892,1619
0.03,0.01,0.12,portfolio,1873,1154,2.99757614089122,3.8024740611268664,0.03615482262359909,7.651757488985379,0.52625,1.9054168566775753,1619
0.03,0.01,0.12,bitcoin,-1,-1,1.8536983127754572,2.5875338305008984,0.07406181606266177,2.9703047866062597,0.4930817610062893,1.5985544335239825,1619
0.03,0.01,0.12,ethereum,-1,-1,2.123125418671649,4.754847486497876,0.0705538382767262,4.4378617949012815,0.49936305732484076,1.601600575937516,1619
0.03,0.01,0.12,binancecoin,-1,-1,2.091588684933586,7.030817565101108,0.12882478346973267,2.973157910163696,0.5,1.6650463785086156,1619
0.03,0.01,0.12,solana,-1,-1,1.3744984594449134,1.8003584294992199,0.15235068222872777,1.1410628043686573,0.4560117302052786,1.5018663467387598,1619
0.05,0.01,0.0,portfolio,796,334,3.0474637391223753,6.811149048712789,0.0443281889526759,8.506076636574921,0.53625,1.9873000221966908,1619
0.05,0.01,0.0,bitcoin,-1,-1,1.9885385559418542,3.109958980959756,0.06743412194155615,3.649143658085085,0.5009428032683847,1.6623815116961935,1619
0.05,0.01,0.0,ethereum,-1,-1,2.006919707295471,5.4358416618148535,0.1152110205119055,2.9178373159886357,0.5193897012078831,1.6063798905667859,1619
0.05,0.01,0.0,binancecoin,-1,-1,1.853162696557997,6.416776001964691,0.11758385071970147,3.1126647218443795,0.5113636363636364,1.6045371618588806,1619
0.05,0.01,0.0,solana,-1,-1,2.216258284691802,14.61905432689014,0.12019931011116201,4.441708882955636,0.494910941475827,1.6276312682711742,1619
0.05,0.01,0.01,portfolio,3192,2542,-0.28428449048493754,-0.052810688452151644,0.11029264296174748,-0.07624735446430615,0.6205385097056982,0.9389665187364471,1619
0.05,0.01,0.01,bitcoin,-1,-1,0.1882694405382454,0.06493070080150076,0.1357576708191745,0.07248283279491691,0.6139798488664987,1.0416312668596552,1619
0.05,0.01,0.01,ethereum,-1,-1,-0.7088184665164311,-0.14420563892061322,0.152766251961865,-0.15675893054961462,0.7258687258687259,0.7196384447931032,1619
0.05,0.01,0.01,binancecoin,-1,-1,0.1110983435511659,0.030906211087904145,0.15043090338773166,0.03156932160776319,0.6524973432518597,1.0298169858290147,1619
0.05,0.01,0.01,solana,-1,-1,-1.0353793532410631,-0.15921267180165266,0.16046241110641385,-0.165967363461491,0.7212121212121212,0.5299044982236828,1619
0.05,0.01,0.02,portfolio,2864,2114,1.334445020604685,0.4432953602442711,0.06950920175563227,0.8455792871680512,0.58625,1.2861997624423243,1619
0.05,0.01,0.02,bitcoin,-1,-1,1.499876670550063,1.0460764690170103,0.06638185482520371,1.7757985072037081,0.5477987421383648,1.364537252813549,1619
0.05,0.01,0.02,ethereum,-1,-1,-0.1482368007684538,-0.06078688967560553,0.1507097634809013,-0.06445417567432578,0.5503759398496241,0.9581624585533851,1619
0.05,0.01,0.02,binancecoin,-1,-1,1.3037821234624718,1.4567993751400676,0.13419056235220572,1.1190732036369804,0.5634870499052432,1.2965228591244105,1619
0.05,0.01,0.02,solana,-1,-1,-0.4736993712915921,-0.12649236485686,0.15108541853065777,-0.1378695135121007,0.6333333333333333,0.8196744613663398,1619
0.05,0.01,0.03,portfolio,2639,1576,2.006242465358536,1.1699044598484893,0.04903345106959773,2.613558188100283,0.558125,1.422773219502107,1619
0.05,0.01,0.03,bitcoin,-1,-1,1.6508545857970793,1.4392143281449052,0.06269515470590237,2.3747251386128063,0.5220125786163522,1.4254936447008586,1619
0.05,0.01,0.03,ethereum,-1,-1,1.1659815971731662,1.0933629402613003,0.10497126443992587,1.1609214417679024,0.5286989795918368,1.2473764192785362,1619
0.05,0.01,0.03,binancecoin,-1,-1,1.5984873896182723,2.4698287826411573,0.1153042698766468,1.853077994659469,0.5321969696969697,1.3854042496414305,1619
0.05,0.01,0.03,solana,-1,-1,0.2642274473223227,0.14240185774591563,0.1616810092234224,0.12950536884523148,0.5451745379876797,1.0556157837840445,1619
0.05,0.01,0.05,portfolio,2211,1251,2.6632522600272965,2.3861105778309595,0.03538349784254252,5.908482321147096,0.54625,1.6461230997685155,1619
0.05,0.01,0.05,bitcoin,-1,-1,1.8899434472880612,2.207563322873071,0.06064538964078559,3.2799057875680733,0.5135135135135135,1.5437824651332732,1619
0.05,0.01,0.05,ethereum,-1,-1,1.7887895992379097,2.7317153731627206,0.07040369875408273,3.2312436858263394,0.5184478371501272,1.43094830392274,1619
0.05,0.01,0.05,binancecoin,-1,-1,1.8173260328692091,4.041494137018172,0.14182133709434933,2.0189925564575333,0.5208333333333334,1.490059306010001,1619
0.05,0.01,0.05,solana,-1,-1,0.9519625159302416,0.9360683836866088,0.16087762871047373,0.673219627919049,0.49217221135029354,1.2230138851323646,1619
0.05,0.01,0.08,portfolio,1699,780,3.0376578224761404,4.333174500988313,0.03854823372408694,7.721414366179872,0.540625,1.8171675266882388,1619
0.05,0.01,0.08,bitcoin,-1,-1,2.0228650037784734,3.0083247711595185,0.06743412194155587,3.577264808041255,0.5047140163419234,1.6465477777332758,1619
0.05,0.01,0.08,ethereum,-1,-1,1.9219922807461491,3.754989643360151,0.09970732045876035,2.754811938207558,0.5155753337571519,1.5056337799830817,1619
0.05,0.01,0.08,binancecoin,-1,-1,1.8687150271922972,4.68330322278462,0.10966031680212257,2.8319615417828534,0.5151515151515151,1.5279539285921955,1619
0.05,0.01,0.08,solana,-1,-1,1.909380063387946,5.43887327427831,0.12019931011116296,2.7975615063286834,0.49236641221374045,1.4241458581315083,1619
0.05,0.01,0.12,portfolio,1310,594,3.168552347378621,5.5695159534042,0.038175176485373295,8.918081806889875,0.5425,1.9323532727000488,1619
0.05,0.01,0.12,bitcoin,-1,-1,1.9070277394503825,2.7735211126227477,0.06695121678277956,3.4296893608456522,0.5015713387806411,1.616559536190557,1619
0.05,0.01,0.12,ethereum,-1,-1,2.081947253915729,5.040918078575289,0.08979587672475048,3.597729298439008,0.5162110616656072,1.5904344021116472,1619
0.05,0.01,0.12,binancecoin,-1,-1,1.9613071846766816,6.2842713651335735,0.13078796892448546,2.769150473427591,0.5126262626262627,1.6061846794953318,1619
0.05,0.01,0.12,solana,-1,-1,2.08258474404626,8.451103203945888,0.12560797744090973,3.3319535948471315,0.48791348600508905,1.5025540627521274,1619
0.07,0.01,0.0,portfolio,519,199,3.02892573296892,6.698854300796445,0.04550653804254165,8.217691359549184,0.544375,1.9716356548436358,1619
0.07,0.01,0.0,bitcoin,-1,-1,1.927835107219357,3.005967874718082,0.06283918843080372,3.837033668856577,0.5081658291457286,1.6384145718188867,1619
0.07,0.01,0.0,ethereum,-1,-1,1.9731237482003596,5.359356960722205,0.11977356957319701,2.785947624894914,0.5273189326556544,1.5898044557738962,1619
0.07,0.01,0.0,binancecoin,-1,-1,1.8589014253196448,6.552013265308306,0.12379809064747353,2.9874975830793966,0.514520202020202,1.6057414737610314,1619
0.07,0.01,0.0,solana,-1,-1,2.171116910484108,13.942930980974632,0.14929539586371043,3.5055405956016843,0.5034876347495244,1.6068280872600085,1619
0.07,0.01,0.01,portfolio,2944,2323,0.5411132209730908,0.13503672057882277,0.07285657599483374,0.27329381248498025,0.645625,1.1208803314913656,1619
0.07,0.01,0.01,bitcoin,-1,-1,0.8770827780086123,0.4269240238769545,0.0819464467801916,0.6943216765390253,0.6203645505971087,1.2169683578385024,1619
0.07,0.01,0.01,ethereum,-1,-1,-0.30903417873844025,-0.09546282764194214,0.15714138582460438,-0.09860871912715456,0.6927083333333334,0.896315886293574,1619
0.07,0.01,0.01,binancecoin,-1,-1,0.6641401805565526,0.4536573328563114,0.12657487639303383,0.47367326173136215,0.6687737041719343,1.1614039455870326,1619
0.07,0.01,0.01,solana,-1,-1,-0.6971059117887817,-0.14636993391683695,0.15395467213735006,-0.1580471670351113,0.7953216374269005,0.6081503157160553,1619
0.07,0.01,0.02,portfolio,2605,1998,1.7250547287403117,0.6554579877266977,0.07439397134814811,1.0971406623016295,0.60625,1.3989375168243412,1619
0.07,0.01,0.02,bitcoin,-1,-1,1.7493506126298086,1.4063444129380014,0.07501144569331382,1.9525040334460608,0.5543683218101823,1.4512797683643404,1619
0.07,0.01,0.02,ethereum,-1,-1,0.27236998103016097,0.09533381544364272,0.1511390638831131,0.09444566530587634,0.5742128935532234,1.084610758836848,1619
0.07,0.01,0.02,binancecoin,-1,-1,1.4025571193994477,1.7813539891114214,0.13160367909522364,1.3114996404603798,0.5716993051168667,1.336786111847412,1619
0.07,0.01,0.02,solana,-1,-1,-0.09200161455356336,-0.03136456224075823,0.15357610830791146,-0.03221766599535027,0.7228260869565217,0.952393969720705,1619
0.07,0.01,0.03,portfolio,2265,1369,2.406451891547423,1.638033003669841,0.05042470259338188,3.2321837093316157,0.578125,1.5452304534149037,1619
0.07,0.01,0.03,bitcoin,-1,-1,1.6719167067304936,1.5381799989363367,0.06557654874087393,2.3791728870607294,0.5251256281407035,1.4406575550124516,1619
0.07,0.01,0.03,ethereum,-1,-1,1.635340543847522,1.9607951157766523,0.1183201330544747,1.5556509860282737,0.547422024188415,1.3723417156452142,1619
0.07,0.01,0.03,binancecoin,-1,-1,1.7057639428057159,3.04214171452848,0.11706485550004507,2.074524382245167,0.5369085173501578,1.4321118571383438,1619
0.07,0.01,0.03,solana,-1,-1,0.6103466243599897,0.442012286187234,0.16695518561690986,0.35116597596414223,0.5698602794411177,1.138193347276491,1619
0.07,0.01,0.05,portfolio,1835,1079,2.887863333718655,2.891058536278664,0.0382621039384306,6.155083369062488,0.5625,1.7278123005205241,1619
0.07,0.01,0.05,bitcoin,-1,-1,1.8926779854944746,2.2731044300444894,0.06793460284617399,2.983631005778134,0.5194723618090452,1.5539887816966587,1619
0.07,0.01,0.05,ethereum,-1,-1,1.917406327297507,3.3147583752080685,0.09020422646196546,2.8329518135787453,0.5321042593769867,1.4777626807705622,1619
0.07,0.01,0.05,binancecoin,-1,-1,1.878167291475329,4.556758957417142,0.12821030303706274,2.386457805022156,0.5277777777777778,1.5154546786393293,1619
0.07,0.01,0.05,solana,-1,-1,1.296650383877986,1.5770690291953322,0.1556902958596016,1.0196987016834818,0.5233830845771145,1.3260743541593378,1619
0.07,0.01,0.08,portfolio,1313,598,3.1499372982322873,4.776599185509354,0.036657429608468975,8.562506528193431,0.555625,1.8640846911990963,1619
0.07,0.01,0.08,bitcoin,-1,-1,1.9835869162262254,2.972280116554786,0.06283918843080398,3.811089050832853,0.5113065326633166,1.6344723893620434,1619
0.07,0.01,0.08,ethereum,-1,-1,1.9500292558063723,3.9795305622619077,0.10746955781248653,2.6413294337138393,0.5279542566709021,1.5185558103734726,1619
0.07,0.01,0.08,binancecoin,-1,-1,1.787338154096869,4.554656615178111,0.11917591168498744,2.5667230427263625,0.5151515151515151,1.5079655068367783,1619
0.07,0.01,0.08,solana,-1,-1,2.1609422358686006,7.654954944930145,0.13400461423755236,2.979170327698204,0.518706404565631,1.4980186092127465,1619
0.07,0.01,0.12,portfolio,968,431,3.2566823023456766,6.0280065425619505,0.039424018525041016,8.99449631442329,0.553125,1.972070278908821,1619
0.07,0.01,0.12,bitcoin,-1,-1,1.905432275356643,2.864509685031122,0.0634433770440961,3.691331161201885,0.5094221105527639,1.622170010010264,1619
0.07,0.01,0.12,ethereum,-1,-1,2.1299970041723184,5.440645582575503,0.09739172065446873,3.4532936081808483,0.5273189326556544,1.6062602718455052,1619
0.07,0.01,0.12,binancecoin,-1,-1,1.9270154475869725,6.350940505207774,0.132030969295078,2.7577216095477874,0.5170454545454546,1.5992409791325255,1619
0.07,0.01,0.12,solana,-1,-1,2.2206433979848095,10.157647426814883,0.1476874014165014,3.085219772193514,0.5053899809765378,1.5462348770777077,1619
0.1,0.01,0.0,portfolio,311,106,3.0373482360587705,6.813817660235003,0.04727406167734054,7.9775711323588405,0.55,1.980664477634131,1619
0.1,0.01,0.0,bitcoin,-1,-1,1.9438404268987592,3.087460696257205,0.0666325759589867,3.6770695401005353,0.5100376411543287,1.649949234734089,1619
0.1,0.01,0.0,ethereum,-1,-1,1.8783719948844435,4.873176416238026,0.14141262418017322,2.243609395350613,0.5285895806861499,1.5557157605919825,1619
0.1,0.01,0.0,binancecoin,-1,-1,1.8615341709361133,6.654044658016862,0.1289232789979601,2.89095107401553,0.5192429022082019,1.6091917204965356,1619
0.1,0.01,0.0,solana,-1,-1,2.230373186274328,15.535906077771799,0.1378649794880126,3.9717848363462336,0.5098287888395688,1.628364063323301,1619
0.1,0.01,0.01,portfolio,2796,2269,0.715918542033943,0.1939620846771457,0.08171316114917769,0.3423894222218762,0.656875,1.1746439325354627,1619
0.1,0.01,0.01,bitcoin,-1,-1,1.1463148875617335,0.622116315127397,0.07721478945517263,1.0127683044961022,0.612193588937775,1.2965650055774012,1619
0.1,0.01,0.01,ethereum,-1,-1,-0.26136953939782437,-0.09103539582039966,0.15109877973216482,-0.09759836991718562,0.7121212121212122,0.8954016251826489,1619
0.1,0.01,0.01,binancecoin,-1,-1,0.7628310087506752,0.5538204217111069,0.15900379483229643,0.44656714946356957,0.6743572841133817,1.200823426330341,1619
0.1,0.01,0.01,solana,-1,-1,-0.6060903418400249,-0.14655427940320853,0.16766166005152763,-0.14532182603682517,0.8047337278106509,0.6147912401575651,1619
0.1,0.01,0.02,portfolio,2458,1921,1.5596916427168528,0.5673396293306134,0.07469944072456149,0.9699001575225863,0.599375,1.3757183886597422,1619
0.1,0.01,0.02,bitcoin,-1,-1,1.7971856392368555,1.5081708507276779,0.07128160850462549,2.158759484656486,0.5499058380414312,1.4749074226379366,1619
0.1,0.01,0.02,ethereum,-1,-1,0.19843207474287447,0.0724053814522676,0.15101428769194483,0.07244416983385597,0.5829383886255924,1.067460615800224,1619
0.1,0.01,0.02,binancecoin,-1,-1,1.1970287070866874,1.1598337996031116,0.16003535562261537,0.7956692534088319,0.5743801652892562,1.2876132215797715,1619
0.1,0.01,0.02,solana,-1,-1,-0.022414494671670677,-0.012538201104015045,0.16092881779676535,-0.012191739592059169,0.7368421052631579,0.9866162209786887,1619
0.1,0.01,0.03,portfolio,1941,1197,2.4162192608072277,1.7787167022621944,0.058804712881519276,2.932163718444541,0.583125,1.5745438587736102,1619
0.1,0.01,0.03,bitcoin,-1,-1,1.8220992836260381,1.806689967045434,0.06262019429908834,2.782719030339647,0.526348808030113,1.498287384642301,1619
0.1,0.01,0.03,ethereum,-1,-1,1.5652993939412785,1.9932018193071568,0.14610889612053235,1.2735213856170795,0.5515267175572519,1.3696063063157784,1619
0.1,0.01,0.03,binancecoin,-1,-1,1.4738930846172853,2.480163564646476,0.1390043875306306,1.54117264763511,0.5400630914826499,1.3807597560280416,1619
0.1,0.01,0.03,solana,-1,-1,0.9266486753340227,0.8278272588435462,0.15044366029999903,0.6542354217789448,0.5850746268656717,1.2260471890375122,1619
0.1,0.01,0.05,portfolio,1536,942,2.8169792955449466,2.987574894837843,0.04743892097935322,5.063930185408649,0.565625,1.7356526771733647,1619
0.1,0.01,0.05,bitcoin,-1,-1,1.9919504986663616,2.5597434978401754,0.06324087538679388,3.455207621266891,0.5194479297365119,1.6013190463308224,1619
0.1,0.01,0.05,ethereum,-1,-1,1.7703505429934714,3.047612261559694,0.11252163713498374,2.160611664017394,0.5352828989192625,1.4475564438980963,1619
0.1,0.01,0.05,binancecoin,-1,-1,1.7265002387574753,4.103267897016733,0.1427700505615192,2.0226717002375136,0.5312302839116719,1.4825036444265116,1619
0.1,0.01,0.05,solana,-1,-1,1.4287352166294536,2.0046934694117566,0.15592741098769247,1.1978678829596772,0.5387673956262425,1.3768451368431605,1619
0.1,0.01,0.08,portfolio,996,442,3.10675830246007,4.91060455696063,0.04261275564667474,7.476114220230312,0.561875,1.8655851672636858,1619
0.1,0.01,0.08,bitcoin,-1,-1,1.9935267854546417,3.05026566918655,0.06663257595898682,3.6505022829292937,0.5131744040150564,1.64731001923634,1619
0.1,0.01,0.08,ethereum,-1,-1,1.8448919154317345,3.6455480715466644,0.12924269957122134,2.089583255069977,0.531130876747141,1.4906575957205013,1619
0.1,0.01,0.08,binancecoin,-1,-1,1.7114678495547095,4.367520751871889,0.14653519219938635,2.0400842844442826,0.522397476340694,1.4961661989443924,1619
0.1,0.01,0.08,solana,-1,-1,2.2523283586641463,9.245227369523148,0.12580991035994163,3.4690917505630536,0.5256816740646798,1.5348833421937522,1619
0.1,0.01,0.12,portfolio,704,312,3.1689251089167363,6.091204670523099,0.04386875161357557,8.126240437714932,0.558125,1.9566015490793507,1619
0.1,0.01,0.12,bitcoin,-1,-1,1.9237721325329056,2.948171503645172,0.06723431897113843,3.5444965340913464,0.5119196988707654,1.633493713071735,1619
0.1,0.01,0.12,ethereum,-1,-1,1.9998284009996417,4.944571662208061,0.11941001077409448,2.6777859133562676,0.5292249047013977,1.566898709944953,1619
0.1,0.01,0.12,binancecoin,-1,-1,1.8104588170063012,5.856124773878162,0.14142197205118612,2.4705393592500915,0.5217665615141955,1.5700857137487496,1619
0.1,0.01,0.12,solana,-1,-1,2.2969041708983,12.04435218453303,0.13491728670441577,3.6428221325232326,0.5136334812935954,1.581444151722739,1619
0.0,0.015,0.0,portfolio,0,0,3.0796300422182434,7.067888197878181,0.04947161880902078,7.762191596695979,0.5475,2.0202503776671734,1619
0.0,0.015,0.0,bitcoin,-1,-1,1.8766645967326208,2.984985657600298,0.06969701606580318,3.4449394668226647,0.5059786028949025,1.6318724368938784,1619
0.0,0.015,0.0,ethereum,-1,-1,1.9861308185102182,5.492429197750342,0.09445889402349396,3.578158667513751,0.5292993630573248,1.6003067553786945,1619
0.0,0.015,0.0,binancecoin,-1,-1,1.8681721823075197,6.713734655255129,0.10665744328273226,3.5100381448684264,0.5199240986717267,1.617177697688332,1619
0.0,0.015,0.0,solana,-1,-1,2.2740062472946834,16.309872539470486,0.12391946835486027,4.507992048033139,0.5167827739075365,1.652010586854985,1619
0.0,0.015,0.01,portfolio,3139,2470,1.6282032528512487,0.47116028309898006,0.05197806236522834,1.1914953400010886,0.71875,1.3703574253335664,1619
0.0,0.015,0.01,bitcoin,-1,-1,0.6422392373525798,0.23953797296876145,0.08677124198735685,0.39171161799808435,0.6677195198989261,1.1521342547862707,1619
0.0,0.015,0.01,ethereum,-1,-1,-0.057827497106736125,-0.020472660974284684,0.15622721210504886,-0.02057578079337627,0.7265745007680492,0.9804486759296678,1619
0.0,0.015,0.01,binancecoin,-1,-1,1.6039697715782706,1.1639456505683845,0.08817126690853817,1.4479660744507366,0.7305009511731135,1.4199855584664114,1619
0.0,0.015,0.01,solana,-1,-1,1.2885120098087204,0.727869397089024,0.06884322767269233,1.2906465412722212,0.8232291001914487,1.3148105490002868,1619
0.0,0.015,0.02,portfolio,2951,2023,2.276095311603578,1.1349383634963246,0.03219107711954804,3.892467365337952,0.645,1.5109934835697394,1619
0.0,0.015,0.02,bitcoin,-1,-1,1.3736292203180624,0.9196167417009269,0.08142655312199464,1.3120388255339233,0.5634069400630914,1.3387735240111476,1619
0.0,0.015,0.02,ethereum,-1,-1,0.18458835678761243,0.06471981598784993,0.1502345974888221,0.06529102895006465,0.6172839506172839,1.0649931331966724,1619
0.0,0.015,0.02,binancecoin,-1,-1,1.5850737850052476,2.001748178369246,0.1143241650152935,1.6321946488921468,0.5935320228281548,1.3886861651396816,1619
0.0,0.015,0.02,solana,-1,-1,1.8634262998550575,2.1599310132917036,0.1131381580269762,1.7334773616968011,0.6968730057434588,1.3930125810230805,1619
0.0,0.015,0.03,portfolio,2695,1507,2.5524219930137813,1.7547790639653407,0.03551719421514839,4.810267736385657,0.5875,1.5961245296714845,1619
0.0,0.015,0.03,bitcoin,-1,-1,1.5540230746669812,1.3256435264894404,0.0681216271379597,2.0608588162156676,0.5353089533417402,1.4055119840514876,1619
0.0,0.015,0.03,ethereum,-1,-1,1.2870021872150985,1.3395974268380924,0.11855585389270007,1.1931202626995616,0.5591054313099042,1.294825772944889,1619
0.0,0.015,0.03,binancecoin,-1,-1,1.7429476048928947,3.0025565696150274,0.1255334970430618,1.9194201006200702,0.5544303797468354,1.446573895455876,1619
0.0,0.015,0.03,solana,-1,-1,1.461756898755075,1.4048958743715678,0.1550353861923013,0.9439954749014261,0.624,1.3688253632118654,1619
0.0,0.015,0.05,portfolio,2011,962,3.189086810314345,3.888235583000581,0.03322325887354067,8.432948557570317,0.575625,1.838901938669523,1619
0.0,0.015,0.05,bitcoin,-1,-1,1.8013012536219875,2.0867782941153425,0.06807088164444537,2.817205372203251,0.5255198487712666,1.5278826104097216,1619
0.0,0.015,0.05,ethereum,-1,-1,1.7848042148539849,2.9155130406473897,0.08814303894479047,2.685542364584834,0.5442957297641811,1.4532779798814996,1619
0.0,0.015,0.05,binancecoin,-1,-1,1.9105191194191924,4.553545021611805,0.10861539767003778,2.81590717999662,0.534471853257432,1.5293068819175133,1619
0.0,0.015,0.05,solana,-1,-1,2.2465971776099796,6.4237917412514856,0.14543071216207165,2.5180386011871123,0.5498412698412698,1.495932288425586,1619
0.0,0.015,0.08,portfolio,1221,518,3.191021366664915,5.137120696006218,0.050648440054575486,6.44282421340499,0.5575,1.9114953085457023,1619
0.0,0.015,0.08,bitcoin,-1,-1,1.9129478702178047,2.79537262963898,0.06969830207514825,3.310374516484042,0.513530522341095,1.612727968636398,1619
0.0,0.015,0.08,ethereum,-1,-1,1.8998287959885074,4.037131051388696,0.09457445977210484,3.025794528373257,0.5292993630573248,1.522135144857501,1619
0.0,0.015,0.08,binancecoin,-1,-1,1.812418119066339,4.713199580567598,0.1288438035841267,2.418622244297348,0.5268817204301075,1.5259432182539994,1619
0.0,0.015,0.08,solana,-1,-1,2.3153990252137873,10.007461823337495,0.12877133258749457,3.5146087706378206,0.5396322130627774,1.5688260292186698,1619
0.0,0.015,0.12,portfolio,676,291,3.290440025257086,6.864237669402314,0.049270546789294226,7.682309419953919,0.560625,2.041250303653507,1619
0.0,0.015,0.12,bitcoin,-1,-1,1.8502530944353914,3.11567507967694,0.07329779289965639,3.360897783955186,0.5078665827564506,1.6474457474900528,1619
0.0,0.015,0.12,ethereum,-1,-1,2.0137497346845854,5.217042839702789,0.09422250608096491,3.4916583050126215,0.5292993630573248,1.5877545215660778,1619
0.0,0.015,0.12,binancecoin,-1,-1,1.9093972911576702,6.662544179095888,0.12398964837133516,3.0078966431791905,0.5249841872232764,1.6165924700352075,1619
0.0,0.015,0.12,solana,-1,-1,2.455809598096056,15.072563747366207,0.1205983641715231,4.483802013391836,0.5243825205826472,1.6440644656466583,1619
0.005,0.015,0.0,portfolio,2935,2339,1.0173424588082434,0.5513643337792209,0.05014425849684922,1.4107734895122288,0.3540489642184557,1.35367191857697,1619
0.005,0.015,0.0,bitcoin,-1,-1,-0.15589926074832589,-0.05929624869852268,0.15143384938810445,-0.06253159195709102,0.2033898305084746,0.9265720281416141,1619
0.005,0.015,0.0,ethereum,-1,-1,0.1568331920038045,0.06136265708077593,0.15036291832477838,0.06193490147104042,0.2364217252396166,1.0849991884801764,1619
0.005,0.015,0.0,binancecoin,-1,-1,1.273481603036762,2.401394542868712,0.14340433930464203,1.4637674670277077,0.32636248415716096,1.4615500610258667,1619
0.005,0.015,0.0,solana,-1,-1,0.5706168551075078,0.5396006284382338,0.1503552390592729,0.4620680577190504,0.19736842105263158,1.3185183902910131,1619
0.005,0.015,0.01,portfolio,3317,3018,-3.745340402758011,-0.15034099308022508,0.15034099308022508,-0.1665544340082949,0.1092896174863388,0.11018846236222868,1619
0.005,0.015,0.01,bitcoin,-1,-1,-2.898184836976305,-0.15058366882676955,0.15058366882676955,-0.16657389050000856,0.08275862068965517,0.12346529801587199,1619
0.005,0.015,0.01,ethereum,-1,-1,-2.7057841800953955,-0.14902004317741302,0.15077135276085102,-0.16451523310830138,0.12921348314606743,0.2631347207593608,1619
0.005,0.015,0.01,binancecoin,-1,-1,-2.6891335714760043,-0.15105370754643566,0.15105370754643566,-0.16661159492646244,0.10191082802547771,0.19124514485893787,1619
0.005,0.015,0.01,solana,-1,-1,-3.5450351971468415,-0.15103388991227396,0.15103388991227396,-0.1666100047334101,0.08771929824561403,0.14177061994065998,1619
0.005,0.015,0.02,portfolio,3327,3011,-2.5622278402040024,-0.1489824742867084,0.14925071387711675,-0.16614649602435969,0.13360323886639677,0.3150848772631403,1619
0.005,0.015,0.02,bitcoin,-1,-1,-1.7165791178330883,-0.1496172274080405,0.1505730277347895,-0.1654395678776944,0.1,0.3977219287198374,1619
0.005,0.015,0.02,ethereum,-1,-1,-1.6793231184035537,-0.14569963558398613,0.15081507078039127,-0.16054688921573992,0.11304347826086956,0.4709974703329003,1619
0.005,0.015,0.02,binancecoin,-1,-1,-1.789716707498465,-0.15063568765383284,0.15063568765383284,-0.16657806197733963,0.0893854748603352,0.3570993679615012,1619
0.005,0.015,0.02,solana,-1,-1,-2.5917460264154166,-0.15088948993105233,0.15088948993105233,-0.16659841924493604,0.08152173913043478,0.2651307085481248,1619
0.005,0.015,0.03,portfolio,3336,2993,-1.9084075734230337,-0.14860856036040193,0.1492974863327944,-0.16564781431839345,0.16784869976359337,0.45390370113640394,1619
0.005,0.015,0.03,bitcoin,-1,-1,-1.2992319002138628,-0.15180621163379981,0.15180621163379981,-0.16667201010662067,0.10047846889952153,0.47359842225227206,1619
0.005,0.015,0.03,ethereum,-1,-1,-1.0230854136111789,-0.1420598791647688,0.1505488279935818,-0.1565402600704454,0.1477832512315271,0.6574895232108114,1619
0.005,0.015,0.03,binancecoin,-1,-1,-1.4087075587673354,-0.15273915231493118,0.15273915231493118,-0.16674700185182806,0.10434782608695652,0.46377465656925226,1619
0.005,0.015,0.03,solana,-1,-1,-2.0328219229125355,-0.14973079069352802,0.15007521779107214,-0.1661234056496051,0.07772020725388601,0.33942003942586374,1619
0.005,0.015,0.05,portfolio,3328,2707,-0.37697502893471924,-0.07683146942484098,0.11555496913699614,-0.10701602958240901,0.26111458985597996,0.9227099140568962,1619
0.005,0.015,0.05,bitcoin,-1,-1,-0.9653061396298176,-0.1477009844021201,0.1511691560478059,-0.16252690576975976,0.10121457489878542,0.5803645021298328,1619
0.005,0.015,0.05,ethereum,-1,-1,-0.26309456370429446,-0.1053959076697728,0.15238607294982065,-0.11278032892865048,0.18700475435816163,0.9323784611674406,1619
0.005,0.015,0.05,binancecoin,-1,-1,0.2021879025394362,0.09187324342721048,0.14580181962422067,0.09447742930857726,0.24461343472750316,1.0504597988085753,1619
0.005,0.015,0.05,solana,-1,-1,-1.0238255679782946,-0.14950220148021154,0.15280674588952742,-0.16288684195989203,0.09171597633136094,0.6233388490162652,1619
0.005,0.015,0.08,portfolio,3231,2639,0.06453004777532237,0.010879522076056691,0.08977008371044166,0.018777849210840664,0.27232142857142855,1.0156913631667044,1619
0.005,0.015,0.08,bitcoin,-1,-1,-0.6579820088065175,-0.13103355301388464,0.15058883147664043,-0.14359739013983777,0.14788732394366197,0.6829827424558176,1619
0.005,0.015,0.08,ethereum,-1,-1,-0.18569099983845616,-0.06112535385935369,0.15003777903966894,-0.06511312942111058,0.203125,0.9273785398732471,1619
0.005,0.015,0.08,binancecoin,-1,-1,0.5899509145979474,0.42209977508295626,0.15103690354469043,0.37302286792530404,0.2652929813264649,1.167799318249542,1619
0.005,0.015,0.08,solana,-1,-1,-0.4320756366767508,-0.12973142809466232,0.1507205905100661,-0.14195877816905167,0.11348684210526316,0.8412566933841218,1619
0.005,0.015,0.12,portfolio,3124,2391,0.5576798374708395,0.18307282811417225,0.08535284076904441,0.3106255113338595,0.300187617260788,1.1440691815919979,1619
0.005,0.015,0.12,bitcoin,-1,-1,-0.4677199448266165,-0.10711333808866186,0.15022258711832248,-0.11636112315586238,0.16172506738544473,0.7814757620164,1619
0.005,0.015,0.12,ethereum,-1,-1,0.7584446992565237,0.540560622323887,0.11415014531014606,0.6095316190337509,0.23017902813299232,1.2372833258118574,1619
0.005,0.015,0.12,binancecoin,-1,-1,0.5502038897258088,0.4383433042427327,0.1501892219783047,0.3875729423631061,0.2755956213779781,1.1656258915643256,1619
0.005,0.015,0.12,solana,-1,-1,-0.13712392413118984,-0.06234316436539866,0.15161449482070152,-0.06575533302504806,0.13864306784660768,0.9481610561064,1619
0.01,0.015,0.0,portfolio,2051,1254,2.428357727230728,3.344874062658773,0.046173962352389214,5.563833721745463,0.456875,1.761443468958827,1619
0.01,0.015,0.0,bitcoin,-1,-1,1.6732900679328895,2.0809524848514735,0.1021635478408462,1.873655275399141,0.40516698172652804,1.5845087547758234,1619
0.01,0.015,0.0,ethereum,-1,-1,1.6691360009183063,3.096714591899887,0.10333006441204691,2.375406704843443,0.39948947032546267,1.5521898566272667,1619
0.01,0.015,0.0,binancecoin,-1,-1,1.5151758399017072,3.5917553054826747,0.1485913097746372,1.8020098486281677,0.4165613147914033,1.505860251236035,1619
0.01,0.015,0.0,solana,-1,-1,1.524541603504716,4.210252730176967,0.11338764252358856,2.5835758466829004,0.3227040816326531,1.4819380963897009,1619
0.01,0.015,0.01,portfolio,3343,2995,-2.94412837017945,-0.14960313097302347,0.15062007887472326,-0.16537118390116662,0.18,0.153468580293935,1619
0.01,0.015,0.01,bitcoin,-1,-1,-1.9938382264687073,-0.1502035374202937,0.1502035374202937,-0.16654341650487103,0.2542372881355932,0.24018178462801745,1619
0.01,0.015,0.01,ethereum,-1,-1,-2.2158785482209127,-0.14900503495163953,0.15042975208463866,-0.16487102370060022,0.22580645161290322,0.2727356943397508,1619
0.01,0.015,0.01,binancecoin,-1,-1,-1.9612170915944962,-0.15018888346908787,0.1515663501647745,-0.16502867133776436,0.22142857142857142,0.30961465457803156,1619
0.01,0.015,0.01,solana,-1,-1,-2.8774746587080835,-0.1496651990507032,0.15092912963970218,-0.1651059591178597,0.18181818181818182,0.19556102588115173,1619
0.01,0.015,0.02,portfolio,3337,3001,-1.9640835209625012,-0.14853738488790846,0.15075348980492637,-0.16396378125740646,0.25892857142857145,0.4197136178727391,1619
0.01,0.015,0.02,bitcoin,-1,-1,-1.5566444372359007,-0.1521396621725456,0.1521396621725456,-0.1666988020990316,0.22695035460992907,0.3838129694011659,1619
0.01,0.015,0.02,ethereum,-1,-1,-1.1992800637172487,-0.14701361745442776,0.1512806594786514,-0.16159798808514,0.2463768115942029,0.6048912724641127,1619
0.01,0.015,0.02,binancecoin,-1,-1,-1.1142068227630693,-0.14850600493953747,0.1515084452296349,-0.16310983626734868,0.23118279569892472,0.583989853532349,1619
0.01,0.015,0.02,solana,-1,-1,-1.7778368442395327,-0.14848414007649446,0.1532964361597286,-0.16118195744721664,0.18562874251497005,0.4300157195664504,1619
0.01,0.015,0.03,portfolio,3366,2940,-1.2464417335761593,-0.14403821578302411,0.14746685533081147,-0.16219071757466635,0.2890792291220557,0.6433820211982487,1619
0.01,0.015,0.03,bitcoin,-1,-1,-0.8220589666848068,-0.14836639346740732,0.15082953291628934,-0.16367901487687378,0.25984251968503935,0.6974612163675139,1619
0.01,0.015,0.03,ethereum,-1,-1,-0.7082379497154897,-0.14511063884821684,0.15273031215143437,-0.1578482035734388,0.2733333333333333,0.7926762763949454,1619
0.01,0.015,0.03,binancecoin,-1,-1,-0.8497151157808429,-0.14653223032429274,0.1511614426056925,-0.16115865845507568,0.2157676348547718,0.6775440264403331,1619
0.01,0.015,0.03,solana,-1,-1,-1.2333162398195259,-0.14081725419643887,0.15014248674940986,-0.15549867104696063,0.17679558011049723,0.554225624612243,1619
0.01,0.015,0.05,portfolio,3345,2691,0.12904794372406306,0.02376172832699397,0.10592763397636089,0.03457060663848721,0.33459835547122074,1.028775071068794,1619
0.01,0.015,0.05,bitcoin,-1,-1,-0.22400411273446347,-0.05870537068027204,0.1514906127875619,-0.061869066029500035,0.32727272727272727,0.9190286253925323,1619
0.01,0.015,0.05,ethereum,-1,-1,0.7116431472841968,0.4495554979362726,0.10229471306896414,0.581545584272413,0.3269476372924649,1.163527545238433,1619
0.01,0.015,0.05,binancecoin,-1,-1,-0.37920728608161886,-0.10148770139709651,0.15296709863236774,-0.10799106930466462,0.22021660649819494,0.8362575020481764,1619
0.01,0.015,0.05,solana,-1,-1,-0.5940745904375686,-0.12562871547084187,0.1527456904332044,-0.13538481260594612,0.15737704918032788,0.7772556127425827,1619
0.01,0.015,0.08,portfolio,3039,2142,1.0240785358589637,0.38117958058815393,0.08444347139511851,0.6104743721113939,0.365625,1.2343561785698025,1619
0.01,0.015,0.08,bitcoin,-1,-1,1.2087930367254358,1.0438534922975582,0.1440857740077091,0.8168167123537013,0.3856332703213611,1.3655527539117045,1619
0.01,0.015,0.08,ethereum,-1,-1,1.0252904737431123,0.9139612927828713,0.13362122636262597,0.7957313941324726,0.35162731333758773,1.2714884250252445,1619
0.01,0.015,0.08,binancecoin,-1,-1,-0.6014065475669527,-0.13199426773014522,0.1534905023659644,-0.1419801623569159,0.21888412017167383,0.7290034990561515,1619
0.01,0.015,0.08,solana,-1,-1,0.06108473779503586,0.010114239584928963,0.15019265126013734,0.010437376448493114,0.22163120567375885,1.0151564045571353,1619
0.01,0.015,0.12,portfolio,2846,2023,1.4835247098608284,0.6982133566120146,0.05961590179430356,1.4412613828620338,0.38,1.3829465941993022,1619
0.01,0.015,0.12,bitcoin,-1,-1,1.3848887785113826,1.5729452704418647,0.1395812957330125,1.1353124733138982,0.39193446754883426,1.4892944496442142,1619
0.01,0.015,0.12,ethereum,-1,-1,1.3596202858918665,1.6210235166577451,0.11610035803219314,1.3937212229293732,0.36566687938736436,1.400780839646987,1619
0.01,0.015,0.12,binancecoin,-1,-1,-0.5343998859668289,-0.13184464738897228,0.15144095100071922,-0.14372838286605122,0.2236842105263158,0.7389119369539339,1619
0.01,0.015,0.12,solana,-1,-1,0.4677564942992983,0.3148321791846873,0.15260567060416003,0.2852043736284131,0.24050632911392406,1.132354965080871,1619
0.015,0.015,0.0,portfolio,1774,967,2.749106750676757,4.733614009368519,0.0422435934825008,7.394088865552352,0.485,1.8661382197193048,1619
0.015,0.015,0.0,bitcoin,-1,-1,1.9253226879723773,2.7642658131456317,0.07350394405706681,3.1175464670984523,0.45935727788279773,1.6590504915904603,1619
0.015,0.015,0.0,ethereum,-1,-1,1.9408702475718902,4.577993943285559,0.09034511287663348,3.395247754474853,0.45216836734693877,1.6204933074178824,1619
0.015,0.015,0.0,binancecoin,-1,-1,1.5822090925238328,4.051486681815038,0.13036295340171922,2.1994955894357644,0.45512010113780027,1.5098415745136584,1619
0.015,0.015,0.0,solana,-1,-1,1.863936311884301,7.549831772010002,0.10398302836782983,3.8137339814406563,0.3914704010184596,1.5623039283172941,1619
0.015,0.015,0.01,portfolio,3345,2993,-2.468165806364908,-0.15041297944442222,0.15142895888806004,-0.16544270557750398,0.2827586206896552,0.1987308407560974,1619
0.015,0.015,0.01,bitcoin,-1,-1,-1.5732819405894833,-0.1507134283288064,0.1507134283288064,-0.16658429670935573,0.35789473684210527,0.29772684856796355,1619
0.015,0.015,0.01,ethereum,-1,-1,-1.9277912188126367,-0.1488868663011227,0.15031178126948855,-0.16486020328330672,0.26436781609195403,0.24798560593184696,1619
0.015,0.015,0.01,binancecoin,-1,-1,-1.6516109083173762,-0.15184451875129878,0.15321930181244933,-0.16517957024248336,0.32592592592592595,0.36357467442522756,1619
0.015,0.015,0.01,solana,-1,-1,-2.422478989984573,-0.1511759780614953,0.1524376630411145,-0.16524232710515088,0.28205128205128205,0.23492929071364524,1619
0.015,0.015,0.02,portfolio,3342,2991,-1.4554044229731866,-0.14839871152015438,0.15061517736286262,-0.16395021258727163,0.314410480349345,0.5366453914398378,1619
0.015,0.015,0.02,bitcoin,-1,-1,-0.8992086164315347,-0.1502290035701409,0.1502290035701409,-0.16654545753406924,0.37320574162679426,0.6713511786913543,1619
0.015,0.015,0.02,ethereum,-1,-1,-0.9635607144044498,-0.1474127822917758,0.1508360282677756,-0.16254553269141847,0.33962264150943394,0.6798033164250041,1619
0.015,0.015,0.02,binancecoin,-1,-1,-0.9211754073695235,-0.14885364179165295,0.15185485628462536,-0.16314595388819106,0.31843575418994413,0.6416200144499057,1619
0.015,0.015,0.02,solana,-1,-1,-1.550434128951911,-0.15047227710385536,0.15378528636852806,-0.16297663603405751,0.2848101265822785,0.48832301077976265,1619
0.015,0.015,0.03,portfolio,3379,2807,-0.7547447275185261,-0.12553119782862554,0.13026861518806165,-0.15861415877422522,0.3940609951845907,0.8461929787981033,1619
0.015,0.015,0.03,bitcoin,-1,-1,-0.6798480082443139,-0.15075171053182335,0.15090134030628183,-0.16642218353787724,0.33797909407665505,0.761554693222574,1619
0.015,0.015,0.03,ethereum,-1,-1,-0.20393473228323444,-0.10050731903699628,0.15119535324730513,-0.10815232340396456,0.3889340927583401,0.960155658964647,1619
0.015,0.015,0.03,binancecoin,-1,-1,-0.5893940760994245,-0.11982374749110725,0.15174291849971,-0.1296288958819505,0.30603448275862066,0.7671940850600013,1619
0.015,0.015,0.03,solana,-1,-1,-0.9201413372701811,-0.1438244263183388,0.15162517071698886,-0.15749240344253587,0.28421052631578947,0.6701192844797238,1619
0.015,0.015,0.05,portfolio,3186,2289,1.0553293979175433,0.3354880482099394,0.10532094574822048,0.4373179516505279,0.4275,1.234368344955917,1619
0.015,0.015,0.05,bitcoin,-1,-1,1.24485562509926,0.9978294179859102,0.14818614301244426,0.7675237471666497,0.4479495268138801,1.331825591588202,1619
0.015,0.015,0.05,ethereum,-1,-1,0.9970202336829737,0.7825974664552731,0.1188230295085675,0.7923546074312117,0.39948947032546267,1.2200181228520317,1619
0.015,0.015,0.05,binancecoin,-1,-1,-0.1603822252933116,-0.056346501363139234,0.15454370521927732,-0.05814915749726532,0.3115942028985507,0.9316409860739555,1619
0.015,0.015,0.05,solana,-1,-1,-0.33282856768228264,-0.09393504020503918,0.1502965802127868,-0.10137868153676187,0.2389937106918239,0.8814950803900188,1619
0.015,0.015,0.08,portfolio,2714,1558,1.9412709347367576,1.3950140537502929,0.08179067028415885,1.7803771992825124,0.448125,1.4678563382774552,1619
0.015,0.015,0.08,bitcoin,-1,-1,1.6839005892325536,1.8924106585644251,0.11987534315227683,1.499607593724669,0.44801512287334594,1.5227726522098946,1619
0.015,0.015,0.08,ethereum,-1,-1,1.4010073529825282,1.6493573034536864,0.10957823923274079,1.4944350689059196,0.41581632653061223,1.3588299658302838,1619
0.015,0.015,0.08,binancecoin,-1,-1,1.2759925626036794,1.8772851209073615,0.14853721826806293,1.203762696499982,0.4254108723135272,1.3415092666947368,1619
0.015,0.015,0.08,solana,-1,-1,0.4689721107619589,0.34255120840074893,0.1519334887982578,0.30880587495106776,0.3014354066985646,1.1084245955514442,1619
0.015,0.015,0.12,portfolio,2391,1401,2.293335934049173,2.129328011994616,0.054777435558278506,3.5472988875736275,0.464375,1.6341681581644196,1619
0.015,0.015,0.12,bitcoin,-1,-1,1.6502357427220347,2.2231748542824867,0.10696949252349952,1.8679864761828089,0.4492753623188406,1.5713576462670236,1619
0.015,0.015,0.12,ethereum,-1,-1,1.7166247722664154,2.7206180843819596,0.0753048422422833,3.013386825029343,0.42665816326530615,1.485759913128888,1619
0.015,0.015,0.12,binancecoin,-1,-1,1.5170025088284733,2.9614938924941514,0.14742013001348173,1.6209541389481255,0.43426042983565105,1.449754436742513,1619
0.015,0.015,0.12,solana,-1,-1,0.7933582106980056,0.7785847309281269,0.15574609767823727,0.6020455199142917,0.32036199095022627,1.219537626206842,1619
0.02,0.015,0.0,portfolio,1560,806,2.7960703785664034,5.459471172062427,0.042560665317877215,7.916451204378041,0.49875,1.9093137840619891,1619
0.02,0.015,0.0,bitcoin,-1,-1,1.9937268990745194,3.0582610751211083,0.06180770389777416,3.941645459734362,0.4763705103969754,1.6817529404423557,1619
0.02,0.015,0.0,ethereum,-1,-1,1.8628559413009937,4.314676070566631,0.09541473970993487,3.1121530693610078,0.47197452229299364,1.570075414997477,1619
0.02,0.015,0.0,binancecoin,-1,-1,1.7163838807760918,5.173454229485765,0.13304579456884527,2.4618452615682083,0.4801010739102969,1.5664851948404124,1619
0.02,0.015,0.0,solana,-1,-1,2.013870393320192,9.93785567233649,0.10398302836782983,4.338662749918959,0.4255725190839695,1.5966677135795078,1619
0.02,0.015,0.01,portfolio,3347,2993,-2.326888528551291,-0.14957882814974144,0.15059580511399548,-0.1653690376598264,0.3333333333333333,0.2045104107584212,1619
0.02,0.015,0.01,bitcoin,-1,-1,-1.3344118422177171,-0.15038686134913726,0.15038686134913726,-0.1665581109743636,0.46774193548387094,0.4002545452095751,1619
0.02,0.015,0.01,ethereum,-1,-1,-1.6492800150657505,-0.14878588463085596,0.15021096866052258,-0.1648509562018962,0.38095238095238093,0.29839729273794496,1619
0.02,0.015,0.01,binancecoin,-1,-1,-1.3818610976523453,-0.15082722833394213,0.1522036603305355,-0.16508686084453114,0.42028985507246375,0.42485879944675303,1619
0.02,0.015,0.01,solana,-1,-1,-2.23875567224328,-0.1499025129963013,0.15116609084382165,-0.16512738267505941,0.29347826086956524,0.20628128056827122,1619
0.02,0.015,0.02,portfolio,3357,2968,-1.3100790798276114,-0.14827049102049938,0.15048729058317922,-0.16393766459472012,0.36909871244635195,0.5815282066396679,1619
0.02,0.015,0.02,bitcoin,-1,-1,-0.7879499646564281,-0.15097085898300566,0.15097085898300566,-0.16660494734733103,0.42035398230088494,0.7101418240037751,1619
0.02,0.015,0.02,ethereum,-1,-1,-0.8652163223663791,-0.1504965600029876,0.15359028973147376,-0.1632117914187747,0.41203703703703703,0.7111566677413884,1619
0.02,0.015,0.02,binancecoin,-1,-1,-0.7840607025945714,-0.149073768447325,0.1520742067549764,-0.16316881148626738,0.375,0.6990524374239278,1619
0.02,0.015,0.02,solana,-1,-1,-1.3254848259880347,-0.14728709280110797,0.15004460199115954,-0.1632537249742944,0.3509933774834437,0.5424082391108331,1619
0.02,0.015,0.03,portfolio,3339,2565,-0.16035107710049445,-0.03315635701072839,0.11673387023239844,-0.044842080572948834,0.46226415094339623,0.9646706968139253,1619
0.02,0.015,0.03,bitcoin,-1,-1,0.4344112146204123,0.22355277646786464,0.12571901873608926,0.25375944652300425,0.4649842271293375,1.0951146369902403,1619
0.02,0.015,0.03,ethereum,-1,-1,-0.45449726378544747,-0.10234836696279159,0.152729609489141,-0.10911945867934564,0.38661710037174724,0.8486187638185593,1619
0.02,0.015,0.03,binancecoin,-1,-1,-0.3744898655232525,-0.08702644177505303,0.15240370404713666,-0.09233291775740834,0.36681222707423583,0.8442712589685478,1619
0.02,0.015,0.03,solana,-1,-1,-0.7747502927988162,-0.14592222967648694,0.15417475932145575,-0.15730505493193703,0.35384615384615387,0.7240064783859811,1619
0.02,0.015,0.05,portfolio,3000,1730,1.5211037909424359,0.8495931758415942,0.06735432937855623,1.491386774840371,0.463125,1.3246695462092715,1619
0.02,0.015,0.05,bitcoin,-1,-1,1.3981594222311753,1.268043366428012,0.06940690821402798,1.9586821959537388,0.4750788643533123,1.3753241546251345,1619
0.02,0.015,0.05,ethereum,-1,-1,0.9866410410506897,0.8312341083423394,0.1307532475195998,0.7551934169737531,0.43722115997450606,1.2111011113063141,1619
0.02,0.015,0.05,binancecoin,-1,-1,1.189885015789178,1.5095935744102347,0.1425000941835889,1.0805726291264623,0.4624131396083386,1.2844032388066007,1619
0.02,0.015,0.05,solana,-1,-1,0.09036538819850018,0.02660314881769188,0.15049646423067423,0.02721036624859961,0.33958891867739055,1.018711023056366,1619
0.02,0.015,0.08,portfolio,2542,1384,2.3792091585778867,2.0791601300710587,0.0570806982711176,3.3515945948806447,0.47375,1.592148015755291,1619
0.02,0.015,0.08,bitcoin,-1,-1,1.9290012675443218,2.5365384954982497,0.06463698885442892,3.3613969297814688,0.47132955261499687,1.6079331357929847,1619
0.02,0.015,0.08,ethereum,-1,-1,1.3829735227324675,1.7379473895312887,0.11679200033046357,1.4532743590148072,0.44522292993630574,1.3412080887652926,1619
0.02,0.015,0.08,binancecoin,-1,-1,1.6775225156918256,3.1722658803962354,0.1427899990903875,1.7438090358577494,0.4668351231838282,1.4570269841499108,1619
0.02,0.015,0.08,solana,-1,-1,0.9277493139492098,0.980692188443796,0.15053113717327957,0.7456526741372552,0.3574265289912629,1.217010682411433,1619
0.02,0.015,0.12,portfolio,2273,1312,2.4922662346511752,2.6957924683744348,0.05617844015857204,4.016572214180875,0.476875,1.7041607544863924,1619
0.02,0.015,0.12,bitcoin,-1,-1,1.8504625053759334,2.84454647506478,0.0809050536700505,2.882341299827476,0.4725897920604915,1.649132513110874,1619
0.02,0.015,0.12,ethereum,-1,-1,1.7288083061013955,2.974053225546254,0.08466696771888431,2.829578649140625,0.4547770700636943,1.473380921190875,1619
0.02,0.015,0.12,binancecoin,-1,-1,1.2962128797548294,1.558358114149438,0.1524715193678734,1.0326101047689407,0.4627949183303085,1.4333986880826324,1619
0.02,0.015,0.12,solana,-1,-1,1.528953869420595,3.204401476923242,0.11668587276345439,2.146712465479416,0.38549618320610685,1.3682644882084851,1619
0.03,0.015,0.0,portfolio,1169,595,3.0469279269454614,6.812704245559367,0.04314983986281,8.739352111462388,0.53125,2.0113349088211647,1619
0.03,0.015,0.0,bitcoin,-1,-1,1.9743263863679952,3.0936416606395225,0.07516461156975415,3.2635766428046273,0.49433962264150944,1.6641425047129195,1619
0.03,0.015,0.0,ethereum,-1,-1,2.1733045239685542,6.332504778944286,0.08739558101620733,4.160068384901844,0.5079465988556897,1.6854669256196646,1619
0.03,0.015,0.0,binancecoin,-1,-1,1.9524533341808716,7.216901333683699,0.12144020714115229,3.1946285390095386,0.5012626262626263,1.6585062612188255,1619
0.03,0.015,0.0,solana,-1,-1,2.073863041778417,11.5184607440867,0.13036985074338647,3.6968439057390197,0.4692063492063492,1.597696163833063,1619
0.03,0.015,0.01,portfolio,3354,2977,-1.6843569292963756,-0.1516868265188125,0.15270128263121924,-0.16555521530679368,0.4784688995215311,0.4217095345771994,1619
0.03,0.015,0.01,bitcoin,-1,-1,-0.8973875483902738,-0.15580044513683344,0.15580044513683344,-0.16699377860911893,0.6,0.6280590843873154,1619
0.03,0.015,0.01,ethereum,-1,-1,-1.2217224035428744,-0.15110913052281194,0.15253032502508723,-0.16506360483192323,0.574468085106383,0.4904460968356523,1619
0.03,0.015,0.01,binancecoin,-1,-1,-1.0027196308035253,-0.15244040826869654,0.15381422544701906,-0.16523386347320265,0.5521472392638037,0.5590010834604812,1619
0.03,0.015,0.01,solana,-1,-1,-1.5623552641251974,-0.15082280624944433,0.1520850161807131,-0.16521045224208342,0.546875,0.40035888311846096,1619
0.03,0.015,0.02,portfolio,3270,2638,-0.1599526404000915,-0.03222170796704138,0.11881057654091211,-0.04279896461715964,0.514159848961611,0.9646760830348379,1619
0.03,0.015,0.02,bitcoin,-1,-1,0.6631075598164139,0.3574970579583263,0.10552789722299144,0.4617126448454212,0.5189155107187894,1.1462870710408517,1619
0.03,0.015,0.02,ethereum,-1,-1,-0.6836312957868991,-0.14623847291180225,0.15332817715377384,-0.1585404216000827,0.5248868778280543,0.7584638303209891,1619
0.03,0.015,0.02,binancecoin,-1,-1,-0.5810882836393322,-0.1295678281599293,0.15647972730009727,-0.13655109807865987,0.4533333333333333,0.765270652818598,1619
0.03,0.015,0.02,solana,-1,-1,-0.7736065356572914,-0.14681822257710375,0.15311409349964716,-0.15943581228956671,0.5238095238095238,0.7165478673814099,1619
0.03,0.015,0.03,portfolio,3075,2192,1.264976715035237,0.43168367078598435,0.09361133683958922,0.6136559646922594,0.531875,1.268474255951739,1619
0.03,0.015,0.03,bitcoin,-1,-1,1.1458355026742841,0.848183448282404,0.09147250940859124,1.09673127683611,0.5015752993068683,1.2797239922225525,1619
0.03,0.015,0.03,ethereum,-1,-1,-0.31838080782693884,-0.0866007042299084,0.15034885980085194,-0.09311896835698724,0.48616600790513836,0.8870812182780816,1619
0.03,0.015,0.03,binancecoin,-1,-1,1.2895677297569585,1.5413444438086068,0.14595863334120865,1.0704550895253937,0.5056818181818182,1.2920089170775793,1619
0.03,0.015,0.03,solana,-1,-1,-0.2710224343824886,-0.07186381466433944,0.1500354470700467,-0.07692108200594026,0.4775510204081633,0.9026153349939086,1619
0.03,0.015,0.05,portfolio,2664,1482,2.1994306804287094,1.6796674048909366,0.04767947059207259,3.4778065240381655,0.50875,1.5096627437469166,1619
0.03,0.015,0.05,bitcoin,-1,-1,1.6754685020578326,1.8377651400461987,0.0757561988587507,2.326788593298705,0.5044080604534005,1.4775172932947949,1619
0.03,0.015,0.05,ethereum,-1,-1,1.557927047926992,1.845679735543642,0.12276942999434808,1.439924388431159,0.49300254452926207,1.3554570209777352,1619
0.03,0.015,0.05,binancecoin,-1,-1,1.7898402757064216,3.5388003389960048,0.11292333129741375,2.3509412684458777,0.5018939393939394,1.469480874236244,1619
0.03,0.015,0.05,solana,-1,-1,0.3710720992843846,0.26300609496284166,0.1503392411304834,0.2461921333332866,0.4269406392694064,1.0713531583864544,1619
0.03,0.015,0.08,portfolio,2149,1089,2.8622746374724786,3.4720304233836377,0.04902372194750405,5.35578060775553,0.513125,1.762410448156403,1619
0.03,0.015,0.08,bitcoin,-1,-1,1.9390429289154134,2.772458591687749,0.07650762917614319,3.0005893659539806,0.4949685534591195,1.6194424793936155,1619
0.03,0.015,0.08,ethereum,-1,-1,1.8499292914414676,3.166501329259548,0.07993971370703051,3.1114663835478744,0.4926891290527654,1.4819340333233981,1619
0.03,0.015,0.08,binancecoin,-1,-1,2.0247292591140447,4.989756108449927,0.1082159175835861,2.9691645051856606,0.49936868686868685,1.5720068550824493,1619
0.03,0.015,0.08,solana,-1,-1,1.4801793196912278,2.7235791928493462,0.1451959561550939,1.5639179128729228,0.4440914866581957,1.3146473080299386,1619
0.03,0.015,0.12,portfolio,1874,1154,3.006512117989508,3.930626212784982,0.03615482262359909,7.796794487799289,0.529375,1.9319323548924978,1619
0.03,0.015,0.12,bitcoin,-1,-1,1.8396377358208484,2.6390844197352266,0.07406181606266204,3.006925974832443,0.4930817610062893,1.6008300448061046,1619
0.03,0.015,0.12,ethereum,-1,-1,2.2064054266076423,5.256235501154255,0.06483840692430286,5.094101061640239,0.4996821360457724,1.635686190212303,1619
0.03,0.015,0.12,binancecoin,-1,-1,2.072542351948306,7.075223049005427,0.12882478346973267,2.9823761267904003,0.5,1.6647385104118797,1619
0.03,0.015,0.12,solana,-1,-1,1.3744984594449134,1.8003584294992199,0.15235068222872777,1.1410628043686573,0.4560117302052786,1.5018663467387598,1619
0.05,0.015,0.0,portfolio,801,330,3.044984446628591,6.8759461482220114,0.04432818895267589,8.546048187270252,0.535,1.9967467677622823,1619
0.05,0.015,0.0,bitcoin,-1,-1,1.9646019527599954,3.1488221639600074,0.06743412194155615,3.6762326313672244,0.5003142677561282,1.6599891954943318,1619
0.05,0.015,0.0,ethereum,-1,-1,2.0732929696904643,5.884827585885053,0.08739558101620742,4.007826171288716,0.5203045685279187,1.6350303659626726,1619
0.05,0.015,0.0,binancecoin,-1,-1,1.8303492339196001,6.308976353699304,0.11602260398690765,3.1277493991580454,0.51010101010101,1.59754174518818,1619
0.05,0.015,0.0,solana,-1,-1,2.2036275726253947,14.164650567842909,0.12019931011116201,4.383198751409329,0.49428934010152287,1.6288272153602328,1619
0.05,0.015,0.01,portfolio,3193,2547,-0.25423800767958493,-0.047671683743072846,0.11029264296174748,-0.06867224113145039,0.6167814652473388,0.9452618795064583,1619
0.05,0.015,0.01,bitcoin,-1,-1,0.25284961529928257,0.09413311826398263,0.1349826807043325,0.10446739862199036,0.6139798488664987,1.056767511654585,1619
0.05,0.015,0.01,ethereum,-1,-1,-0.7088184665164311,-0.14420563892061322,0.152766251961865,-0.15675893054961462,0.7258687258687259,0.7196384447931032,1619
0.05,0.015,0.01,binancecoin,-1,-1,0.09498040775483232,0.02484161824722597,0.15043090338773096,0.025438229085193973,0.6546227417640808,1.0253611415736963,1619
0.05,0.015,0.01,solana,-1,-1,-1.0353793532410631,-0.15921267180165266,0.16046241110641385,-0.165967363461491,0.7212121212121212,0.5299044982236828,1619
0.05,0.015,0.02,portfolio,2841,1930,1.4582734245241817,0.5719602608307095,0.06950920175563227,1.0493935225321644,0.574375,1.308297641121478,1619
0.05,0.015,0.02,bitcoin,-1,-1,1.4884238653043282,1.071550523889159,0.06638185482520388,1.808262706580472,0.5465408805031446,1.3684677755791703,1619
0.05,0.015,0.02,ethereum,-1,-1,0.5084453044134363,0.3114511080058602,0.13297813252003488,0.32415610916799986,0.5648854961832062,1.0998701749919144,1619
0.05,0.015,0.02,binancecoin,-1,-1,1.2757685873720945,1.4174516539558493,0.13419056235220572,1.0975603049675047,0.5622236260265319,1.2908207941424554,1619
0.05,0.015,0.02,solana,-1,-1,-0.4736993712915921,-0.12649236485686,0.15108541853065777,-0.1378695135121007,0.6333333333333333,0.8196744613663398,1619
0.05,0.015,0.03,portfolio,2650,1571,2.0111259857351005,1.1851322881442665,0.04903345106959773,2.6386159953380797,0.55375,1.4311947857015281,1619
0.05,0.015,0.03,bitcoin,-1,-1,1.6492423208920866,1.4956437672894691,0.06269515470590237,2.440075657348883,0.5232704402515723,1.4333734656355284,1619
0.05,0.015,0.03,ethereum,-1,-1,1.2079664792366829,1.1492178999106084,0.08968655052664712,1.4101439692348536,0.5286259541984732,1.257765079470769,1619
0.05,0.015,0.03,binancecoin,-1,-1,1.5595320238035069,2.3923909902463993,0.1153042698766468,1.8161647459188668,0.5315656565656566,1.3761433625146708,1619
0.05,0.015,0.03,solana,-1,-1,0.2642274473223227,0.14240185774591563,0.1616810092234224,0.12950536884523148,0.5451745379876797,1.0556157837840445,1619
0.05,0.015,0.05,portfolio,2176,1111,2.747387373777845,2.963094063299436,0.03538349784254252,6.755667694070608,0.55125,1.6821915511257586,1619
0.05,0.015,0.05,bitcoin,-1,-1,1.8648723971271837,2.280799848878045,0.06064538964078559,3.3494958453858885,0.5138364779874214,1.5485174973858051,1619
0.05,0.015,0.05,ethereum,-1,-1,1.880872849805926,3.01120011992871,0.0749254605655802,3.2214451271249387,0.5212698412698412,1.4595156551941213,1619
0.05,0.015,0.05,binancecoin,-1,-1,1.75871932794967,3.80854053415184,0.14182133709434933,1.9524481972255545,0.5189393939393939,1.473392690662134,1619
0.05,0.015,0.05,solana,-1,-1,1.4138978142191463,2.421958015962371,0.1453337006744339,1.4521494018430097,0.5003174603174603,1.2804587689535505,1619
0.05,0.015,0.08,portfolio,1709,770,3.051457253675915,4.4018460991176065,0.03854823372408694,7.788518369985372,0.5375,1.8323692956135755,1619
0.05,0.015,0.08,bitcoin,-1,-1,1.9921885211227175,3.032276868404563,0.06743412194155587,3.594341895929256,0.5047140163419234,1.6430467032087224,1619
0.05,0.015,0.08,ethereum,-1,-1,1.9963317668400116,4.085274785779989,0.0824735048745044,3.492862460342192,0.516497461928934,1.5325043691449396,1619
0.05,0.015,0.08,binancecoin,-1,-1,1.8643509015331907,4.7241686187875835,0.10966031680212257,2.8452967375033533,0.514520202020202,1.5318158001548925,1619
0.05,0.015,0.08,solana,-1,-1,1.8936066126621391,5.247739465423658,0.12019931011116296,2.745540244643437,0.491751269035533,1.4225830211199018,1619
0.05,0.015,0.12,portfolio,1312,587,3.1703299366562985,5.677052957596413,0.038175176485373295,9.006933562474812,0.543125,1.9475591854429555,1619
0.05,0.015,0.12,bitcoin,-1,-1,1.8802899213202942,2.800191091097187,0.06695121678277956,3.449833583831796,0.5009428032683847,1.6136380015297176,1619
0.05,0.015,0.12,ethereum,-1,-1,2.184384418345448,5.680063237202377,0.08247350487450572,4.1702552052666135,0.5177664974619289,1.631218381521334,1619
0.05,0.015,0.12,binancecoin,-1,-1,1.9346263576847138,6.2634347512294415,0.1290580247638793,2.8015641723003712,0.5119949494949495,1.6031598423200395,1619
0.05,0.015,0.12,solana,-1,-1,2.059251993099787,8.070086802645594,0.12560797744090973,3.2598514994742804,0.4866751269035533,1.4994171201497242,1619
0.07,0.015,0.0,portfolio,520,199,3.02589417874075,6.762241094151744,0.04550653804254164,8.256249997870736,0.54375,1.9811441441851176,1619
0.07,0.015,0.0,bitcoin,-1,-1,1.9056781328898569,3.0469795694955186,0.06283918843080372,3.8683713199959824,0.507537688442211,1.63695204473585,1619
0.07,0.015,0.0,ethereum,-1,-1,2.0413401361689707,5.8201704552416835,0.0873955810162075,3.985151790565123,0.5291878172588832,1.6183191239607568,1619
0.07,0.015,0.0,binancecoin,-1,-1,1.8501068995351992,6.559953875085509,0.11354593831191011,3.259214665796044,0.5138888888888888,1.604556959307856,1619
0.07,0.015,0.0,solana,-1,-1,2.1418215575537625,13.229143618766837,0.14523718161508298,3.523886728569788,0.502213788741303,1.6014611177030509,1619
0.07,0.015,0.01,portfolio,2930,2316,0.5591008874946894,0.1401097466448864,0.07285657599483374,0.28301426547166153,0.640625,1.1251321333789892,1619
0.07,0.015,0.01,bitcoin,-1,-1,0.9376152884915545,0.46811274169402783,0.08194644678019211,0.7515751672278987,0.6197360150848523,1.2346017505957019,1619
0.07,0.015,0.01,ethereum,-1,-1,-0.27412263854173247,-0.08807190184443503,0.15025443229131819,-0.09482378918793724,0.6824877250409165,0.9081023356777144,1619
0.07,0.015,0.01,binancecoin,-1,-1,0.628498049091452,0.42534887379810526,0.11299449191845355,0.5019316618291716,0.6704617330803289,1.1526128340701656,1619
0.07,0.015,0.01,solana,-1,-1,-0.6971059117887817,-0.14636993391683695,0.15395467213735006,-0.1580471670351113,0.7953216374269005,0.6081503157160553,1619
0.07,0.015,0.02,portfolio,2502,1783,1.9098198936898536,0.8754160013048284,0.07439397134814811,1.3822192582880468,0.58875,1.4368080297997685,1619
0.07,0.015,0.02,bitcoin,-1,-1,1.6983717663467455,1.3945123017061158,0.06143432959961083,2.36969923655981,0.5531112507856694,1.4435074673598927,1619
0.07,0.015,0.02,ethereum,-1,-1,1.0826700969527943,0.8710493009587748,0.13171107921517147,0.7776771880552641,0.5834920634920635,1.231786250429971,1619
0.07,0.015,0.02,binancecoin,-1,-1,1.3405479846077932,1.6640319545329403,0.11937303242061187,1.3801991215882163,0.5698041692987997,1.32115019409395,1619
0.07,0.015,0.02,solana,-1,-1,-0.09200161455356336,-0.03136456224075823,0.15357610830791146,-0.03221766599535027,0.7228260869565217,0.952393969720705,1619
0.07,0.015,0.03,portfolio,2262,1364,2.3690960684343265,1.6208600878120616,0.05042470259338188,3.2087498500900256,0.573125,1.543206360790324,1619
0.07,0.015,0.03,bitcoin,-1,-1,1.662934622841696,1.5873730829488117,0.06557654874087393,2.431923234585635,0.5273412947831553,1.4460957294531138,1619
0.07,0.015,0.03,ethereum,-1,-1,1.6338856210665216,1.954011983058077,0.09020025516131684,2.035938705266109,0.5457433290978398,1.3733152691996078,1619
0.07,0.015,0.03,binancecoin,-1,-1,1.6453985729055014,2.8681260506080135,0.1034512897443853,2.265512714715742,0.5362776025236593,1.4157784967913007,1619
0.07,0.015,0.03,solana,-1,-1,0.6103466243599897,0.442012286187234,0.16695518561690986,0.35116597596414223,0.5698602794411177,1.138193347276491,1619
0.07,0.015,0.05,portfolio,1838,1081,2.8690426888553953,2.9332847160009674,0.0382621039384306,6.209378743989112,0.56,1.7405112382005343,1619
0.07,0.015,0.05,bitcoin,-1,-1,1.872811863427075,2.3592577665403804,0.06793460284617399,3.0553697430664593,0.5204274041483343,1.5607431451377598,1619
0.07,0.015,0.05,ethereum,-1,-1,1.9904955174234653,3.5920256848743675,0.07821456234599863,3.423590374884479,0.533968253968254,1.5022536567650702,1619
0.07,0.015,0.05,binancecoin,-1,-1,1.8208796280770116,4.3057176013620495,0.10885320266941893,2.724814232108103,0.5261829652996846,1.4986551702590423,1619
0.07,0.015,0.05,solana,-1,-1,1.296650383877986,1.5770690291953322,0.1556902958596016,1.0196987016834818,0.5233830845771145,1.3260743541593378,1619
0.07,0.015,0.08,portfolio,1318,590,3.1206190573862536,4.74728699290495,0.036657429608468975,8.53413677500893,0.553125,1.8628372109131695,1619
0.07,0.015,0.08,bitcoin,-1,-1,1.9551077271450135,3.0018816159958988,0.06283918843080398,3.833896477384877,0.5113065326633166,1.6318192253868555,1619
0.07,0.015,0.08,ethereum,-1,-1,2.019650201786784,4.31819736502848,0.08531447773641301,3.4821638451175185,0.5298223350253807,1.5443844413652297,1619
0.07,0.015,0.08,binancecoin,-1,-1,1.7356050377017187,4.35248062804854,0.11136621078282068,2.679241222982879,0.5138888888888888,1.4943113743157,1619
0.07,0.015,0.08,solana,-1,-1,2.118770518309282,7.170605283784697,0.12987345661049918,2.9777927426673383,0.5173940543959519,1.4895345895775896,1619
0.07,0.015,0.12,portfolio,969,431,3.2382870062847404,6.08837164427725,0.039424018525041016,9.040267062459122,0.553125,1.9805231984668337,1619
0.07,0.015,0.12,bitcoin,-1,-1,1.8797096117295964,2.894836838192976,0.0634433770440961,3.715015024399089,0.5087939698492462,1.6198293942308029,1619
0.07,0.015,0.12,ethereum,-1,-1,2.2197161896958923,6.064757495932762,0.08531447773641214,4.169272663542944,0.5298223350253807,1.642258478172874,1619
0.07,0.015,0.12,binancecoin,-1,-1,1.8949069835955612,6.272396588268093,0.132030969295078,2.740460735884215,0.5164141414141414,1.5931338449562114,1619
0.07,0.015,0.12,solana,-1,-1,2.1823833086063678,9.543801253124494,0.14362151636658083,3.083683115428032,0.5041113219481341,1.5385093777938574,1619
0.1,0.015,0.0,portfolio,312,103,3.0346146313580915,6.886852532770448,0.04727406167734055,8.019786065555882,0.55,1.9907524150865121,1619
0.1,0.015,0.0,bitcoin,-1,-1,1.9144288608983706,3.1074426958223453,0.0666325759589867,3.69125788196105,0.5087829360100377,1.6445510866417525,1619
0.1,0.015,0.0,ethereum,-1,-1,1.9411732373006898,5.27178395278931,0.09553196089374882,3.4627936215941,0.5298223350253807,1.5818490178027635,1619
0.1,0.015,0.0,binancecoin,-1,-1,1.8561356611615674,6.691904272418464,0.10807418940824626,3.458416434918393,0.5189155107187894,1.6096648902266633,1619
0.1,0.015,0.0,solana,-1,-1,2.209505515310947,14.907604412039268,0.13593654335039637,3.959693878981614,0.5091714104996837,1.626257136139649,1619
0.1,0.015,0.01,portfolio,2772,2235,0.7791548829218774,0.22277243840680794,0.08171316114917769,0.3891652779640828,0.653125,1.1914786337131953,1619
0.1,0.015,0.01,bitcoin,-1,-1,1.2052728520852858,0.6705224990589562,0.07605621589737487,1.093228489074028,0.6115650534255186,1.315147063876494,1619
0.1,0.015,0.01,ethereum,-1,-1,-0.25515885784513165,-0.09296907051147285,0.1529046793208893,-0.09858121130530663,0.6975425330812854,0.9026376618157398,1619
0.1,0.015,0.01,binancecoin,-1,-1,0.8093813036404616,0.656062847270519,0.14135158788381225,0.5778651337961375,0.672566371681416,1.214717673726387,1619
0.1,0.015,0.01,solana,-1,-1,-0.6060903418400249,-0.14655427940320853,0.16766166005152763,-0.14532182603682517,0.8047337278106509,0.6147912401575651,1619
0.1,0.015,0.02,portfolio,2441,1881,1.52373303393417,0.5560653750503732,0.07469944072456149,0.9537765869360757,0.5953721075672295,1.3693301575052552,1619
0.1,0.015,0.02,bitcoin,-1,-1,1.7477231674235976,1.4971726301813248,0.07128160850462567,2.147690507346676,0.549278091650973,1.4671011486266015,1619
0.1,0.015,0.02,ethereum,-1,-1,0.19456046912095137,0.07152507107897521,0.15171119852645565,0.07125968103322533,0.5733532934131736,1.0647180065893667,1619
0.1,0.015,0.02,binancecoin,-1,-1,1.1498553018617228,1.1057152981179619,0.1564245435877316,0.7856261878171935,0.5721925133689839,1.2742116150690208,1619
0.1,0.015,0.02,solana,-1,-1,-0.022414494671670677,-0.012538201104015045,0.16092881779676535,-0.012191739592059169,0.7368421052631579,0.9866162209786887,1619
0.1,0.015,0.03,portfolio,1942,1193,2.3983760448068625,1.7803213768932,0.058804712881519276,2.93395541106214,0.5775,1.576793252894085,1619
0.1,0.015,0.03,bitcoin,-1,-1,1.7978244600023283,1.840909266200792,0.06262019429908872,2.81812314068283,0.5279347143753923,1.4988628655289802,1619
0.1,0.015,0.03,ethereum,-1,-1,1.5745152233450912,2.013992979385965,0.11611101763987301,1.613554136861874,0.5498412698412698,1.373695207719235,1619
0.1,0.015,0.03,binancecoin,-1,-1,1.4473808849292729,2.4187198844113653,0.12750337570660128,1.653821312033706,0.5400630914826499,1.3742972510445715,1619
0.1,0.015,0.03,solana,-1,-1,0.9266486753340227,0.8278272588435462,0.15044366029999903,0.6542354217789448,0.5850746268656717,1.2260471890375122,1619
0.1,0.015,0.05,portfolio,1541,941,2.8198227138835463,3.061585177107763,0.04743892097935322,5.138872250834956,0.5625,1.75501727503657,1619
0.1,0.015,0.05,bitcoin,-1,-1,1.9605409677798085,2.6305683247775433,0.06324087538679388,3.514381893167036,0.519774011299435,1.6033866152961758,1619
0.1,0.015,0.05,ethereum,-1,-1,1.857062756276131,3.355997437411066,0.09148752555420205,2.8135482461204155,0.5371428571428571,1.4766671545279084,1619
0.1,0.015,0.05,binancecoin,-1,-1,1.6986851319818093,3.998590042876951,0.12551455575640605,2.267674487961208,0.5299684542586751,1.4753713644812314,1619
0.1,0.015,0.05,solana,-1,-1,1.4287352166294536,2.0046934694117566,0.15592741098769247,1.1978678829596772,0.5387673956262425,1.3768451368431605,1619
0.1,0.015,0.08,portfolio,999,431,3.100688316047914,4.940849567843468,0.04261275564667474,7.500706874770867,0.56,1.8735891106713827,1619
0.1,0.015,0.08,bitcoin,-1,-1,1.9578979191357062,3.058843025057313,0.06663257595898682,3.656647042021016,0.5125470514429109,1.6406900412122396,1619
0.1,0.015,0.08,ethereum,-1,-1,1.9213789006630266,3.986857239651033,0.09544098062895537,2.9772991791134404,0.5323604060913706,1.5187343136429954,1619
0.1,0.015,0.08,binancecoin,-1,-1,1.6922636148715486,4.333093603619034,0.1261175359314162,2.3600510401777504,0.5220680958385876,1.4937756880084039,1619
0.1,0.015,0.08,solana,-1,-1,2.221508564667535,8.771130945568645,0.1258099103599412,3.3851997401637335,0.5249841872232764,1.529809240096899,1619
0.1,0.015,0.12,portfolio,703,309,3.172363896195013,6.2253166780748215,0.04386875161357557,8.216547278619263,0.558125,1.9738879270307683,1619
0.1,0.015,0.12,bitcoin,-1,-1,1.8906595992389417,2.9580862387907723,0.06723431897113843,3.5516880069109664,0.5106649937264742,1.6272606233595164,1619
0.1,0.015,0.12,ethereum,-1,-1,2.0954378848147086,5.553933728562781,0.09544098062895644,3.5619287232987613,0.5310913705583756,1.604628312285356,1619
0.1,0.015,0.12,binancecoin,-1,-1,1.8091645723949477,5.993931118411878,0.12087203678960076,2.925199335426099,0.5220680958385876,1.5758145189815553,1619
0.1,0.015,0.12,solana,-1,-1,2.26886730857496,11.453198371720251,0.13298225712476147,3.6151573805919726,0.512966476913346,1.577084487197704,1619
0.0,0.02,0.0,portfolio,0,0,3.012513506015954,6.5202324882012155,0.049471618809020734,7.457763228988467,0.544375,1.9870694605492532,1619
0.0,0.02,0.0,bitcoin,-1,-1,1.9357205832460966,3.1793244957888422,0.06969701606580318,3.577300284889643,0.5069182389937107,1.649039750194396,1619
0.0,0.02,0.0,ethereum,-1,-1,1.9456665615590143,5.306831628211462,0.10779746979897373,3.079499794726924,0.5324427480916031,1.5927102643074111,1619
0.0,0.02,0.0,binancecoin,-1,-1,1.6631388599514558,4.736654221929216,0.09923944107981805,3.148558369337626,0.514520202020202,1.5385861485699208,1619
0.0,0.02,0.0,solana,-1,-1,2.2743723390572934,16.293099939342916,0.12391946835486027,4.506094289870814,0.5161494616846105,1.6529315930705606,1619
0.0,0.02,0.01,portfolio,3139,2475,1.5130733571280481,0.42015082944455884,0.04638027866295262,1.2098839383769873,0.715,1.334704135741025,1619
0.0,0.02,0.01,bitcoin,-1,-1,0.6959205793474466,0.26329110248870013,0.06739927598372455,0.5496907579419036,0.6670870113493065,1.1630614085649915,1619
0.0,0.02,0.01,ethereum,-1,-1,-0.04402257769963481,-0.016669185588510937,0.1529508675845006,-0.01708414149284553,0.7321156773211568,0.9851749768058908,1619
0.0,0.02,0.01,binancecoin,-1,-1,1.3132581011242141,0.8472717716521561,0.09982908500224272,1.0040787366828021,0.7269279393173198,1.3338028965786135,1619
0.0,0.02,0.01,solana,-1,-1,1.276596573566146,0.7184086719477734,0.06884322767269233,1.277135741213838,0.8227040816326531,1.3117308564105434,1619
0.0,0.02,0.02,portfolio,2955,2025,2.173825849294064,1.0298525084058383,0.032191077119548196,3.6189052780944704,0.64125,1.4763463912868084,1619
0.0,0.02,0.02,bitcoin,-1,-1,1.439923947493237,0.9863873987777658,0.06207533014746033,1.8161986719611414,0.5633270321361059,1.352343301935227,1619
0.0,0.02,0.02,ethereum,-1,-1,0.18346207771628606,0.06384333491960281,0.15093412733373382,0.06413086828909252,0.6248085758039816,1.06423183598095,1619
0.0,0.02,0.02,binancecoin,-1,-1,1.3313149500131534,1.4092942582648793,0.11432416501529342,1.2830077540836196,0.5891276864728192,1.318137157400844,1619
0.0,0.02,0.02,solana,-1,-1,1.843536729140805,2.1178179154631844,0.11313815802697531,1.7114218782876127,0.6957908163265306,1.3883367488968887,1619
0.0,0.02,0.03,portfolio,2700,1513,2.43780542982975,1.5936930581033266,0.0355171942151483,4.502537805156841,0.58375,1.5607062175097082,1619
0.0,0.02,0.03,bitcoin,-1,-1,1.6179693616435733,1.4132839865476776,0.0681216271379597,2.157525475913744,0.535264483627204,1.4199712629685,1619
0.0,0.02,0.03,ethereum,-1,-1,1.2559768517644039,1.2941846559879089,0.1313990345177954,1.0500392857397036,0.5609444798978941,1.289383215803876,1619
0.0,0.02,0.03,binancecoin,-1,-1,1.4958081333357596,2.0972708307647583,0.1255334970430617,1.5326530945352692,0.5486111111111112,1.372572284489025,1619
0.0,0.02,0.03,solana,-1,-1,1.4634956516947009,1.407558079834339,0.15503538619230206,0.9452689297007187,0.624,1.3692757984142625,1619
0.0,0.02,0.05,portfolio,2001,950,3.093507897577604,3.5423245243358323,0.032781315846857874,8.103061278408012,0.569375,1.8000705313162588,1619
0.0,0.02,0.05,bitcoin,-1,-1,1.837447250150686,2.1661523825205826,0.06807088164444537,2.8865306341137957,0.5242290748898678,1.5343100258016498,1619
0.0,0.02,0.05,ethereum,-1,-1,1.7272611640787643,2.746682737495272,0.08814303894479047,2.5896149412977847,0.5455124124761298,1.4403737752074695,1619
0.0,0.02,0.05,binancecoin,-1,-1,1.7071800580757746,3.2869191543366387,0.1088040172267686,2.33704479570962,0.5303030303030303,1.4602734791170222,1619
0.0,0.02,0.05,solana,-1,-1,2.238094561236003,6.332892877257486,0.14543071216207246,2.5000415769353532,0.549492385786802,1.4939770362417035,1619
0.0,0.02,0.08,portfolio,1213,512,3.122038259090926,4.746795510068295,0.050648440054575423,6.176341115099272,0.555625,1.8814884677309844,1619
0.0,0.02,0.08,bitcoin,-1,-1,1.970278414300633,2.964513538837907,0.06969830207514825,3.430617569196651,0.5144654088050314,1.6283523855033162,1619
0.0,0.02,0.08,ethereum,-1,-1,1.8678590964594994,3.9321613220287466,0.10085815543459219,2.795548202368235,0.5337150127226463,1.5171656451019564,1619
0.0,0.02,0.08,binancecoin,-1,-1,1.6094272059325658,3.338781602449644,0.12902814275173172,1.9889440551341186,0.5227272727272727,1.4533698136273168,1619
0.0,0.02,0.08,solana,-1,-1,2.312681296198518,9.937867335787406,0.12877133258749457,3.5034780148296236,0.5392902408111534,1.5685754589903445,1619
0.0,0.02,0.12,portfolio,668,288,3.2063359656467534,6.24360906351442,0.049270546789294184,7.326592210131116,0.5575,1.9988463330432082,1619
0.0,0.02,0.12,bitcoin,-1,-1,1.9071726250720265,3.3160387269777667,0.07329779289965639,3.4871747196898277,0.5088050314465409,1.664477328125559,1619
0.0,0.02,0.12,ethereum,-1,-1,1.9483512213879377,4.88898044413545,0.10779746979897373,2.9483604279035314,0.5311704834605598,1.5712800806143634,1619
0.0,0.02,0.12,binancecoin,-1,-1,1.699890867619712,4.581859921161147,0.12417501469220552,2.471390647937377,0.5195707070707071,1.530903578549175,1619
0.0,0.02,0.12,solana,-1,-1,2.4568887906771253,15.063497634756711,0.1205983641715226,4.48268004453698,0.5237492083597214,1.6450794905756208,1619
0.005,0.02,0.0,portfolio,2825,2066,1.1969819806652333,0.7262143876645959,0.054419421211534626,1.6297467156228853,0.38,1.3930822325394907,1619
0.005,0.02,0.0,bitcoin,-1,-1,0.9297283075727025,0.7182768765671292,0.14864048217958978,0.591421377280408,0.28148614609571787,1.3160235536987483,1619
0.005,0.02,0.0,ethereum,-1,-1,0.15706685924811714,0.06152617860817222,0.15023201683469753,0.062149968726063466,0.2488619119878604,1.0835805381766017,1619
0.005,0.02,0.0,binancecoin,-1,-1,1.1301551013010327,1.8327260966637735,0.12152265130534297,1.4478231205999121,0.3173198482932996,1.4094742572844778,1619
0.005,0.02,0.0,solana,-1,-1,0.5706168551075078,0.5396006284382338,0.1503552390592729,0.4620680577190504,0.19736842105263158,1.3185183902910131,1619
0.005,0.02,0.01,portfolio,3318,3025,-3.75294438342075,-0.15055010568574967,0.15055010568574967,-0.16657119917931895,0.11475409836065574,0.11004045080493118,1619
0.005,0.02,0.01,bitcoin,-1,-1,-2.898184836976305,-0.15058366882676955,0.15058366882676955,-0.16657389050000856,0.08275862068965517,0.12346529801587199,1619
0.005,0.02,0.01,ethereum,-1,-1,-2.7057841800953955,-0.14902004317741302,0.15077135276085102,-0.16451523310830138,0.12921348314606743,0.2631347207593608,1619
0.005,0.02,0.01,binancecoin,-1,-1,-2.6862105845981183,-0.15189315049712804,0.15189315049712804,-0.16667899421802204,0.10759493670886076,0.1963411410041113,1619
0.005,0.02,0.01,solana,-1,-1,-3.5450351971468415,-0.15103388991227396,0.15103388991227396,-0.1666100047334101,0.08771929824561403,0.14177061994065998,1619
0.005,0.02,0.02,portfolio,3329,3014,-2.545743013720474,-0.1488585118588649,0.14912679052206534,-0.16613630478950522,0.145748987854251,0.3200628997629394,1619
0.005,0.02,0.02,bitcoin,-1,-1,-1.7165791178330883,-0.1496172274080405,0.1505730277347895,-0.1654395678776944,0.1,0.3977219287198374,1619
0.005,0.02,0.02,ethereum,-1,-1,-1.6793231184035537,-0.14569963558398613,0.15081507078039127,-0.16054688921573992,0.11304347826086956,0.4709974703329003,1619
0.005,0.02,0.02,binancecoin,-1,-1,-1.7039635722685258,-0.1501808474267864,0.1501808474267864,-0.1665415980379515,0.09844559585492228,0.3958021185445824,1619
0.005,0.02,0.02,solana,-1,-1,-2.5917460264154166,-0.15088948993105233,0.15088948993105233,-0.16659841924493604,0.08152173913043478,0.2651307085481248,1619
0.005,0.02,0.03,portfolio,3342,2993,-1.8596240705521718,-0.14818621114026453,0.1488754788677342,-0.16561164942600862,0.18203309692671396,0.4760439123085763,1619
0.005,0.02,0.03,bitcoin,-1,-1,-1.2992319002138628,-0.15180621163379981,0.15180621163379981,-0.16667201010662067,0.10047846889952153,0.47359842225227206,1619
0.005,0.02,0.03,ethereum,-1,-1,-1.0230854136111789,-0.1420598791647688,0.1505488279935818,-0.1565402600704454,0.1477832512315271,0.6574895232108114,1619
0.005,0.02,0.03,binancecoin,-1,-1,-1.190512775548571,-0.15129733089772868,0.15129733089772868,-0.1666311472564653,0.1103202846975089,0.5526663053405638,1619
0.005,0.02,0.03,solana,-1,-1,-2.0328219229125355,-0.14973079069352802,0.15007521779107214,-0.1661234056496051,0.07772020725388601,0.33942003942586374,1619
0.005,0.02,0.05,portfolio,3311,2715,-0.41050121646719295,-0.0798825740513538,0.10462094214338513,-0.12306347694918443,0.2617407639323732,0.916581145715878,1619
0.005,0.02,0.05,bitcoin,-1,-1,-0.9653061396298176,-0.1477009844021201,0.1511691560478059,-0.16252690576975976,0.10121457489878542,0.5803645021298328,1619
0.005,0.02,0.05,ethereum,-1,-1,-0.26500834191569345,-0.10369238106137413,0.15077202614324034,-0.11205715067955453,0.19526143790849673,0.9298771860991542,1619
0.005,0.02,0.05,binancecoin,-1,-1,0.18128770704907637,0.07694595506796809,0.13011086929767784,0.08919437086421193,0.24083438685208597,1.0451428364971795,1619
0.005,0.02,0.05,solana,-1,-1,-1.0238255679782946,-0.14950220148021154,0.15280674588952742,-0.16288684195989203,0.09171597633136094,0.6233388490162652,1619
0.005,0.02,0.08,portfolio,3220,2633,-0.015222474836574428,-0.007449874091090547,0.0825936495060353,-0.014083999904512572,0.2727860374919198,0.9963313784970029,1619
0.005,0.02,0.08,bitcoin,-1,-1,-0.6579820088065175,-0.13103355301388464,0.15058883147664043,-0.14359739013983777,0.14788732394366197,0.6829827424558176,1619
0.005,0.02,0.08,ethereum,-1,-1,-0.17990199352253286,-0.061612177264599666,0.15047849975189526,-0.0654536464953055,0.2226950354609929,0.9337474984856658,1619
0.005,0.02,0.08,binancecoin,-1,-1,0.5024658355609538,0.32513559672168535,0.1510906129717433,0.2964607347129362,0.263671875,1.1414926673413213,1619
0.005,0.02,0.08,solana,-1,-1,-0.4320756366767508,-0.12973142809466232,0.1507205905100661,-0.14195877816905167,0.11348684210526316,0.8412566933841218,1619
0.005,0.02,0.12,portfolio,3117,2397,0.5498044973184482,0.17620979078648769,0.07794044780887395,0.3282456500140867,0.29893683552220135,1.1418483266237398,1619
0.005,0.02,0.12,bitcoin,-1,-1,-0.4677199448266165,-0.10711333808866186,0.15022258711832248,-0.11636112315586238,0.16172506738544473,0.7814757620164,1619
0.005,0.02,0.12,ethereum,-1,-1,0.7747271243462824,0.5592626976183792,0.11123660593512716,0.6435731434538965,0.23405612244897958,1.2474898602969442,1619
0.005,0.02,0.12,binancecoin,-1,-1,0.5143661957127522,0.3894010966227581,0.1501892219783053,0.34970831548871445,0.2723185613359024,1.1557306648253656,1619
0.005,0.02,0.12,solana,-1,-1,-0.13712392413118984,-0.06234316436539866,0.15161449482070152,-0.06575533302504806,0.13864306784660768,0.9481610561064,1619
0.01,0.02,0.0,portfolio,2085,1263,2.3481891032151676,3.062278583408901,0.04617396235238918,5.280369958865443,0.451875,1.7320763761874864,1619
0.01,0.02,0.0,bitcoin,-1,-1,1.6808086186835807,2.1124138070393186,0.10095088069252292,1.914840684697407,0.40428211586901763,1.5778101194149625,1619
0.01,0.02,0.0,ethereum,-1,-1,1.6594970281800008,3.1161252544521574,0.09556454161922473,2.578023228522856,0.4016549968173138,1.557197109306245,1619
0.01,0.02,0.0,binancecoin,-1,-1,1.299479597748181,2.468013077625068,0.1389916857656617,1.5365590320593492,0.4075709779179811,1.4272333956474934,1619
0.01,0.02,0.0,solana,-1,-1,1.524501065157207,4.2079922298212145,0.11446816850199296,2.558425186740186,0.32249840662842577,1.4823107512348377,1619
0.01,0.02,0.01,portfolio,3343,3001,-2.95391812474944,-0.149934520473883,0.15095107208313416,-0.16540045003731266,0.18,0.15323230779519362,1619
0.01,0.02,0.01,bitcoin,-1,-1,-1.9938382264687073,-0.1502035374202937,0.1502035374202937,-0.16654341650487103,0.2542372881355932,0.24018178462801745,1619
0.01,0.02,0.01,ethereum,-1,-1,-2.2158785482209127,-0.14900503495163953,0.15042975208463866,-0.16487102370060022,0.22580645161290322,0.2727356943397508,1619
0.01,0.02,0.01,binancecoin,-1,-1,-1.9632590958643903,-0.15152200218197764,0.15289730801321724,-0.16515018111299523,0.22695035460992907,0.3136416012719773,1619
0.01,0.02,0.01,solana,-1,-1,-2.8774746587080835,-0.1496651990507032,0.15092912963970218,-0.1651059591178597,0.18181818181818182,0.19556102588115173,1619
0.01,0.02,0.02,portfolio,3337,3006,-1.959779512472052,-0.14834484080693344,0.15056144685914746,-0.16394494090476633,0.26339285714285715,0.4214764301160802,1619
0.01,0.02,0.02,bitcoin,-1,-1,-1.5566444372359007,-0.1521396621725456,0.1521396621725456,-0.1666988020990316,0.22695035460992907,0.3838129694011659,1619
0.01,0.02,0.02,ethereum,-1,-1,-1.1992800637172487,-0.14701361745442776,0.1512806594786514,-0.16159798808514,0.2463768115942029,0.6048912724641127,1619
0.01,0.02,0.02,binancecoin,-1,-1,-1.1015527680911505,-0.14774832400911364,0.15075343594665164,-0.16303103301681104,0.23529411764705882,0.5902728587149353,1619
0.01,0.02,0.02,solana,-1,-1,-1.7778368442395327,-0.14848414007649446,0.1532964361597286,-0.16118195744721664,0.18562874251497005,0.4300157195664504,1619
0.01,0.02,0.03,portfolio,3370,2942,-1.2368702333351265,-0.14418978005889405,0.14761781250099065,-0.16220711150565403,0.2883817427385892,0.6559593609440694,1619
0.01,0.02,0.03,bitcoin,-1,-1,-0.8220589666848068,-0.14836639346740732,0.15082953291628934,-0.16367901487687378,0.25984251968503935,0.6974612163675139,1619
0.01,0.02,0.03,ethereum,-1,-1,-0.6745828377644051,-0.14337435062852044,0.1510094995588723,-0.15760572069192233,0.2709677419354839,0.8032785148328633,1619
0.01,0.02,0.03,binancecoin,-1,-1,-0.8325770929022625,-0.1491864210807724,0.15380123702187246,-0.16146725671395418,0.21554770318021202,0.7036427016348092,1619
0.01,0.02,0.03,solana,-1,-1,-1.2333162398195259,-0.14081725419643887,0.15014248674940986,-0.15549867104696063,0.17679558011049723,0.554225624612243,1619
0.01,0.02,0.05,portfolio,3316,2525,0.34618391618890837,0.0818504146555703,0.1014460315996993,0.1214522918559494,0.35889377749842866,1.073595502821066,1619
0.01,0.02,0.05,bitcoin,-1,-1,-0.22400411273446347,-0.05870537068027204,0.1514906127875619,-0.061869066029500035,0.32727272727272727,0.9190286253925323,1619
0.01,0.02,0.05,ethereum,-1,-1,0.6809971867822896,0.4236720230520812,0.10454179764024704,0.5406633175221538,0.32802547770700635,1.156958709928911,1619
0.01,0.02,0.05,binancecoin,-1,-1,0.29422980023064993,0.1320193353890542,0.15129075956441126,0.12881654691474909,0.3225806451612903,1.0763370331035822,1619
0.01,0.02,0.05,solana,-1,-1,-0.5940745904375686,-0.12562871547084187,0.1527456904332044,-0.13538481260594612,0.15737704918032788,0.7772556127425827,1619
0.01,0.02,0.08,portfolio,2895,1825,1.3824955094498548,0.6912352552044194,0.07714827692291112,1.1047083921509837,0.399375,1.3139379237145887,1619
0.01,0.02,0.08,bitcoin,-1,-1,1.204879749981023,1.047060910623749,0.14130734106491616,0.8348080044180877,0.3853904282115869,1.357956405511211,1619
0.01,0.02,0.08,ethereum,-1,-1,1.0260051851,0.9217397267202454,0.133621226362625,0.8009598891273322,0.354551241247613,1.275088167476661,1619
0.01,0.02,0.08,binancecoin,-1,-1,0.892779655796542,0.8829663453815237,0.14395055624224676,0.7191267266177676,0.3608832807570978,1.2380956745591867,1619
0.01,0.02,0.08,solana,-1,-1,0.06744346931408571,0.013722248624741473,0.15048735975514793,0.014111618709600739,0.22163120567375885,1.0167567964478819,1619
0.01,0.02,0.12,portfolio,2856,2019,1.4747421994469858,0.7034556525495546,0.05719435716204027,1.511393705571119,0.38125,1.3805852912781904,1619
0.01,0.02,0.12,bitcoin,-1,-1,1.3871743622015162,1.5874310720993083,0.13841916704692547,1.1521610825417068,0.3910579345088161,1.4816262211290123,1619
0.01,0.02,0.12,ethereum,-1,-1,1.3494375291257694,1.618271420107574,0.11610035803219283,1.3920850049403024,0.3672819859961808,1.4031129812788123,1619
0.01,0.02,0.12,binancecoin,-1,-1,-0.4491329101888787,-0.12756346694616205,0.15332718120083672,-0.1370732536808921,0.2323943661971831,0.7966293371632179,1619
0.01,0.02,0.12,solana,-1,-1,0.47004174982753977,0.3168056397841619,0.1529242008529383,0.2862034861990097,0.24050632911392406,1.1330724265495382,1619
0.015,0.02,0.0,portfolio,1801,975,2.6763481390190793,4.347932776009029,0.042243593482500764,7.0591808736862935,0.47875,1.8413851721220904,1619
0.015,0.02,0.0,bitcoin,-1,-1,1.961274066256786,2.879918214132844,0.07350394405706681,3.1964976231252993,0.4596977329974811,1.6650790367787078,1619
0.015,0.02,0.0,ethereum,-1,-1,1.8775716664924267,4.326439086599521,0.08954136212369847,3.321276952409666,0.4535623409669211,1.603366429421527,1619
0.015,0.02,0.0,binancecoin,-1,-1,1.4095075247062383,2.9725385282764543,0.11656467805423543,2.0546386549862707,0.4501891551071879,1.4489253140250515,1619
0.015,0.02,0.0,solana,-1,-1,1.8484894175496633,7.380868187627861,0.10398302836782983,3.772071982516333,0.3905852417302799,1.5573027123718668,1619
0.015,0.02,0.01,portfolio,3345,2999,-2.4559889059364473,-0.14962514797370507,0.15064206954635373,-0.16537312827864203,0.27972027972027974,0.19966655806857905,1619
0.015,0.02,0.01,bitcoin,-1,-1,-1.5732819405894833,-0.1507134283288064,0.1507134283288064,-0.16658429670935573,0.35789473684210527,0.29772684856796355,1619
0.015,0.02,0.01,ethereum,-1,-1,-1.9277912188126367,-0.1488868663011227,0.15031178126948855,-0.16486020328330672,0.26436781609195403,0.24798560593184696,1619
0.015,0.02,0.01,binancecoin,-1,-1,-1.6518075815367135,-0.14866640042451307,0.1500463349270427,-0.164889835049869,0.31343283582089554,0.36725538125129725,1619
0.015,0.02,0.01,solana,-1,-1,-2.422478989984573,-0.1511759780614953,0.1524376630411145,-0.16524232710515088,0.28205128205128205,0.23492929071364524,1619
0.015,0.02,0.02,portfolio,3342,2997,-1.4513727386126947,-0.14835839987787047,0.1505749706398401,-0.16394626780242905,0.3231441048034934,0.5391058901461809,1619
0.015,0.02,0.02,bitcoin,-1,-1,-0.8992086164315347,-0.1502290035701409,0.1502290035701409,-0.16654545753406924,0.37320574162679426,0.6713511786913543,1619
0.015,0.02,0.02,ethereum,-1,-1,-0.9635607144044498,-0.1474127822917758,0.1508360282677756,-0.16254553269141847,0.33962264150943394,0.6798033164250041,1619
0.015,0.02,0.02,binancecoin,-1,-1,-0.9231878382815205,-0.1486629988895799,0.15166488560564906,-0.16312615008474968,0.3063583815028902,0.6389246511359674,1619
0.015,0.02,0.02,solana,-1,-1,-1.550434128951911,-0.15047227710385536,0.15378528636852806,-0.16297663603405751,0.2848101265822785,0.48832301077976265,1619
0.015,0.02,0.03,portfolio,3372,2820,-0.7775538347553723,-0.12904568128004268,0.13352559045303633,-0.15934118599944289,0.39800995024875624,0.8385683409423756,1619
0.015,0.02,0.03,bitcoin,-1,-1,-0.6798480082443139,-0.15075171053182335,0.15090134030628183,-0.16642218353787724,0.33797909407665505,0.761554693222574,1619
0.015,0.02,0.03,ethereum,-1,-1,-0.213869802448851,-0.10084249859902183,0.15151164483673665,-0.10830316077613601,0.3927670311185871,0.9570964276957933,1619
0.015,0.02,0.03,binancecoin,-1,-1,-0.6124765841835812,-0.1331914988144698,0.15147411767476598,-0.14525741559232416,0.29285714285714287,0.7791818691851773,1619
0.015,0.02,0.03,solana,-1,-1,-0.9201413372701811,-0.1438244263183388,0.15162517071698886,-0.15749240344253587,0.28421052631578947,0.6701192844797238,1619
0.015,0.02,0.05,portfolio,3101,1975,1.413133634660857,0.6095958451642267,0.09712215034438695,0.7917976031319065,0.44875,1.3078401838637042,1619
0.015,0.02,0.05,bitcoin,-1,-1,1.2577677254964361,1.0204380949912726,0.14818614301244426,0.7806996319515864,0.44801512287334594,1.3309459375175134,1619
0.015,0.02,0.05,ethereum,-1,-1,0.9279449627265244,0.7039315203836096,0.1188230295085675,0.7278927905325664,0.4010184595798854,1.2041727342348574,1619
0.015,0.02,0.05,binancecoin,-1,-1,1.0069787401609385,1.0151023074019019,0.13041705187759664,0.883548101201683,0.42055485498108447,1.2386795835930875,1619
0.015,0.02,0.05,solana,-1,-1,-0.33282856768228264,-0.09393504020503918,0.1502965802127868,-0.10137868153676187,0.2389937106918239,0.8814950803900188,1619
0.015,0.02,0.08,portfolio,2720,1552,1.8713125914260156,1.2826715098128427,0.06890164615917521,1.989551328634837,0.441875,1.4466427745553216,1619
0.015,0.02,0.08,bitcoin,-1,-1,1.7160784559636677,1.9671638864484073,0.11987534315227683,1.5387727477542916,0.44899244332493704,1.5271542185111664,1619
0.015,0.02,0.08,ethereum,-1,-1,1.344040514359845,1.5465161200076305,0.10957823923274079,1.4291897055825307,0.41921119592875317,1.345546161867709,1619
0.015,0.02,0.08,binancecoin,-1,-1,1.167621168201387,1.4695875966096232,0.11078991468567638,1.3638325540355147,0.4218158890290038,1.3060751581748016,1619
0.015,0.02,0.08,solana,-1,-1,0.43975187496909973,0.3147152562761011,0.15228262654531624,0.2857145375856924,0.3014354066985646,1.1013798655878932,1619
0.015,0.02,0.12,portfolio,2406,1403,2.2191905625334614,1.9616132826851622,0.04300188859824722,4.281573680382607,0.453125,1.6088224080489286,1619
0.015,0.02,0.12,bitcoin,-1,-1,1.6832192267480337,2.315442273562309,0.10696949252349952,1.9173702835425008,0.44962216624685136,1.5769608917581663,1619
0.015,0.02,0.12,ethereum,-1,-1,1.628709709919443,2.4861915767135456,0.07530484224228359,2.849177782142981,0.4268447837150127,1.4614181979382768,1619
0.015,0.02,0.12,binancecoin,-1,-1,1.4194066519494748,2.3745791857587473,0.13304512140038363,1.566543413541287,0.43190416141235816,1.4147817376420184,1619
0.015,0.02,0.12,solana,-1,-1,0.7701271256212194,0.7454878902431648,0.15611886081483323,0.58015429102278,0.3194570135746606,1.2126319954664153,1619
0.02,0.02,0.0,portfolio,1746,982,2.619170560221104,4.023334754536295,0.042560665317877215,6.710748814111032,0.494375,1.8449046007117966,1619
0.02,0.02,0.0,bitcoin,-1,-1,2.0367827590788847,3.2049749214404777,0.06180770389777537,4.053176993306748,0.4760705289672544,1.6915116665884025,1619
0.02,0.02,0.0,ethereum,-1,-1,1.8107166540424928,4.120209812917739,0.09251393259583725,3.1286310875515158,0.47458703939008895,1.5577705923962897,1619
0.02,0.02,0.0,binancecoin,-1,-1,1.2122480638063322,1.39659456653101,0.1512553881125824,0.963508727590153,0.46119929453262787,1.4213124241053714,1619
0.02,0.02,0.0,solana,-1,-1,1.9916835218880524,9.6284600623266,0.10398302836782983,4.276471223644359,0.4243002544529262,1.5886314354887041,1619
0.02,0.02,0.01,portfolio,3346,2999,-2.3326378112205743,-0.14908719054221464,0.15010475543176754,-0.16532562055956262,0.30303030303030304,0.18709371140567344,1619
0.02,0.02,0.01,bitcoin,-1,-1,-1.3344118422177171,-0.15038686134913726,0.15038686134913726,-0.1665581109743636,0.46774193548387094,0.4002545452095751,1619
0.02,0.02,0.01,ethereum,-1,-1,-1.6492800150657505,-0.14878588463085596,0.15021096866052258,-0.1648509562018962,0.38095238095238093,0.29839729273794496,1619
0.02,0.02,0.01,binancecoin,-1,-1,-1.4427285133304877,-0.14877765765413586,0.15015741181879338,-0.16489998330413605,0.4032258064516129,0.391550419228301,1619
0.02,0.02,0.01,solana,-1,-1,-2.23875567224328,-0.1499025129963013,0.15116609084382165,-0.16512738267505941,0.29347826086956524,0.20628128056827122,1619
0.02,0.02,0.02,portfolio,3358,2977,-1.3237489852397768,-0.14912802517035018,0.15134259282570695,-0.16402154711473643,0.3562231759656652,0.5793714587115572,1619
0.02,0.02,0.02,bitcoin,-1,-1,-0.7879499646564281,-0.15097085898300566,0.15097085898300566,-0.16660494734733103,0.42035398230088494,0.7101418240037751,1619
0.02,0.02,0.02,ethereum,-1,-1,-0.8652163223663791,-0.1504965600029876,0.15359028973147376,-0.1632117914187747,0.41203703703703703,0.7111566677413884,1619
0.02,0.02,0.02,binancecoin,-1,-1,-0.8158949249111725,-0.15245047118016275,0.1554390029466153,-0.16351828890260847,0.3657142857142857,0.6736070055812095,1619
0.02,0.02,0.02,solana,-1,-1,-1.3254848259880347,-0.14728709280110797,0.15004460199115954,-0.1632537249742944,0.3509933774834437,0.5424082391108331,1619
0.02,0.02,0.03,portfolio,3318,2393,0.06469912188888625,0.01058880929246886,0.11442887612758358,0.014339433615783135,0.47025673137132123,1.0131951092758587,1619
0.02,0.02,0.03,bitcoin,-1,-1,0.4859853678843359,0.25765398994922295,0.1147515251076121,0.31657191914359134,0.46502835538752363,1.1057649880078972,1619
0.02,0.02,0.03,ethereum,-1,-1,-0.45449726378544747,-0.10234836696279159,0.152729609489141,-0.10911945867934564,0.38661710037174724,0.8486187638185593,1619
0.02,0.02,0.03,binancecoin,-1,-1,0.14463408866038124,0.05122431041281672,0.15373953893260237,0.050773948585276424,0.4514851485148515,1.0343886728067022,1619
0.02,0.02,0.03,solana,-1,-1,-0.7747502927988162,-0.14592222967648694,0.15417475932145575,-0.15730505493193703,0.35384615384615387,0.7240064783859811,1619
0.02,0.02,0.05,portfolio,3074,1835,1.2492030508808833,0.582958426513738,0.05819367933137109,1.2734633201619838,0.4525,1.2631879370178656,1619
0.02,0.02,0.05,bitcoin,-1,-1,1.4335334201579504,1.3265509465102063,0.06940690821402798,2.0236934101970867,0.47448015122873344,1.3818305964506596,1619
0.02,0.02,0.05,ethereum,-1,-1,0.9208857286069583,0.7493451433687519,0.1307532475195998,0.6955681700962217,0.4399237126509854,1.1967913316606797,1619
0.02,0.02,0.05,binancecoin,-1,-1,0.6674585221822231,0.431831376088311,0.15302445194651007,0.3755094995487039,0.4431512981199642,1.1726810103141385,1619
0.02,0.02,0.05,solana,-1,-1,0.05180003916908772,0.002222109423349883,0.1508085931359478,0.002291321290353102,0.3386952636282395,1.010676724043572,1619
0.02,0.02,0.08,portfolio,2545,1376,2.3273709336384396,1.9284068644278927,0.04621570044688226,3.938907634506734,0.4725,1.5704881110433262,1619
0.02,0.02,0.08,bitcoin,-1,-1,1.9747683278794352,2.6640505561480907,0.06463698885442892,3.4655125971514105,0.4716624685138539,1.6179378932755573,1619
0.02,0.02,0.08,ethereum,-1,-1,1.3612471669119024,1.6962072924005103,0.11679200033046357,1.429354016869226,0.45044472681067343,1.3382841176652525,1619
0.02,0.02,0.08,binancecoin,-1,-1,1.535336732300835,2.385137241639358,0.1454659459656019,1.4368219834472717,0.46279949558638084,1.4058567833361701,1619
0.02,0.02,0.08,solana,-1,-1,0.9196123668204282,0.9658778931829042,0.15080334043324484,0.7356932032734556,0.3574265289912629,1.2151615454975335,1619
0.02,0.02,0.12,portfolio,2294,1297,2.419973690089819,2.4742275904103233,0.03802455744814467,5.625500404555975,0.4725,1.672303572387985,1619
0.02,0.02,0.12,bitcoin,-1,-1,1.8924250792233122,2.9832123944945312,0.0809050536700505,2.966639058838662,0.4722921914357683,1.6590617479641019,1619
0.02,0.02,0.12,ethereum,-1,-1,1.6600043602406351,2.7708951751090667,0.08466696771888456,2.710486221657809,0.45616264294790343,1.456149762295154,1619
0.02,0.02,0.12,binancecoin,-1,-1,1.1332990860526406,1.101112261636977,0.15125538811258238,0.8099466888493582,0.4532627865961199,1.3574676316919887,1619
0.02,0.02,0.12,solana,-1,-1,1.50066784042458,3.083327121165355,0.11695531070346887,2.0932487433811575,0.3842239185750636,1.3603500473172363,1619
0.03,0.02,0.0,portfolio,1188,609,2.9760579136363865,6.256445278691204,0.04314983986280999,8.374546010452582,0.528125,1.9815441536732763,1619
0.03,0.02,0.0,bitcoin,-1,-1,2.034497578623682,3.2936515303486944,0.07516461156975487,3.3870494791758117,0.49591451917033313,1.681448066360309,1619
0.03,0.02,0.0,ethereum,-1,-1,2.1195757102413686,6.061443506130942,0.08739558101620733,4.068859211472013,0.5098537825810553,1.6729381809874733,1619
0.03,0.02,0.0,binancecoin,-1,-1,1.7633459794388882,5.2136095838161385,0.09917943995946799,3.3159950743339683,0.497164461247637,1.5850227840103108,1619
0.03,0.02,0.0,solana,-1,-1,2.056487894830238,11.225913501398306,0.13036985074338647,3.6550817515661747,0.46793650793650793,1.591899833809254,1619
0.03,0.02,0.01,portfolio,3355,2981,-1.6909127667979276,-0.1526812092858768,0.15369447626470925,-0.16564305326100037,0.47368421052631576,0.422225730681873,1619
0.03,0.02,0.01,bitcoin,-1,-1,-0.8973875483902738,-0.15580044513683344,0.15580044513683344,-0.16699377860911893,0.6,0.6280590843873154,1619
0.03,0.02,0.01,ethereum,-1,-1,-1.2217224035428744,-0.15110913052281194,0.15253032502508723,-0.16506360483192323,0.574468085106383,0.4904460968356523,1619
0.03,0.02,0.01,binancecoin,-1,-1,-1.0486975852992184,-0.15633366096000345,0.1577011675290437,-0.16558841168040225,0.5432098765432098,0.547721008794692,1619
0.03,0.02,0.01,solana,-1,-1,-1.5623552641251974,-0.15082280624944433,0.1520850161807131,-0.16521045224208342,0.546875,0.40035888311846096,1619
0.03,0.02,0.02,portfolio,3247,2447,0.05618305118251341,0.008718832777142804,0.10447212202531847,0.012942513964194631,0.5262828535669587,1.0110184055073863,1619
0.03,0.02,0.02,bitcoin,-1,-1,0.706832624789808,0.38833394643815855,0.10552789722299286,0.4965184632783439,0.5188916876574308,1.1546065921727264,1619
0.03,0.02,0.02,ethereum,-1,-1,-0.6836312957868991,-0.14623847291180225,0.15332817715377384,-0.1585404216000827,0.5248868778280543,0.7584638303209891,1619
0.03,0.02,0.02,binancecoin,-1,-1,0.026282074142106045,-0.006525566355773171,0.15066608648278848,-0.0067601449402159034,0.5067453625632378,1.0056855354403458,1619
0.03,0.02,0.02,solana,-1,-1,-0.7736065356572914,-0.14681822257710375,0.15311409349964716,-0.15943581228956671,0.5238095238095238,0.7165478673814099,1619
0.03,0.02,0.03,portfolio,3079,2195,1.1887311219516525,0.3882395932493061,0.08587830572843415,0.6099959241204747,0.525,1.249627972292505,1619
0.03,0.02,0.03,bitcoin,-1,-1,1.1865637990860203,0.8962312771738155,0.09147250940859115,1.1448810025119784,0.5022026431718062,1.2875416543837515,1619
0.03,0.02,0.03,ethereum,-1,-1,-0.31838080782693884,-0.0866007042299084,0.15034885980085194,-0.09311896835698724,0.48616600790513836,0.8870812182780816,1619
0.03,0.02,0.03,binancecoin,-1,-1,1.1556568683038202,1.1969502464459798,0.1063558676703944,1.2254050557114924,0.5015752993068683,1.2573275745934787,1619
0.03,0.02,0.03,solana,-1,-1,-0.2710224343824886,-0.07186381466433944,0.1500354470700467,-0.07692108200594026,0.4775510204081633,0.9026153349939086,1619
0.03,0.02,0.05,portfolio,2657,1506,2.1465648250614917,1.544664554102031,0.036776875755037665,4.254770155452646,0.505625,1.4936532242878,1619
0.03,0.02,0.05,bitcoin,-1,-1,1.7207148847818328,1.934220738463706,0.07575619885875119,2.4077811082552603,0.5050314465408805,1.4877212526146608,1619
0.03,0.02,0.05,ethereum,-1,-1,1.4702891383947814,1.6713939098282937,0.12276942999434808,1.3460922435306841,0.49427480916030536,1.3345166336917305,1619
0.03,0.02,0.05,binancecoin,-1,-1,1.6807644404366786,2.825693493592333,0.09338531675912638,2.4870370088645566,0.4984247006931317,1.4348059505360118,1619
0.03,0.02,0.05,solana,-1,-1,0.3794194706373832,0.2623349076714092,0.15079076824951826,0.24488595475607433,0.4259567387687188,1.0765451802266448,1619
0.03,0.02,0.08,portfolio,2152,1091,2.777525299686795,3.1661571537265116,0.03619504613890342,6.871483866738193,0.508125,1.7306695846947404,1619
0.03,0.02,0.08,bitcoin,-1,-1,2.001063095686773,2.954356991800829,0.07650762917614358,3.1188207258147655,0.4965430546825896,1.6368245687388865,1619
0.03,0.02,0.08,ethereum,-1,-1,1.8050822639587216,3.035857600756195,0.07993971370703051,3.0341983698436596,0.49586776859504134,1.4720745278261753,1619
0.03,0.02,0.08,binancecoin,-1,-1,1.81992724068533,3.5576915665688658,0.09845450102776646,2.704747021052898,0.4952741020793951,1.4963647203263677,1619
0.03,0.02,0.08,solana,-1,-1,1.4591503089964137,2.643402826602232,0.1451959561550939,1.5353328920143126,0.44317460317460317,1.3098006770526989,1619
0.03,0.02,0.12,portfolio,1884,1161,2.9136523922248787,3.5602498608905258,0.03615482262359901,7.36845345085772,0.523125,1.8845706591974667,1619
0.03,0.02,0.12,bitcoin,-1,-1,1.9007869730956413,2.8165769507107896,0.0740618160626625,3.1297533655719953,0.49465744814582024,1.6182722505061518,1619
0.03,0.02,0.12,ethereum,-1,-1,2.1325002551668724,4.906421208225849,0.06483840692430286,4.911171299025568,0.5003178639542276,1.6161352956967898,1619
0.03,0.02,0.12,binancecoin,-1,-1,1.8847681600747714,4.999331910376661,0.10444616696256824,3.079475711471054,0.4952741020793951,1.5842473801563923,1619
0.03,0.02,0.12,solana,-1,-1,1.3744984594449134,1.8003584294992199,0.15235068222872777,1.1410628043686573,0.4560117302052786,1.5018663467387598,1619
0.05,0.02,0.0,portfolio,828,337,2.9654913551480346,6.293142179533845,0.04432818895267585,8.176053340487506,0.53125,1.9606326989299374,1619
0.05,0.02,0.0,bitcoin,-1,-1,2.01004827407997,3.303743960036557,0.06743412194155615,3.782132952207715,0.5006281407035176,1.670962301418646,1619
0.05,0.02,0.0,ethereum,-1,-1,2.025969426158139,5.654821602067853,0.10271977369937248,3.340582309524638,0.5218769816106531,1.6249123342516305,1619
0.05,0.02,0.0,binancecoin,-1,-1,1.6409082124798506,4.551830018337657,0.10940017135216278,2.795133660819446,0.5059861373660995,1.526453990860882,1619
0.05,0.02,0.0,solana,-1,-1,2.176398976394918,13.674206038885078,0.12019931011116201,4.31836273357909,0.4936548223350254,1.6184025440180618,1619
0.05,0.02,0.01,portfolio,3196,2550,-0.29359944777309954,-0.05405592218923572,0.11124617362523513,-0.07741878321599696,0.6117720726361928,0.9372503725426031,1619
0.05,0.02,0.01,bitcoin,-1,-1,0.3206357313010533,0.1249851809432776,0.12033487178323465,0.1537386222999148,0.6144654088050314,1.0714542964104163,1619
0.05,0.02,0.01,ethereum,-1,-1,-0.7088184665164311,-0.14420563892061322,0.152766251961865,-0.15675893054961462,0.7258687258687259,0.7196384447931032,1619
0.05,0.02,0.01,binancecoin,-1,-1,-0.05370417269180334,-0.029367466418876997,0.15039955287811588,-0.03077677081634561,0.6528662420382165,0.9858249630867136,1619
0.05,0.02,0.01,solana,-1,-1,-1.0353793532410631,-0.15921267180165266,0.16046241110641385,-0.165967363461491,0.7212121212121212,0.5299044982236828,1619
0.05,0.02,0.02,portfolio,2853,1933,1.2979685782170236,0.4901752381628659,0.06950920175563287,0.9215537837298894,0.57375,1.2689962007799531,1619
0.05,0.02,0.02,bitcoin,-1,-1,1.5348261545398718,1.1256925688673634,0.06638185482520419,1.8761569835701128,0.5468258956631049,1.376901407991289,1619
0.05,0.02,0.02,ethereum,-1,-1,0.508080240598349,0.31194450362826043,0.13482782547788158,0.32016201306039416,0.5677050222504768,1.1004597872741086,1619
0.05,0.02,0.02,binancecoin,-1,-1,0.9869788146452063,0.9073391855753439,0.1307784583915919,0.8084659694891996,0.5573770491803278,1.2172120474167598,1619
0.05,0.02,0.02,solana,-1,-1,-0.4736993712915921,-0.12649236485686,0.15108541853065777,-0.1378695135121007,0.6333333333333333,0.8196744613663398,1619
0.05,0.02,0.03,portfolio,2671,1578,1.9089288665651867,1.0797114922527449,0.049033451069598104,2.46202322452546,0.54875,1.403497212530249,1619
0.05,0.02,0.03,bitcoin,-1,-1,1.6884657334571875,1.5612781056206404,0.06269515470590237,2.5145349319394907,0.5216844751728472,1.4403588486744314,1619
0.05,0.02,0.03,ethereum,-1,-1,1.2031832644291343,1.1433580923418378,0.10308587385129775,1.2222076493228347,0.5308328035600763,1.2583817177362604,1619
0.05,0.02,0.03,binancecoin,-1,-1,1.3499816970042968,1.7139940039721528,0.1172541403358074,1.4339112448459443,0.5274102079395085,1.3162733329821243,1619
0.05,0.02,0.03,solana,-1,-1,0.27392337310262316,0.1492382282771012,0.1566643338692819,0.13970710230104255,0.5462012320328542,1.0577168314866807,1619
0.05,0.02,0.05,portfolio,2186,1109,2.66718803139563,2.741888351342168,0.03538349784254258,6.44401405944954,0.548125,1.6521821376503516,1619
0.05,0.02,0.05,bitcoin,-1,-1,1.8928852938757361,2.3559623273473616,0.06064538964078559,3.4195652161084333,0.5135135135135135,1.5526242896465818,1619
0.05,0.02,0.05,ethereum,-1,-1,1.8526074488823825,2.916713655814578,0.07024307054305255,3.3707365145964028,0.5234771573604061,1.4553614732031366,1619
0.05,0.02,0.05,binancecoin,-1,-1,1.5980560104117605,2.893830036711026,0.10781512870492775,2.1856243898363115,0.5154379332073094,1.420437750573181,1619
0.05,0.02,0.05,solana,-1,-1,1.4020534285752009,2.3764074740008847,0.1453337006744326,1.434786561650466,0.5003174603174603,1.2779294139344057,1619
0.05,0.02,0.08,portfolio,1723,767,2.9656045093351433,4.036615612484618,0.0334356558796137,8.55800160424911,0.531875,1.8004018764020668,1619
0.05,0.02,0.08,bitcoin,-1,-1,2.0373052074259883,3.17664877413375,0.06743412194155587,3.695497411682898,0.5050251256281407,1.6533841586038147,1619
0.05,0.02,0.08,ethereum,-1,-1,1.9638835425051242,3.974397136948003,0.09574096636305973,2.962748508094456,0.5193405199746354,1.527382691550445,1619
0.05,0.02,0.08,binancecoin,-1,-1,1.6761186139505004,3.4047595228395835,0.10564404649316095,2.457168165209577,0.5110270951480781,1.4627369527651457,1619
0.05,0.02,0.08,solana,-1,-1,1.8678067942360397,5.082814760070068,0.12019931011116296,2.6995609383782657,0.49111675126903553,1.4157322831936536,1619
0.05,0.02,0.12,portfolio,1331,590,3.080671912647237,5.173165683915329,0.03463562575773951,9.456404888950553,0.5375,1.9075784882655475,1619
0.05,0.02,0.12,bitcoin,-1,-1,1.926549075019229,2.941776210328792,0.06695121678277956,3.554817930291493,0.5012562814070352,1.6248501158221151,1619
0.05,0.02,0.12,ethereum,-1,-1,2.117367173814044,5.323562356992291,0.10271977369937133,3.23707541564064,0.5180722891566265,1.6134603100227112,1619
0.05,0.02,0.12,binancecoin,-1,-1,1.7733728753682774,4.610311978539722,0.1094001713521628,2.8146173398307464,0.5078764965343415,1.5374581872312136,1619
0.05,0.02,0.12,solana,-1,-1,2.028007564030933,7.779203065309289,0.12560797744090973,3.203063582287354,0.4860406091370558,1.4898988148556829,1619
0.07,0.02,0.0,portfolio,536,197,2.9471534965766137,6.19027421639221,0.045506538042541664,7.898217923696747,0.54,1.945267496556075,1619
0.07,0.02,0.0,bitcoin,-1,-1,1.9678017668736991,3.2532562056769168,0.06283918843080372,4.022039690153709,0.5091023226616447,1.655213069008818,1619
0.07,0.02,0.0,ethereum,-1,-1,2.003865376318584,5.643845126209468,0.09689600757141499,3.5378009778239967,0.5307545973367153,1.612326043288055,1619
0.07,0.02,0.0,binancecoin,-1,-1,1.6259323129541194,4.510651643893901,0.10467289933829449,2.906921026627062,0.5088161209068011,1.5194549342126948,1619
0.07,0.02,0.0,solana,-1,-1,2.1334043442492265,13.07652188314743,0.14523718161508264,3.5064291974462574,0.502213788741303,1.598895668243082,1619
0.07,0.02,0.01,portfolio,2914,2307,0.4885155160755111,0.11912887541984563,0.07285657599483385,0.24257297215843387,0.633125,1.10830569613999,1619
0.07,0.02,0.01,bitcoin,-1,-1,1.0311242604558408,0.5285713884929684,0.08194644678019228,0.833205400782271,0.6206030150753769,1.256581257707361,1619
0.07,0.02,0.01,ethereum,-1,-1,-0.2775092437430089,-0.08935782381394874,0.15145266984559858,-0.09550298989551267,0.6870229007633588,0.9106321558745399,1619
0.07,0.02,0.01,binancecoin,-1,-1,0.46007498418216997,0.27491143143983243,0.1312475234114024,0.2935508734519863,0.6664564943253468,1.1085023971998653,1619
0.07,0.02,0.01,solana,-1,-1,-0.6971059117887817,-0.14636993391683695,0.15395467213735006,-0.1580471670351113,0.7953216374269005,0.6081503157160553,1619
0.07,0.02,0.02,portfolio,2503,1780,1.8015368161221639,0.8016994229253578,0.07439397134814774,1.2899800684959093,0.588125,1.4047810037305994,1619
0.07,0.02,0.02,bitcoin,-1,-1,1.77574724784238,1.498253101488077,0.0590377483163616,2.5944159685667656,0.5540201005025126,1.4613958746517979,1619
0.07,0.02,0.02,ethereum,-1,-1,1.049319373071048,0.8327457050035774,0.1351106512938413,0.731882435670522,0.5850253807106599,1.225021699428105,1619
0.07,0.02,0.02,binancecoin,-1,-1,1.1507688415213353,1.2279214894656798,0.11937303242061406,1.1124341842222283,0.5664776307498425,1.2697254938087985,1619
0.07,0.02,0.02,solana,-1,-1,-0.09200161455356336,-0.03136456224075823,0.15357610830791146,-0.03221766599535027,0.7228260869565217,0.952393969720705,1619
0.07,0.02,0.03,portfolio,2272,1360,2.278500787710811,1.4789192111740772,0.050424702593382026,3.009930106082275,0.569375,1.5149939298336763,1619
0.07,0.02,0.03,bitcoin,-1,-1,1.7284196815274393,1.694577114761029,0.06557654874087393,2.544008027682369,0.5263819095477387,1.4615087832456402,1619
0.07,0.02,0.03,ethereum,-1,-1,1.5798305243338155,1.830162508740913,0.10938198149287465,1.6070068530790211,0.5473015873015873,1.35930583805675,1619
0.07,0.02,0.03,binancecoin,-1,-1,1.4559096598660057,2.093487286206833,0.1034512897443845,1.857613021896876,0.533375314861461,1.358073653932919,1619
0.07,0.02,0.03,solana,-1,-1,0.6214361736583586,0.45246182572981275,0.16695518561690964,0.35829616413271054,0.5708582834331337,1.140901637634511,1619
0.07,0.02,0.05,portfolio,1843,1074,2.788062587843077,2.7039291658915676,0.038262103938430325,5.908310258608763,0.55875,1.7077434250846875,1619
0.07,0.02,0.05,bitcoin,-1,-1,1.9195991072126581,2.4753795259554883,0.06793460284617399,3.149643831644971,0.5207286432160804,1.571065518160131,1619
0.07,0.02,0.05,ethereum,-1,-1,1.9324383569336159,3.359036969809682,0.0741864473891352,3.471538314354691,0.5348984771573604,1.487591902792696,1619
0.07,0.02,0.05,binancecoin,-1,-1,1.6520300038730236,3.227809386477545,0.10885320266941984,2.3111137957522927,0.5220403022670025,1.4417533063411603,1619
0.07,0.02,0.05,solana,-1,-1,1.3087264205507836,1.600893394900147,0.155690295859602,1.0303669022446575,0.5243781094527363,1.32957122959066,1619
0.07,0.02,0.08,portfolio,1320,580,3.0543469821994207,4.367614353369683,0.03665742960846899,8.155172679999557,0.54625,1.8339602816230116,1619
0.07,0.02,0.08,bitcoin,-1,-1,2.0182265468291583,3.2016454360010993,0.06283918843080398,3.9841920113186635,0.5128688010043942,1.6498289268073059,1619
0.07,0.02,0.08,ethereum,-1,-1,1.9933174785654735,4.233702277389674,0.08987190452860254,3.2696493134048157,0.5326569435637286,1.5417753857272878,1619
0.07,0.02,0.08,binancecoin,-1,-1,1.5263747980094982,2.987687307541321,0.11136621078282082,2.1571428550442735,0.5094458438287154,1.4189663187999837,1619
0.07,0.02,0.08,solana,-1,-1,2.114432114860034,7.116107572672821,0.1298734566104995,2.96667600339689,0.5180265654648957,1.4890624576060634,1619
0.07,0.02,0.12,portfolio,981,427,3.1558141796457484,5.540456766637805,0.03942401852504095,8.61212865741645,0.548125,1.9414016970530423,1619
0.07,0.02,0.12,bitcoin,-1,-1,1.9425770317645972,3.093028072522401,0.0634433770440961,3.8660680892306543,0.5103578154425612,1.6381641686585904,1619
0.07,0.02,0.12,ethereum,-1,-1,2.1615910850848943,5.733645665980412,0.09689600757141571,3.5667913251451346,0.5301204819277109,1.6282715938597516,1619
0.07,0.02,0.12,binancecoin,-1,-1,1.686742101094818,4.341766271085299,0.11695303999457539,2.547792316861713,0.5113350125944585,1.5109389221293477,1619
0.07,0.02,0.12,solana,-1,-1,2.1729970261952056,9.43450064315848,0.14362151636658052,3.067401428547162,0.5041113219481341,1.5360036850186523,1619
0.1,0.02,0.0,portfolio,321,101,2.971379615675085,6.355573119291448,0.047274061677340454,7.704826228596864,0.545625,1.9625798648236583,1619
0.1,0.02,0.0,bitcoin,-1,-1,1.9737673049002296,3.30935847216809,0.0666325759589867,3.8314520666702188,0.5103448275862069,1.6616303998243398,1619
0.1,0.02,0.0,ethereum,-1,-1,1.900496310252308,5.087045599186703,0.11416035351246007,2.843620412969835,0.5313887127457197,1.5740455375121116,1619
0.1,0.02,0.0,binancecoin,-1,-1,1.6538136770226086,4.729559701711002,0.10807418940824445,2.888834060083195,0.514159848961611,1.5329847733410455,1619
0.1,0.02,0.0,solana,-1,-1,2.210588774131454,14.90690704187582,0.1359365433503962,3.9596166614634867,0.5091714104996837,1.6274352803220937,1619
0.1,0.02,0.01,portfolio,2767,2246,0.559506924022138,0.1469280446195007,0.0817131611491774,0.2639368127930595,0.642901813633521,1.1336410476915142,1619
0.1,0.02,0.01,bitcoin,-1,-1,1.2751739224400942,0.7195549247536595,0.06307688392822765,1.3956788021897286,0.6120527306967984,1.3301985443193047,1619
0.1,0.02,0.01,ethereum,-1,-1,-0.27405384042731623,-0.09829832371616343,0.15788178131999445,-0.10119290234986165,0.6992481203007519,0.896140072237206,1619
0.1,0.02,0.01,binancecoin,-1,-1,0.427057064523419,0.2583897064752796,0.15878520056764675,0.22937559482706563,0.6692965154503616,1.1085283577085039,1619
0.1,0.02,0.01,solana,-1,-1,-0.6060903418400249,-0.14655427940320853,0.16766166005152763,-0.14532182603682517,0.8047337278106509,0.6147912401575651,1619
0.1,0.02,0.02,portfolio,2437,1885,1.484781624426449,0.5289453235610448,0.07469944072456126,0.9145837523500765,0.5909943714821764,1.3570434619620861,1619
0.1,0.02,0.02,bitcoin,-1,-1,1.809384650060766,1.586084201392644,0.0712816085046256,2.236021532885879,0.5501882057716436,1.4796271934039982,1619
0.1,0.02,0.02,ethereum,-1,-1,0.19874081686880748,0.07290540363053877,0.15061843767801214,0.07312158389267882,0.5867269984917044,1.0662432716962589,1619
0.1,0.02,0.02,binancecoin,-1,-1,1.0411314978171573,0.8979676008383404,0.15642454358773,0.6704991858642108,0.5686666666666667,1.2441993308631458,1619
0.1,0.02,0.02,solana,-1,-1,-0.022414494671670677,-0.012538201104015045,0.16092881779676535,-0.012191739592059169,0.7368421052631579,0.9866162209786887,1619
0.1,0.02,0.03,portfolio,1938,1193,2.3773950786838527,1.710990630475608,0.0588047128815197,2.8557358695887296,0.575625,1.5686344556321805,1619
0.1,0.02,0.03,bitcoin,-1,-1,1.8773419280986214,1.9882408978830686,0.06262019429908808,2.966560751962439,0.5288582183186951,1.519531710035658,1619
0.1,0.02,0.03,ethereum,-1,-1,1.5472403114841,1.9641076297505449,0.1372611634968111,1.3424840998581473,0.5520304568527918,1.3694245526967022,1619
0.1,0.02,0.03,binancecoin,-1,-1,1.3382141621596408,1.9684462091502222,0.12750337570660072,1.4473387242460043,0.5368156073001888,1.342189741605395,1619
0.1,0.02,0.03,solana,-1,-1,0.9399718244873088,0.8444660069131826,0.15044366029999864,0.6645410153975579,0.5860696517412936,1.2297418071877948,1619
0.1,0.02,0.05,portfolio,1540,935,2.756436276311368,2.8489344858469883,0.04743892097935291,4.920325970483017,0.558125,1.727333012643144,1619
0.1,0.02,0.05,bitcoin,-1,-1,2.0062562732131797,2.7569918782508984,0.06324087538679388,3.6176279764250796,0.5200752823086575,1.6133116986529688,1619
0.1,0.02,0.05,ethereum,-1,-1,1.7931078489133094,3.11898614874109,0.09892793857382971,2.4917370195132484,0.5387055837563451,1.4602376866068512,1619
0.1,0.02,0.05,binancecoin,-1,-1,1.5509140065173486,3.088390553254806,0.12551455575640563,1.9524165515554315,0.526117054751416,1.4265425515272305,1619
0.1,0.02,0.05,solana,-1,-1,1.4426539853909206,2.0380604625805265,0.15592741098769192,1.2109624607599772,0.5397614314115308,1.381231865924256,1619
0.1,0.02,0.08,portfolio,999,425,3.0363091937249704,4.5706442603915,0.042612755646674584,7.192116251987337,0.555,1.8461399241943242,1619
0.1,0.02,0.08,bitcoin,-1,-1,2.017468971865033,3.252660059887403,0.06663257595898682,3.79265508349428,0.5141065830721003,1.6572731809243644,1619
0.1,0.02,0.08,ethereum,-1,-1,1.8888541526388998,3.880371582427217,0.10727052796800009,2.608817704471994,0.5351934051997463,1.5136548927326634,1619
0.1,0.02,0.08,binancecoin,-1,-1,1.49188007439985,3.030908230492501,0.12611753593141567,1.9213477475676966,0.5179358086847073,1.4222079238742948,1619
0.1,0.02,0.08,solana,-1,-1,2.2291266638491676,8.794301086658434,0.12580991035994096,3.3893787641424096,0.5249841872232764,1.5327770518835506,1619
0.1,0.02,0.12,portfolio,710,303,3.0895218299055958,5.6417963587458,0.04386875161357553,7.812721290812601,0.5525,1.9355982389537185,1619
0.1,0.02,0.12,bitcoin,-1,-1,1.9507016740856253,3.1523244758196665,0.06723431897113843,3.6895953592165402,0.5122257053291536,1.6444051309690153,1619
0.1,0.02,0.12,ethereum,-1,-1,2.033985110931653,5.2335642321892175,0.11416035351246033,2.88665799411809,0.5313887127457197,1.5895480747090538,1619
0.1,0.02,0.12,binancecoin,-1,-1,1.5831963085260303,4.024833245476928,0.12087203678960155,2.36343845751212,0.5166771554436753,1.4879939065405021,1619
0.1,0.02,0.12,solana,-1,-1,2.2707056951460975,11.457541194244143,0.13298225712476136,3.6157617041202346,0.512966476913346,1.578271375545382,1619
0.0,0.03,0.0,portfolio,0,0,3.02277332815678,5.975340237393915,0.049471618809020776,7.135690047265655,0.544375,1.994610552628102,1619
0.0,0.03,0.0,bitcoin,-1,-1,2.021742988308772,3.279829004635163,0.06824741276138724,3.721118992386839,0.5081555834378921,1.692704806643641,1619
0.0,0.03,0.0,ethereum,-1,-1,1.8551587983333493,4.576451945056643,0.1401106662157572,2.1888969318047606,0.5330812854442344,1.5684883984294182,1619
0.0,0.03,0.0,binancecoin,-1,-1,1.645813776312393,3.9199573662385756,0.1257030184568187,2.2390837716577456,0.5148452305748579,1.5113144100143128,1619
0.0,0.03,0.0,solana,-1,-1,2.2598318045213723,15.654631235546539,0.12391946835485895,4.4326716034635565,0.5189633375474083,1.6605024248412992,1619
0.0,0.03,0.01,portfolio,3173,2469,1.4024140385945885,0.3637643943498221,0.04816568927505787,1.027198648043639,0.70625,1.3010334182468288,1619
0.0,0.03,0.01,bitcoin,-1,-1,0.6616208784838021,0.2446286431981004,0.0667889537911692,0.5187854164604814,0.6670854271356784,1.155973980638402,1619
0.0,0.03,0.01,ethereum,-1,-1,-0.04761371836533622,-0.01696094015719507,0.15324823197701853,-0.017351594960764247,0.7492012779552716,0.9832828584963318,1619
0.0,0.03,0.01,binancecoin,-1,-1,1.226899106830659,0.6972725852452251,0.0998290850022433,0.859753836884441,0.7233101705622236,1.294204249208684,1619
0.0,0.03,0.01,solana,-1,-1,1.1406779956090232,0.617904021412385,0.07731840048076227,1.0057684800292852,0.8200890019071837,1.2771812092578851,1619
0.0,0.03,0.02,portfolio,3008,2055,2.2353807479336374,0.9822169929450637,0.03219107711954798,3.4909418204854026,0.646875,1.4848298595725253,1619
0.0,0.03,0.02,bitcoin,-1,-1,1.5959988521903432,1.0720449859468593,0.062075330147460514,1.934382635156366,0.5640703517587939,1.3923538425943003,1619
0.0,0.03,0.02,ethereum,-1,-1,0.15594921122249197,0.049439070843954935,0.1516022339341709,0.04973128419718627,0.6336996336996337,1.0594929160367423,1619
0.0,0.03,0.02,binancecoin,-1,-1,1.2879387263683972,1.210592199992477,0.14626018752373465,0.8985264595431203,0.5874921036007581,1.2984660499331,1619
0.0,0.03,0.02,solana,-1,-1,1.8096305484177928,2.0179084757024457,0.1107632118343205,1.6936252577960988,0.6956797966963151,1.3848806580672357,1619
0.0,0.03,0.03,portfolio,2770,1606,2.5513200556673286,1.4807556510999809,0.031852954148937,4.769027063576313,0.601875,1.5807707430828906,1619
0.0,0.03,0.03,bitcoin,-1,-1,1.7356752259755712,1.482487309470217,0.06745754068087574,2.2537542486943223,0.5358040201005025,1.4546753941378594,1619
0.0,0.03,0.03,ethereum,-1,-1,0.30824629366704837,0.13352657420742142,0.15550401618581933,0.12668430017071208,0.5706371191135734,1.1055240430696371,1619
0.0,0.03,0.03,binancecoin,-1,-1,1.4628459961648133,1.784213693539015,0.14221214790703007,1.2149859014125328,0.5527479469361971,1.3511497441578955,1619
0.0,0.03,0.03,solana,-1,-1,2.049050545937871,3.4424259665761108,0.14335906304264778,1.8223870915163305,0.6144578313253012,1.432068968252697,1619
0.0,0.03,0.05,portfolio,2008,958,3.1028217811567096,3.2209077413164344,0.03278131584685839,7.664546041162037,0.569375,1.7936157948368634,1619
0.0,0.03,0.05,bitcoin,-1,-1,1.9211722174613552,2.1903522065807604,0.06725093334408966,2.942822576873006,0.5254237288135594,1.564966302784207,1619
0.0,0.03,0.05,ethereum,-1,-1,1.6639807390253352,2.4837174878998964,0.09719016972143663,2.206217768024683,0.5485498108448928,1.4273623880844148,1619
0.0,0.03,0.05,binancecoin,-1,-1,1.6599193800152814,2.755563198459164,0.134986595509795,1.694310578810897,0.5300063171193936,1.4348566151243272,1619
0.0,0.03,0.05,solana,-1,-1,2.1700889294454764,5.704030835144341,0.14543071216207135,2.370097535536146,0.5541481950601647,1.4841303675675586,1619
0.0,0.03,0.08,portfolio,1238,556,3.142242478546313,4.248544742846409,0.050648440054575465,5.813013341145249,0.558125,1.886584308478013,1619
0.0,0.03,0.08,bitcoin,-1,-1,2.071585076747303,3.0791676577463747,0.06824870077459938,3.58423089348049,0.5156838143036386,1.674062258840749,1619
0.0,0.03,0.08,ethereum,-1,-1,1.7770319155386498,3.403645888863278,0.12300261456676886,2.1100007954865556,0.5356017643352237,1.494368370806431,1619
0.0,0.03,0.08,binancecoin,-1,-1,1.5666160829440998,2.433431446302731,0.1529118035080312,1.3843102498590962,0.5239043824701195,1.4353767926005268,1619
0.0,0.03,0.08,solana,-1,-1,2.3035573689283875,9.6173457633555,0.1287713325874938,3.451429522104881,0.540796963946869,1.5757885246918097,1619
0.0,0.03,0.12,portfolio,669,290,3.2134724595538544,5.649343500823197,0.0492705467892942,6.960988374063205,0.55625,1.9970865383149305,1619
0.0,0.03,0.12,bitcoin,-1,-1,1.9621726009090699,3.328128878184031,0.07185380034580904,3.564863967845211,0.5094102885821832,1.6975292898177583,1619
0.0,0.03,0.12,ethereum,-1,-1,1.8666574374781595,4.274842708760285,0.14252032082091026,2.0728794376421464,0.5318210459987398,1.5505901284866437,1619
0.0,0.03,0.12,binancecoin,-1,-1,1.6744568350874443,3.7295638704824423,0.14990600617254615,1.8252211027720247,0.5198989260897031,1.499697948429894,1619
0.0,0.03,0.12,solana,-1,-1,2.428759152848184,14.149239177081078,0.12059836417152346,4.366691382533261,0.5259165613147914,1.6474243248869078,1619
0.005,0.03,0.0,portfolio,2742,1876,1.381564510656,0.9325456508693053,0.054436737323397745,1.9838045950693588,0.3725,1.4368611702851393,1619
0.005,0.03,0.0,bitcoin,-1,-1,0.9055959387285109,0.6761416245500038,0.1380844494724094,0.6062457847614466,0.2787193973634652,1.3104471884843985,1619
0.005,0.03,0.0,ethereum,-1,-1,0.9978026551599194,1.0608774652344324,0.14224573450356434,0.8375341496049614,0.2765151515151515,1.3691625212749172,1619
0.005,0.03,0.0,binancecoin,-1,-1,1.0605088018014126,1.4349008230205307,0.12821107909674087,1.1587710632982697,0.31269740998104867,1.3619514618167712,1619
0.005,0.03,0.0,solana,-1,-1,0.5259265343474236,0.47848603225889463,0.15035523905927356,0.4173647350911845,0.1965065502183406,1.2986556889975764,1619
0.005,0.03,0.01,portfolio,3343,3016,-3.9105982712934084,-0.15092438401865393,0.15092438401865393,-0.16660121864625976,0.10152284263959391,0.10383308413228814,1619
0.005,0.03,0.01,bitcoin,-1,-1,-2.9505136726815557,-0.15155077047652532,0.15155077047652532,-0.16665149461125064,0.07947019867549669,0.12157555272607194,1619
0.005,0.03,0.01,ethereum,-1,-1,-2.7310234265416677,-0.148971243745322,0.15072265375758023,-0.164510638551172,0.1282051282051282,0.2610249243156819,1619
0.005,0.03,0.01,binancecoin,-1,-1,-2.7379380950451044,-0.15198483506301896,0.15198483506301896,-0.16668636050744629,0.10240963855421686,0.17793735247394027,1619
0.005,0.03,0.01,solana,-1,-1,-3.5592611577718367,-0.1515390229046789,0.1515390229046789,-0.1666505512968186,0.07142857142857142,0.10579834547466778,1619
0.005,0.03,0.02,portfolio,3355,3004,-2.6768603406635716,-0.14899010847934258,0.14925834566346355,-0.16614712369114137,0.13654618473895583,0.29666623558152533,1619
0.005,0.03,0.02,bitcoin,-1,-1,-1.737012306559245,-0.1500097691093063,0.15096512823298955,-0.16547404341519836,0.0970873786407767,0.39583135029056726,1619
0.005,0.03,0.02,ethereum,-1,-1,-1.6936323012593384,-0.14542026407141384,0.1505373721067031,-0.1605131573895975,0.11336032388663968,0.4688931301540238,1619
0.005,0.03,0.02,binancecoin,-1,-1,-1.9280349584156824,-0.15067407918027298,0.15067407918027298,-0.166581140856809,0.09502262443438914,0.33853710441072676,1619
0.005,0.03,0.02,solana,-1,-1,-2.7740346251550103,-0.1507238689044278,0.1507238689044278,-0.16658513408671463,0.06806282722513089,0.20609859576028014,1619
0.005,0.03,0.03,portfolio,3371,2981,-1.9901188913454257,-0.14775578757464813,0.14844540359076586,-0.16557479999834426,0.1623529411764706,0.43857122703797335,1619
0.005,0.03,0.03,bitcoin,-1,-1,-1.2627247773623194,-0.1503721191960159,0.1503721191960159,-0.16655692916393391,0.09734513274336283,0.4930264671635463,1619
0.005,0.03,0.03,ethereum,-1,-1,-1.0309466091343311,-0.14200230414262882,0.15049182265154523,-0.15653178486692698,0.14657210401891252,0.6558092251224642,1619
0.005,0.03,0.03,binancecoin,-1,-1,-1.6130780374860325,-0.15077110027812746,0.15077110027812746,-0.16658892239396833,0.09765625,0.4126572146829319,1619
0.005,0.03,0.03,solana,-1,-1,-2.2564496192018124,-0.1496684183803888,0.15001287074371292,-0.16611823499429162,0.06372549019607843,0.27077066105125813,1619
0.005,0.03,0.05,portfolio,3364,2660,-0.27873428322394883,-0.05774361355936719,0.10941480529422576,-0.08422174577311202,0.2595372107567229,0.9421532848010319,1619
0.005,0.03,0.05,bitcoin,-1,-1,-0.9679078300905648,-0.1476779057193216,0.15114617127668842,-0.16252442131777559,0.11724137931034483,0.5919577252397713,1619
0.005,0.03,0.05,ethereum,-1,-1,0.038094533658058996,0.002459876574513631,0.1498294291802651,0.0025528148514577416,0.1983575489576753,1.0097804577146978,1619
0.005,0.03,0.05,binancecoin,-1,-1,0.14813640525193777,0.05702061336234565,0.1326374629197446,0.06535783527922741,0.23562855337965888,1.0368643416661607,1619
0.005,0.03,0.05,solana,-1,-1,-1.090252451565874,-0.14824804043009498,0.15155745778663512,-0.16275367637984978,0.08630952380952381,0.5874259827423997,1619
0.005,0.03,0.08,portfolio,3237,2500,0.2185775946749173,0.05079314373995869,0.08966137772983795,0.08634277761640627,0.2858036272670419,1.050250083036491,1619
0.005,0.03,0.08,bitcoin,-1,-1,-0.6582959386053197,-0.13059654326000614,0.15016165621920038,-0.1434959783276752,0.13870967741935483,0.6842755366624121,1619
0.005,0.03,0.08,ethereum,-1,-1,0.4745034690553908,0.2590658660183154,0.138309690521139,0.2639591707209532,0.22853535353535354,1.1433161219299472,1619
0.005,0.03,0.08,binancecoin,-1,-1,0.41417239288217217,0.2411335924371334,0.15133116487261375,0.2259704206975709,0.2568514977692798,1.11236400943414,1619
0.005,0.03,0.08,solana,-1,-1,-0.47422303749626504,-0.13688036614880672,0.15134323035573835,-0.14967128695390708,0.11001642036124795,0.8226210089030476,1619
0.005,0.03,0.12,portfolio,3144,2368,0.5461585576556586,0.166683855239099,0.07379914366743742,0.32908677215395704,0.30393996247654786,1.1400723519659857,1619
0.005,0.03,0.12,bitcoin,-1,-1,-0.44953418329036926,-0.10366547186922137,0.15181138921918583,-0.11125970015777727,0.18052256532066507,0.7936343066852142,1619
0.005,0.03,0.12,ethereum,-1,-1,0.8045347215219333,0.5778516249842289,0.11123660593512659,0.6613597808181787,0.24116161616161616,1.265386462097259,1619
0.005,0.03,0.12,binancecoin,-1,-1,0.4720353918895683,0.33217755159618667,0.134701444848106,0.33893256574846053,0.26721415034744156,1.138534876188498,1619
0.005,0.03,0.12,solana,-1,-1,-0.1566743942265062,-0.06541431457190838,0.15099166050273413,-0.06937397232687885,0.13043478260869565,0.9371778526088395,1619
0.01,0.03,0.0,portfolio,2110,1247,2.340305294241846,2.8228312455627593,0.045924392321979486,5.054159287044584,0.4525,1.7289422233173495,1619
0.01,0.03,0.0,bitcoin,-1,-1,1.7240435708223214,2.1523705298197897,0.08292266726500512,2.359747209440737,0.40426867545511613,1.6047407871146946,1619
0.01,0.03,0.0,ethereum,-1,-1,1.5951568635020088,2.7811510050663637,0.1323229189730018,1.7382365445272507,0.4073139974779319,1.5425902748661338,1619
0.01,0.03,0.0,binancecoin,-1,-1,1.3236821368470846,2.2140302070740514,0.1217441282000266,1.6369338196848675,0.4074542008843967,1.4158495085834268,1619
0.01,0.03,0.0,solana,-1,-1,1.4597426189517666,3.778606826787726,0.11446816850199358,2.4081655504915656,0.3219047619047619,1.4672532209171543,1619
0.01,0.03,0.01,portfolio,3368,2993,-3.139964264348988,-0.15082011576840093,0.1518356083376799,-0.1654786634844464,0.20710059171597633,0.15565986037272758,1619
0.01,0.03,0.01,bitcoin,-1,-1,-2.070782895278945,-0.15115776942619719,0.15115776942619719,-0.1666199457260617,0.24806201550387597,0.24390424642553493,1619
0.01,0.03,0.01,ethereum,-1,-1,-2.218910724278605,-0.14913427351281006,0.15055877427744052,-0.16488285714150755,0.22695035460992907,0.2778219501967039,1619
0.01,0.03,0.01,binancecoin,-1,-1,-1.8664958377473642,-0.15205559988841832,0.15343004080620218,-0.16519880345430207,0.2375,0.345915490170111,1619
0.01,0.03,0.01,solana,-1,-1,-2.974941646635353,-0.15168967961853974,0.1529506010364291,-0.16528868677902525,0.16774193548387098,0.1541792853480977,1619
0.01,0.03,0.02,portfolio,3369,2990,-1.8538003676717023,-0.14781398408930957,0.1500319718042781,-0.1638929731222778,0.26582278481012656,0.44638188067588536,1619
0.01,0.03,0.02,bitcoin,-1,-1,-1.1769011835652203,-0.1533683536171807,0.1533683536171807,-0.16679763482457152,0.26540284360189575,0.5831239066560978,1619
0.01,0.03,0.02,ethereum,-1,-1,-1.2113823769692567,-0.14661690359819546,0.1508859301730881,-0.161552783924137,0.24888888888888888,0.6026333655016012,1619
0.01,0.03,0.02,binancecoin,-1,-1,-1.1943757846163678,-0.14738509589052873,0.15039148860132415,-0.16299321356620433,0.20175438596491227,0.561513882687085,1619
0.01,0.03,0.02,solana,-1,-1,-1.8685039056262989,-0.14595062097188582,0.15077723510207333,-0.16088315806680667,0.1744186046511628,0.3710126642789322,1619
0.01,0.03,0.03,portfolio,3408,2824,-1.0077927212310396,-0.1301591437757007,0.1370971224032707,-0.15661151905053808,0.3449048152295633,0.7723415431949934,1619
0.01,0.03,0.03,bitcoin,-1,-1,-0.8356877141495985,-0.14978771584643413,0.15224674447207653,-0.16382069557363213,0.25517241379310346,0.7002692769631029,1619
0.01,0.03,0.03,ethereum,-1,-1,-0.7082577220576105,-0.14339000367084243,0.1510250130848146,-0.1576079158057556,0.26849894291754756,0.7938852441207918,1619
0.01,0.03,0.03,binancecoin,-1,-1,-0.2695542423933606,-0.09182281399237868,0.15156562281567357,-0.09817458888712831,0.31108597285067874,0.9328259457520611,1619
0.01,0.03,0.03,solana,-1,-1,-1.4114413589667925,-0.14284240735882336,0.1521456596936314,-0.15580878471609788,0.16574585635359115,0.4700838090707511,1619
0.01,0.03,0.05,portfolio,3294,2426,0.6328877576863526,0.17075984236578767,0.09308750905506959,0.26687255675083915,0.38586616635397125,1.1333529502963369,1619
0.01,0.03,0.05,bitcoin,-1,-1,-0.17781003231975365,-0.047441538403475536,0.15186761840927956,-0.04962687938221071,0.3208791208791209,0.9349439824150177,1619
0.01,0.03,0.05,ethereum,-1,-1,0.6645789455435634,0.39575040847780385,0.10454179764024707,0.5095534967327822,0.334384858044164,1.154825521077533,1619
0.01,0.03,0.05,binancecoin,-1,-1,0.7714269273338358,0.5748906116754633,0.13888516473960763,0.5274399345303566,0.34554643082754266,1.1828292644031673,1619
0.01,0.03,0.05,solana,-1,-1,-0.7259633768857164,-0.13774032580085138,0.15135925237628747,-0.15065725022338694,0.1522491349480969,0.7113869756777047,1619
0.01,0.03,0.08,portfolio,2919,1812,1.4076104993092886,0.6651399173494594,0.07073675708438666,1.1677501276387818,0.401875,1.3189735383661614,1619
0.01,0.03,0.08,bitcoin,-1,-1,1.2827544391356116,1.1270112293247432,0.12408837694886168,1.0045367522959405,0.386691776522285,1.38916678872064,1619
0.01,0.03,0.08,ethereum,-1,-1,0.9768298351110974,0.8210156508748976,0.13362122636262455,0.7318255018643063,0.36128625472887765,1.263816033019554,1619
0.01,0.03,0.08,binancecoin,-1,-1,0.946871218968467,0.8872164875488917,0.13646803401607227,0.7613945842408321,0.36070751737207835,1.2473797687500847,1619
0.01,0.03,0.08,solana,-1,-1,-0.012715945393150631,-0.03000533052838139,0.1504873597551503,-0.03143556980419615,0.21869488536155202,0.9968199640866843,1619
0.01,0.03,0.12,portfolio,2875,2006,1.4278129391328256,0.6344374449064152,0.05245820216241554,1.5149463770637486,0.376875,1.3651960832654735,1619
0.01,0.03,0.12,bitcoin,-1,-1,1.422367638074767,1.620763751371944,0.1211422877219106,1.3355667350456852,0.391713747645951,1.50340955664542,1619
0.01,0.03,0.12,ethereum,-1,-1,1.2752448454373657,1.4061900156465161,0.1161003580321936,1.2613974903374328,0.37326607818411095,1.3831782162077007,1619
0.01,0.03,0.12,binancecoin,-1,-1,-0.5882229023551896,-0.1513893802919376,0.15461623376259098,-0.16316077666072837,0.22968197879858657,0.7318347540914745,1619
0.01,0.03,0.12,solana,-1,-1,0.3751860255827186,0.23460446202996654,0.15292420085293795,0.21806656695122908,0.2383093525179856,1.1071201649907432,1619
0.015,0.03,0.0,portfolio,1846,1003,2.6111724231687554,3.5790020241443328,0.04224359348250077,6.325557775788362,0.47875,1.807117967063671,1619
0.015,0.03,0.0,bitcoin,-1,-1,1.9549831854725155,2.783365634950471,0.07350394405706626,3.1307250664518462,0.45825486503452606,1.6704773816960412,1619
0.015,0.03,0.0,ethereum,-1,-1,1.8123502894556593,3.8460666549571974,0.12510596335927765,2.2256716436129094,0.4587271581600504,1.5896761508766997,1619
0.015,0.03,0.0,binancecoin,-1,-1,1.2288025731171877,1.688575413204593,0.15202272683536389,1.0947202778249516,0.44976713240186295,1.3643832508052185,1619
0.015,0.03,0.0,solana,-1,-1,1.7806737162096038,6.617818332273232,0.10398302836782976,3.5745986977769917,0.3898412698412698,1.5430301894545477,1619
0.015,0.03,0.01,portfolio,3377,2985,-2.657453177887839,-0.15114620096914655,0.1521613035891292,-0.1655074640023111,0.24489795918367346,0.16729439455385609,1619
0.015,0.03,0.01,bitcoin,-1,-1,-1.626421434168372,-0.15000518757383485,0.15000518757383485,-0.16652752194235887,0.36936936936936937,0.2941788484039272,1619
0.015,0.03,0.01,ethereum,-1,-1,-1.9277912188126367,-0.1488868663011227,0.15031178126948855,-0.16486020328330672,0.26436781609195403,0.24798560593184696,1619
0.015,0.03,0.01,binancecoin,-1,-1,-1.7526337536508965,-0.15409435736574928,0.15546549364268886,-0.16538451780363328,0.3188405797101449,0.3171809822555042,1619
0.015,0.03,0.01,solana,-1,-1,-2.541958001146736,-0.15257903111801063,0.15383863061121422,-0.16536893869472286,0.2518518518518518,0.18886968559599995,1619
0.015,0.03,0.02,portfolio,3368,2989,-1.5339697287580116,-0.14854765496879418,0.15076373315583436,-0.16396478605303336,0.3407079646017699,0.5132713929791848,1619
0.015,0.03,0.02,bitcoin,-1,-1,-0.9260905661725427,-0.15085735145299073,0.15085735145299073,-0.16659584103738673,0.37735849056603776,0.6628599232215856,1619
0.015,0.03,0.02,ethereum,-1,-1,-0.9967299219492713,-0.14957288640165511,0.1529874592852741,-0.16277689072374962,0.3482142857142857,0.6681603857968645,1619
0.015,0.03,0.02,binancecoin,-1,-1,-0.9917717144306486,-0.14795475419636728,0.15095913824349746,-0.1630525145203571,0.3103448275862069,0.6036872549645282,1619
0.015,0.03,0.02,solana,-1,-1,-1.6171010829815675,-0.14897078775646289,0.1522896525664988,-0.16281735669049044,0.2621951219512195,0.43234324886052355,1619
0.015,0.03,0.03,portfolio,3406,2869,-0.9743552412718554,-0.13199273558668279,0.13546962449622296,-0.16086512212136317,0.36134453781512604,0.7292781288168176,1619
0.015,0.03,0.03,bitcoin,-1,-1,-0.6372203877264715,-0.14991264633587476,0.15006242394576363,-0.16635390372300596,0.3741648106904232,0.8023178422257289,1619
0.015,0.03,0.03,ethereum,-1,-1,-0.43741460879266164,-0.10917208833190073,0.15017231589070298,-0.1187504427092691,0.34810126582278483,0.8730529991544413,1619
0.015,0.03,0.03,binancecoin,-1,-1,-0.6662131193256976,-0.132939082520234,0.15274742557584897,-0.14375637082814446,0.3057553956834532,0.7561002128211919,1619
0.015,0.03,0.03,solana,-1,-1,-1.024756286961351,-0.1426971395113098,0.15050815478957372,-0.15733285877210668,0.26344086021505375,0.6056978397627438,1619
0.015,0.03,0.05,portfolio,3128,1987,1.2407826629601906,0.46446209449259723,0.09319676200598769,0.6564347934232901,0.44625,1.2624845185841513,1619
0.015,0.03,0.05,bitcoin,-1,-1,1.3466866741483094,1.1048857342505123,0.1387680052743171,0.8850912730199353,0.4478643216080402,1.3631766326488721,1619
0.015,0.03,0.05,ethereum,-1,-1,0.8912001225296788,0.6408215468959921,0.11858125364111437,0.675710300207991,0.4073139974779319,1.1976933930580838,1619
0.015,0.03,0.05,binancecoin,-1,-1,0.6483411346250303,0.4632409678082845,0.15572376076177663,0.39197499301533506,0.4181091877496671,1.147791882593701,1619
0.015,0.03,0.05,solana,-1,-1,-0.5678760737197383,-0.14073298142834345,0.1528157865550815,-0.15268086943275727,0.22295081967213115,0.7925774570575965,1619
0.015,0.03,0.08,portfolio,2758,1577,1.77374904717438,1.0721211249022504,0.06628461512553388,1.8116398007977348,0.441875,1.418992533695094,1619
0.015,0.03,0.08,bitcoin,-1,-1,1.7573632351902377,2.0007842913257385,0.110144185133519,1.6935980288304486,0.44883866917765225,1.5492282710506347,1619
0.015,0.03,0.08,ethereum,-1,-1,1.295477723244883,1.3891293446061752,0.10928203902740345,1.3284859340368333,0.42533081285444235,1.335777213508961,1619
0.015,0.03,0.08,binancecoin,-1,-1,0.9459348501061551,0.8658285838724236,0.15243471866193284,0.6688065760873345,0.42003981420039815,1.2354392119518456,1619
0.015,0.03,0.08,solana,-1,-1,0.38076311437746924,0.2581228554446555,0.15228262654531627,0.23894542878606956,0.29832935560859186,1.088553033712315,1619
0.015,0.03,0.12,portfolio,2447,1425,2.0115955866694413,1.4801771180857384,0.04300188859824633,3.531607281057765,0.4475,1.533204168298022,1619
0.015,0.03,0.12,bitcoin,-1,-1,1.681278587299873,2.2580863713130928,0.09709564009110533,2.0786842785441633,0.44883866917765225,1.5841361296088585,1619
0.015,0.03,0.12,ethereum,-1,-1,1.5468949757724808,2.149296936100441,0.10199179576857416,1.9167718174515644,0.4322621298046629,1.4397058032185828,1619
0.015,0.03,0.12,binancecoin,-1,-1,1.0246370680013341,1.0643577220807225,0.15827534788517453,0.7545686707178517,0.43075898801597867,1.2737531587309956,1619
0.015,0.03,0.12,solana,-1,-1,0.6657574720732629,0.6008788117717281,0.1561188608148332,0.4867523463389321,0.315884476534296,1.1853373547997772,1619
0.02,0.03,0.0,portfolio,1601,801,2.721781730821752,4.590434241713864,0.04256066531787716,7.217867432298768,0.496875,1.8778838316638127,1619
0.02,0.03,0.0,bitcoin,-1,-1,2.0620541256585017,3.1844338570939277,0.061807703897774555,4.0377614858339355,0.4764595103578154,1.7129512851710837,1619
0.02,0.03,0.0,ethereum,-1,-1,1.7757545854572623,3.7931665257285063,0.13233245520137862,2.0876398027922156,0.4804785894206549,1.5557672550478903,1619
0.02,0.03,0.0,binancecoin,-1,-1,1.5064382267192489,3.1142614250573066,0.14074712114060062,1.749803081217968,0.4753787878787879,1.4672848096209832,1619
0.02,0.03,0.0,solana,-1,-1,1.9552401425536239,9.00643192338191,0.10398302836782983,4.146664946063702,0.42576142131979694,1.586426895385417,1619
0.02,0.03,0.01,portfolio,3372,2990,-2.406615632657654,-0.1496343297073256,0.15065124029998941,-0.1653739391417119,0.29931972789115646,0.19643355572971577,1619
0.02,0.03,0.01,bitcoin,-1,-1,-1.3686312270738286,-0.15275749748164513,0.15275749748164513,-0.16674847747673965,0.4788732394366197,0.4100683638534891,1619
0.02,0.03,0.01,ethereum,-1,-1,-1.6492800150657505,-0.14878588463085596,0.15021096866052258,-0.1648509562018962,0.38095238095238093,0.29839729273794496,1619
0.02,0.03,0.01,binancecoin,-1,-1,-1.4626225436166849,-0.14938342534022053,0.15076219761043508,-0.1649552305378624,0.42028985507246375,0.3803771622221712,1619
0.02,0.03,0.01,solana,-1,-1,-2.2298948818025535,-0.1491442726572173,0.15040897754688304,-0.16505892834249025,0.3333333333333333,0.21560508794408514,1619
0.02,0.03,0.02,portfolio,3378,2972,-1.4036100143395198,-0.14913161153057986,0.15134616985170352,-0.16402189774051817,0.36363636363636365,0.5612796118319632,1619
0.02,0.03,0.02,bitcoin,-1,-1,-0.8085328002604731,-0.154522837969998,0.154522837969998,-0.16689065679463758,0.42738589211618255,0.7125431465853542,1619
0.02,0.03,0.02,ethereum,-1,-1,-0.8634298385657316,-0.14926501334606734,0.15236322813291245,-0.1630832165394485,0.41702127659574467,0.7132822906556913,1619
0.02,0.03,0.02,binancecoin,-1,-1,-0.8498264005959788,-0.14700366571404488,0.1500114033801029,-0.16295346941798244,0.3735632183908046,0.6472886018509602,1619
0.02,0.03,0.02,solana,-1,-1,-1.509633218257498,-0.15025120203667552,0.1529991258687615,-0.16355598355478693,0.33121019108280253,0.4552052347756182,1619
0.02,0.03,0.03,portfolio,3341,2388,0.12608645090628362,0.02360359291837022,0.10824189809413712,0.03360852197147661,0.4718397997496871,1.025652857332224,1619
0.02,0.03,0.03,bitcoin,-1,-1,0.5770139322663466,0.3127272190236414,0.11570502627416679,0.3739128409799845,0.46545226130653267,1.1284216966752596,1619
0.02,0.03,0.03,ethereum,-1,-1,-0.40664072804287077,-0.09138767541679327,0.15239690386341065,-0.09715708725363448,0.39436619718309857,0.8628723751698467,1619
0.02,0.03,0.03,binancecoin,-1,-1,0.13612869184976537,0.045617476080578756,0.1537395389326044,0.04531954347520597,0.4519326065411298,1.0320967395530347,1619
0.02,0.03,0.03,solana,-1,-1,-0.859941522985622,-0.14318085117186552,0.15145986939687184,-0.15691048524485135,0.3439153439153439,0.6686931808826454,1619
0.02,0.03,0.05,portfolio,3027,1739,1.362316725235454,0.6565791852762222,0.054925861451637664,1.4880902965071856,0.460625,1.2855980544629364,1619
0.02,0.03,0.05,bitcoin,-1,-1,1.5296003093656856,1.4227586567683432,0.06940690821402805,2.1276541781081595,0.47550251256281406,1.417657626747155,1619
0.02,0.03,0.05,ethereum,-1,-1,0.9317357344849413,0.7325084994599906,0.13045762451241166,0.6845655440380901,0.44801512287334594,1.2015704450223108,1619
0.02,0.03,0.05,binancecoin,-1,-1,0.8865679063178299,0.7610097874129349,0.15147119993846603,0.607883889673904,0.4580559254327563,1.2072415836117902,1619
0.02,0.03,0.05,solana,-1,-1,-0.04877940372594116,-0.057333258804820986,0.1508085931359478,-0.060659383504617595,0.3389679715302491,0.9899012818351342,1619
0.02,0.03,0.08,portfolio,2572,1404,2.255586058136413,1.6765291703022394,0.036966345067797994,4.47994935352556,0.473125,1.5546747051954852,1619
0.02,0.03,0.08,bitcoin,-1,-1,2.0220004238331386,2.6999145227351398,0.06463698885442898,3.494244434074238,0.47206528562460764,1.6460349489204382,1619
0.02,0.03,0.08,ethereum,-1,-1,1.3648661387758758,1.6275371829509355,0.11643063721375344,1.3936235113526487,0.45717884130982367,1.3443179311196367,1619
0.02,0.03,0.08,binancecoin,-1,-1,1.3009985170856824,1.496392641995044,0.15016070043860674,1.019139932293723,0.4630738522954092,1.3401906172175098,1619
0.02,0.03,0.08,solana,-1,-1,0.8896798849792259,0.9071131335217861,0.1508033404332462,0.7009760793734231,0.3578780680918448,1.2104666266810409,1619
0.02,0.03,0.12,portfolio,2198,1169,2.4858080863596093,2.598489639784434,0.03795357163427746,5.811451104135391,0.475625,1.6861746614036046,1619
0.02,0.03,0.12,bitcoin,-1,-1,1.8977269270351111,2.915358112953702,0.08005850185423984,2.9566409937041054,0.4726930320150659,1.6728025404058322,1619
0.02,0.03,0.12,ethereum,-1,-1,1.6356886408297266,2.580098234185215,0.11080019017684728,1.9818760759821434,0.4622166246851385,1.4552031383873199,1619
0.02,0.03,0.12,binancecoin,-1,-1,1.3032121663101812,1.6882013633665687,0.15549255343138677,1.0701290676939146,0.4670219853431046,1.3630733250120148,1619
0.02,0.03,0.12,solana,-1,-1,1.4677136410731109,2.908995691216737,0.11695531070346885,2.021209892377136,0.38515228426395937,1.3573237980290855,1619
0.03,0.03,0.0,portfolio,1202,606,2.9694220031259344,5.667516357577566,0.04314983986281008,7.961613470914287,0.5225,1.9811768795182638,1619
0.03,0.03,0.0,bitcoin,-1,-1,2.0794940824770523,3.3161449881018115,0.07516461156975489,3.400629853324836,0.49780564263322885,1.712929243034305,1619
0.03,0.03,0.0,ethereum,-1,-1,2.036668492920379,5.259029925668285,0.10845889207174832,3.046185155907183,0.5110270951480781,1.6528543013701675,1619
0.03,0.03,0.0,binancecoin,-1,-1,1.7736675302029845,4.43656370570514,0.12962354265548334,2.3262041869048318,0.49842271293375395,1.5655853780316353,1619
0.03,0.03,0.0,solana,-1,-1,2.004971469004377,10.280771296046938,0.1303698507433865,3.514131124362179,0.4680177327422419,1.584162196689033,1619
0.03,0.03,0.01,portfolio,3376,2978,-1.7451184976608172,-0.15170932474792775,0.1527237539558059,-0.16555720254817052,0.4788135593220339,0.4291085390117985,1619
0.03,0.03,0.01,bitcoin,-1,-1,-0.8657092719722694,-0.151857057981016,0.151857057981016,-0.16667609467128935,0.6085106382978723,0.661529218091269,1619
0.03,0.03,0.01,ethereum,-1,-1,-1.2014508165486815,-0.15429443338105375,0.15571029511904452,-0.16535488457182257,0.58,0.48823464345219036,1619
0.03,0.03,0.01,binancecoin,-1,-1,-1.107039833741118,-0.15478223224486432,0.15615225353905263,-0.16544715892047598,0.5590062111801242,0.5068502752173347,1619
0.03,0.03,0.01,solana,-1,-1,-1.6545999473892705,-0.14927253442918076,0.15053704867161344,-0.1650705087273704,0.5244755244755245,0.342362757183807,1619
0.03,0.03,0.02,portfolio,3238,2387,0.26942892310031363,0.06000747044366417,0.10638259694692376,0.08565321824428532,0.539375,1.0507115206579292,1619
0.03,0.03,0.02,bitcoin,-1,-1,0.8453027345943276,0.47409529631005864,0.10552789722299175,0.5899966274540686,0.519774011299435,1.1896032608030198,1619
0.03,0.03,0.02,ethereum,-1,-1,-0.6972926355484027,-0.14749861489007776,0.1545778548119255,-0.15870972582164217,0.5274261603375527,0.7548540185450864,1619
0.03,0.03,0.02,binancecoin,-1,-1,0.26152387160315654,0.14091909965143468,0.14490234181056433,0.14307698733375654,0.5198738170347004,1.0510471725636068,1619
0.03,0.03,0.02,solana,-1,-1,-0.9119189064092721,-0.15174402435568024,0.15800354638633612,-0.160064277975279,0.5,0.6399319883582532,1619
0.03,0.03,0.03,portfolio,3103,2192,1.1692778241190773,0.35527193889977715,0.08329358460710867,0.5817472565158038,0.526875,1.2424595460003802,1619
0.03,0.03,0.03,bitcoin,-1,-1,1.280370409015306,0.9712987093662806,0.09147250940859121,1.2180846364452163,0.5034526051475204,1.3177794069223934,1619
0.03,0.03,0.03,ethereum,-1,-1,-0.32627727053822686,-0.08761260007013383,0.15347916752808324,-0.09232805147103029,0.48698884758364314,0.884496979017538,1619
0.03,0.03,0.03,binancecoin,-1,-1,1.1144763291583157,1.0374015138003752,0.1258091619930786,0.9311066682321548,0.5041009463722398,1.2417994184726724,1619
0.03,0.03,0.03,solana,-1,-1,-0.5220784365441954,-0.12118092729015673,0.15003544707004596,-0.1326733471075845,0.45901639344262296,0.8070364048898911,1619
0.03,0.03,0.05,portfolio,2678,1494,2.103707344992164,1.3981826069140908,0.03665246138163015,3.9793786676421368,0.50375,1.4785264567741967,1619
0.03,0.03,0.05,bitcoin,-1,-1,1.8522781387055482,2.1061065912929826,0.07575619885875036,2.546697664375361,0.506900878293601,1.542120503596569,1619
0.03,0.03,0.05,ethereum,-1,-1,1.4092394427571386,1.4989713848151336,0.12231245348958782,1.2526940063095282,0.5,1.3227571008289873,1619
0.03,0.03,0.05,binancecoin,-1,-1,1.6385199695220674,2.4211986125656515,0.12402523745660586,1.7013022071779573,0.49968454258675077,1.4139231368945104,1619
0.03,0.03,0.05,solana,-1,-1,0.22309647347555658,0.12879138225510456,0.15114659282079282,0.1259420847703802,0.42417061611374407,1.0436243102408578,1619
0.03,0.03,0.08,portfolio,2165,1098,2.781751155629358,2.901129900536464,0.036075036368187575,6.5420212830284,0.505625,1.7269327146394517,1619
0.03,0.03,0.08,bitcoin,-1,-1,2.0595970493759754,3.0059709438251883,0.07650762917614409,3.1515318450203096,0.49780564263322885,1.6720966828016988,1619
0.03,0.03,0.08,ethereum,-1,-1,1.7249015322820727,2.647896256273278,0.08467046054794555,2.6356153446429103,0.4984247006931317,1.4532641192940337,1619
0.03,0.03,0.08,binancecoin,-1,-1,1.7612172361307756,2.978208995298858,0.1289231037366183,1.8598180772302284,0.4965299684542587,1.468223784830023,1619
0.03,0.03,0.08,solana,-1,-1,1.4351152908745612,2.5204190898019347,0.1451959561550941,1.4904362181467299,0.44268524382520585,1.3082799317490414,1619
0.03,0.03,0.12,portfolio,1906,1153,2.8710743645288237,3.0879794000380416,0.036600504042210144,6.694913430816995,0.515625,1.8578313524152026,1619
0.03,0.03,0.12,bitcoin,-1,-1,1.9136000511561522,2.7494448247355305,0.07406181606266228,3.0838755864885585,0.49592476489028214,1.6337263722032156,1619
0.03,0.03,0.12,ethereum,-1,-1,2.058256304692605,4.306071823593076,0.09321105493735618,3.182221567531942,0.5015752993068683,1.5986393007260729,1619
0.03,0.03,0.12,binancecoin,-1,-1,1.8427632046411315,3.99785440380421,0.12985590218562856,2.1916348985348244,0.4965299684542587,1.5439536557610327,1619
0.03,0.03,0.12,solana,-1,-1,1.2347115038445908,1.4789739775402237,0.15235068222872755,0.9962462187683495,0.44883040935672514,1.4555565580989607,1619
0.05,0.03,0.0,portfolio,837,333,2.9600411412801892,5.720243804946694,0.044328188952675825,7.787158459578364,0.530625,1.9585153379873614,1619
0.05,0.03,0.0,bitcoin,-1,-1,2.083872407388935,3.410929064014769,0.055746116473225096,4.661484050798117,0.5037593984962406,1.7142278823322545,1619
0.05,0.03,0.0,ethereum,-1,-1,1.9200326747196408,4.8042398544650915,0.1219427238817518,2.5819996061446,0.5235997482693517,1.594368297617191,1619
0.05,0.03,0.0,binancecoin,-1,-1,1.6301699010974955,3.796637431919529,0.1229192160897494,2.2486826462446654,0.5050441361916772,1.5013642359674728,1619
0.05,0.03,0.0,solana,-1,-1,2.142850064466832,12.829890461620407,0.12019931011116226,4.20232985720383,0.4958886780518659,1.617634659701198,1619
0.05,0.03,0.01,portfolio,3220,2548,-0.30709968558813217,-0.05408323975828999,0.11362856709288995,-0.07583480076262059,0.6145181476846058,0.9345456335771224,1619
0.05,0.03,0.01,bitcoin,-1,-1,0.33105333602867953,0.12653003446688582,0.1301299451301677,0.1438384508991398,0.6156739811912225,1.0740119168051618,1619
0.05,0.03,0.01,ethereum,-1,-1,-0.7010345781875986,-0.14200146320334717,0.150584124877131,-0.15643484772069857,0.7385159010600707,0.7262909341534471,1619
0.05,0.03,0.01,binancecoin,-1,-1,-0.05270976192793959,-0.027397984395335584,0.15039955287811443,-0.028688351661402246,0.6528662420382165,0.9861028622213542,1619
0.05,0.03,0.01,solana,-1,-1,-1.111549821823849,-0.1635257344514588,0.16476906285570259,-0.16635651950079938,0.696969696969697,0.45871213983904874,1619
0.05,0.03,0.02,portfolio,2880,1941,1.24807042848504,0.4326463859110301,0.06906112106271224,0.8334038192208421,0.57875,1.2535943841203052,1619
0.05,0.03,0.02,bitcoin,-1,-1,1.6070370340082292,1.1655241598760462,0.06638185482520367,1.9251797247697586,0.5473354231974922,1.401261859256052,1619
0.05,0.03,0.02,ethereum,-1,-1,0.4152689260163268,0.2357594892692505,0.14487282555886677,0.23122397882389037,0.5732323232323232,1.0822051839377569,1619
0.05,0.03,0.02,binancecoin,-1,-1,0.8848928848570672,0.7174064750989051,0.12865862023759228,0.6826076853233732,0.5548549810844893,1.188205128691226,1619
0.05,0.03,0.02,solana,-1,-1,-0.5355441561650378,-0.13291572245193262,0.1523001823937136,-0.14415159472412467,0.6282051282051282,0.7802400822718077,1619
0.05,0.03,0.03,portfolio,2696,1579,1.832392524477296,0.9373512423344779,0.0490157312836918,2.211948066150526,0.555,1.3799050267435207,1619
0.05,0.03,0.03,bitcoin,-1,-1,1.7782186066738275,1.639477268554356,0.06022036089063471,2.7080705169707815,0.5228840125391849,1.4741919855458867,1619
0.05,0.03,0.03,ethereum,-1,-1,1.1069776316562394,0.9722920965543624,0.11817397819583834,0.9435953485260866,0.5378787878787878,1.2374811074134113,1619
0.05,0.03,0.03,binancecoin,-1,-1,1.2642550256983116,1.376812053063757,0.11725414033580596,1.2303077014864174,0.5271122320302648,1.2841947124408464,1619
0.05,0.03,0.03,solana,-1,-1,0.12312012545156581,0.04717350134030074,0.1656388208440796,0.043471117372308715,0.5398406374501992,1.025940469926678,1619
0.05,0.03,0.05,portfolio,2205,1108,2.6226946483379656,2.4221983443001665,0.03666369345926601,5.7566345579789235,0.548125,1.6310092605402027,1619
0.05,0.03,0.05,bitcoin,-1,-1,1.9693607399748252,2.4228533959376266,0.05821143742883168,3.626358892856847,0.516614420062696,1.58799540592884,1619
0.05,0.03,0.05,ethereum,-1,-1,1.7166184514714247,2.4321399175705984,0.0881052239385277,2.4017465943112635,0.5277078085642317,1.4199435013964925,1619
0.05,0.03,0.05,binancecoin,-1,-1,1.5656135023993707,2.427356402594118,0.11148231202192148,1.8957574462609237,0.5145018915510718,1.396628112749593,1619
0.05,0.03,0.05,solana,-1,-1,1.2971509836651987,2.0229334707067355,0.12905290797880165,1.4559838055600907,0.5034832172260925,1.2584744800058048,1619
0.05,0.03,0.08,portfolio,1735,771,2.9782467899827387,3.6609165520296036,0.03315427200712182,8.165356856602475,0.5325,1.7948685336742607,1619
0.05,0.03,0.08,bitcoin,-1,-1,2.1198554247692583,3.2993217974716087,0.05821143742883139,4.377902590088287,0.5081453634085213,1.6981298961025388,1619
0.05,0.03,0.08,ethereum,-1,-1,1.843858518372726,3.3488628910860765,0.10072595326182315,2.5523092930078977,0.5229704216488358,1.4948647293945498,1619
0.05,0.03,0.08,binancecoin,-1,-1,1.6484895070809982,2.829074966348504,0.1115781762002047,2.083043607490632,0.5100882723833543,1.4363432020070432,1619
0.05,0.03,0.08,solana,-1,-1,1.8259173148895496,4.738421555363687,0.12019931011116243,2.6000490387904143,0.49240506329113926,1.4108323448378928,1619
0.05,0.03,0.12,portfolio,1340,587,3.059250794212193,4.587199831877738,0.03272778921137477,9.382836431648691,0.535,1.8897012345139557,1619
0.05,0.03,0.12,bitcoin,-1,-1,1.9877656476234453,2.992878650905949,0.058211437428831184,4.1312156485184985,0.5043859649122807,1.6603106191385837,1619
0.05,0.03,0.12,ethereum,-1,-1,2.0181112034834046,4.581406961604161,0.10868336504263341,2.8235090273726504,0.5198237885462555,1.586164484506528,1619
0.05,0.03,0.12,binancecoin,-1,-1,1.7263319887565869,3.704688483141302,0.11346748265946459,2.402156324067645,0.5069356872635561,1.5009690905202617,1619
0.05,0.03,0.12,solana,-1,-1,1.9504997024786217,6.916861898538966,0.1256079774409097,3.0248345013233635,0.48703352308665404,1.4751110405960637,1619
0.07,0.03,0.0,portfolio,535,195,2.961094203388465,5.705623283938123,0.04550653804254165,7.575497921687412,0.540625,1.9529182496435955,1619
0.07,0.03,0.0,bitcoin,-1,-1,2.0365800358572264,3.3272806729214244,0.05571307278993619,4.5969588544435265,0.5109580463368817,1.6946662030066788,1619
0.07,0.03,0.0,ethereum,-1,-1,1.906871966146337,4.837375591852576,0.12964695644152904,2.437555382096663,0.5330396475770925,1.5857534194178233,1619
0.07,0.03,0.0,binancecoin,-1,-1,1.6393658425241104,3.882992204774083,0.1243664847255296,2.2510582285565,0.5091367359798362,1.5045955352819413,1619
0.07,0.03,0.0,solana,-1,-1,2.118736495766258,12.579996413827429,0.14523718161508312,3.44850652825328,0.5044191919191919,1.6051903967596608,1619
0.07,0.03,0.01,portfolio,2967,2313,0.45932505132737983,0.10199780973599637,0.07836557745211344,0.19437707095788995,0.628125,1.0995923792650797,1619
0.07,0.03,0.01,bitcoin,-1,-1,1.0967813127815913,0.547547497738917,0.08194644678019244,0.8582644493654971,0.6221804511278195,1.2736452245288032,1619
0.07,0.03,0.01,ethereum,-1,-1,-0.30874341701362723,-0.09353601702385173,0.1500256130511518,-0.10111192479062987,0.7012089810017271,0.895445412393865,1619
0.07,0.03,0.01,binancecoin,-1,-1,0.3642008882405325,0.19001881388380926,0.1356877522619277,0.20229190765866592,0.6607818411097099,1.0814380337129077,1619
0.07,0.03,0.01,solana,-1,-1,-0.73967039569795,-0.1437677011013,0.1513755608770147,-0.1576856025598021,0.7869822485207101,0.5463367128305436,1619
0.07,0.03,0.02,portfolio,2527,1788,1.7941295853560404,0.7207888335106438,0.0741838982327568,1.188351644154681,0.593125,1.39292944738874,1619
0.07,0.03,0.02,bitcoin,-1,-1,1.8383463778498124,1.5046253460354087,0.06384732161083138,2.406143421230575,0.5545112781954887,1.4814315166360172,1619
0.07,0.03,0.02,ethereum,-1,-1,0.9892592348116114,0.7410718975459385,0.1488182643652099,0.605726123237632,0.5906801007556675,1.2127673434837516,1619
0.07,0.03,0.02,binancecoin,-1,-1,1.1014722127574064,1.0363037011196958,0.14296028241117645,0.8187451225654325,0.5639571518588532,1.2483804950026303,1619
0.07,0.03,0.02,solana,-1,-1,-0.25397385967456554,-0.06959385755457959,0.15357610830791096,-0.07270004912455703,0.7087912087912088,0.8589287900243943,1619
0.07,0.03,0.03,portfolio,2262,1232,2.453028860395578,1.6690902063236535,0.050846576653803724,3.2470722956576616,0.58125,1.5493224290731715,1619
0.07,0.03,0.03,bitcoin,-1,-1,1.8196256774449042,1.7651706701537817,0.059934321437153215,2.8620259780620927,0.5275689223057645,1.4950043475846544,1619
0.07,0.03,0.03,ethereum,-1,-1,1.5041612382965224,1.6200386339605832,0.1356625024116938,1.19224964311193,0.5535264483627204,1.3429467667782231,1619
0.07,0.03,0.03,binancecoin,-1,-1,1.4165115391516578,1.7494725423786233,0.1215952860553306,1.4021585587083034,0.5330812854442344,1.3338073395129812,1619
0.07,0.03,0.03,solana,-1,-1,1.123017605882337,1.3052740709194057,0.145393312484254,0.9548485173095222,0.5620253164556962,1.2166386278014603,1619
0.07,0.03,0.05,portfolio,1857,1077,2.8059718030759675,2.443590562861986,0.03893032652369465,5.451655400993728,0.55875,1.7029037679988008,1619
0.07,0.03,0.05,bitcoin,-1,-1,1.9866587080620535,2.5121294799448126,0.06084723243655651,3.5492006257024826,0.5231829573934837,1.603344535269919,1619
0.07,0.03,0.05,ethereum,-1,-1,1.841627465168184,2.9292618004052344,0.10582478539938585,2.243205948937751,0.5384130982367759,1.465687169889169,1619
0.07,0.03,0.05,binancecoin,-1,-1,1.6693733850979762,2.8491672512550896,0.1320137647008533,1.7681986826821512,0.5223692501575299,1.4324753000969355,1619
0.07,0.03,0.05,solana,-1,-1,1.197105196713356,1.3588634160170439,0.1609704322783697,0.8877989948507907,0.5267857142857143,1.3041900596517415,1619
0.07,0.03,0.08,portfolio,1321,589,3.1057469924158356,4.0400523622637134,0.03706314093881941,7.724087879059657,0.54625,1.8408789396896792,1619
0.07,0.03,0.08,bitcoin,-1,-1,2.1163736982666546,3.3516978504106634,0.05663905648521237,4.5412356763392205,0.5153412648716343,1.7007188545229717,1619
0.07,0.03,0.08,ethereum,-1,-1,1.8967503513864867,3.651345487396167,0.11132490544864704,2.4281175368558174,0.5349276274386406,1.5169226227893555,1619
0.07,0.03,0.08,binancecoin,-1,-1,1.517840022529184,2.542531073174917,0.11975727103951003,1.8169368514995348,0.5097668557025835,1.4004798220992123,1619
0.07,0.03,0.08,solana,-1,-1,2.0905435458979778,6.772181048888469,0.1298734566104987,2.89502892700002,0.5192672141503475,1.4905241140055392,1619
0.07,0.03,0.12,portfolio,982,432,3.170766933692139,5.013567332972578,0.03980518118322245,8.092591591350208,0.545625,1.9374746958463638,1619
0.07,0.03,0.12,bitcoin,-1,-1,1.9863391290102668,3.0768636050895335,0.05632185561787513,4.34129254748179,0.5115842204132749,1.665494108190318,1619
0.07,0.03,0.12,ethereum,-1,-1,2.073389080529382,4.986993237082729,0.11877024089855874,2.704515664496688,0.5324103209565765,1.6053457565138167,1619
0.07,0.03,0.12,binancecoin,-1,-1,1.6846400692335124,3.6556562531619905,0.13107599230921782,2.0636359624394216,0.5116572148708255,1.489978011948212,1619
0.07,0.03,0.12,solana,-1,-1,2.13797108646644,8.756203125607243,0.14362151636658096,2.9630127563230597,0.5056818181818182,1.5336895194344016,1619
0.1,0.03,0.0,portfolio,314,102,3.0095092941087707,5.91849016568015,0.047274061677340475,7.430962720581876,0.545,1.9792560139778022,1619
0.1,0.03,0.0,bitcoin,-1,-1,2.069417374902601,3.4324271268892756,0.06680700014524828,3.903983465024567,0.5118898623279099,1.7092675323468118,1619
0.1,0.03,0.0,ethereum,-1,-1,1.8266649250049594,4.461709123996288,0.13602145596359871,2.2236639608603204,0.5348837209302325,1.556485658525917,1619
0.1,0.03,0.0,binancecoin,-1,-1,1.6664980517599266,4.0418505273778145,0.13125499769429488,2.181634089424645,0.5138539042821159,1.5166075926915044,1619
0.1,0.03,0.0,solana,-1,-1,2.2042733080015213,14.493155887174245,0.13593654335039482,3.9132912151537638,0.5126262626262627,1.637144872883725,1619
0.1,0.03,0.01,portfolio,2806,2251,0.630416083994559,0.15619771473607424,0.08249136522071765,0.2769730235715596,0.6378986866791745,1.149148910204107,1619
0.1,0.03,0.01,bitcoin,-1,-1,1.4218179560336324,0.774760039315473,0.06307688392822824,1.4807295706918655,0.6136505948653725,1.3661323179639902,1619
0.1,0.03,0.01,ethereum,-1,-1,-0.2786529341008421,-0.09642806752475708,0.15068186412465767,-0.10392165047534156,0.7110187110187111,0.8901821228900086,1619
0.1,0.03,0.01,binancecoin,-1,-1,0.47852968042255145,0.2748437112800206,0.16555724659001747,0.23266416519308747,0.6655694535878868,1.1164037063759396,1619
0.1,0.03,0.01,solana,-1,-1,-0.6770587191240472,-0.15490198371954778,0.16766166005152794,-0.15421791219539416,0.7964071856287425,0.5348967419406797,1619
0.1,0.03,0.02,portfolio,2435,1893,1.5451017713515138,0.5327353821462568,0.07481481266194794,0.9186772269507132,0.5909943714821764,1.3714538050210816,1619
0.1,0.03,0.02,bitcoin,-1,-1,1.9369977332806754,1.64662960217344,0.07128160850462553,2.2947151241965322,0.5510331872260489,1.515521077010782,1619
0.1,0.03,0.02,ethereum,-1,-1,0.17553361245904262,0.06270898626763355,0.15467113321890363,0.061497495718241015,0.5966620305980529,1.0575242836757823,1619
0.1,0.03,0.02,binancecoin,-1,-1,1.1318089949118049,0.9946898732526062,0.15642454358773153,0.7253579065900053,0.5697131420947298,1.268754133489762,1619
0.1,0.03,0.02,solana,-1,-1,-0.2196865687085729,-0.062426147975517265,0.16092881779676507,-0.06203425989536874,0.727810650887574,0.8595545904840964,1619
0.1,0.03,0.03,portfolio,1874,1045,2.5999285652612274,1.9921804333705153,0.06029872147192509,3.0848050067907113,0.585625,1.6149912118729008,1619
0.1,0.03,0.03,bitcoin,-1,-1,2.0182902959838316,2.1149755474916794,0.06262019429908866,3.089381625802988,0.530369442705072,1.5671981273190538,1619
0.1,0.03,0.03,ethereum,-1,-1,1.4678460934988666,1.7199448449024737,0.149601899104988,1.1265253596090326,0.5575833857772183,1.3518474576384774,1619
0.1,0.03,0.03,binancecoin,-1,-1,1.3301789608042105,1.6817914778284186,0.1451606154654747,1.1433112436963644,0.5358942065491183,1.323638612698841,1619
0.1,0.03,0.03,solana,-1,-1,1.4621277981741427,2.165496897526307,0.14219418267932885,1.381562325365321,0.5742261528742894,1.3015125231197335,1619
0.1,0.03,0.05,portfolio,1553,945,2.8197485845554153,2.6117229714287213,0.048666790385456335,4.54648638663927,0.558125,1.7352547192772831,1619
0.1,0.03,0.05,bitcoin,-1,-1,2.101996397487332,2.8272000535112496,0.0634159334012746,3.6635628560465734,0.5216030056355667,1.6537716532875666,1619
0.1,0.03,0.05,ethereum,-1,-1,1.7146390085799441,2.7406914068734856,0.1156208003824475,1.9715363203860987,0.5440251572327044,1.4416126190342724,1619
0.1,0.03,0.05,binancecoin,-1,-1,1.585951603882685,2.7475933022412606,0.14824209563833976,1.5400685467459208,0.5258186397984886,1.4198256940902871,1619
0.1,0.03,0.05,solana,-1,-1,1.3607762316856247,1.8009173231101654,0.15592741098769175,1.1151224646794504,0.5446428571428571,1.3646852640903657,1619
0.1,0.03,0.08,portfolio,1001,437,3.106182747900423,4.254141645237378,0.042272706454963074,6.969859206523179,0.555625,1.8578639374515742,1619
0.1,0.03,0.08,bitcoin,-1,-1,2.120765189081485,3.382775034677775,0.06680700014524764,3.870920506747075,0.5156445556946183,1.7060938291566026,1619
0.1,0.03,0.08,ethereum,-1,-1,1.8193785238397575,3.4293944473289306,0.11766272686380724,2.2154773974016537,0.5386549340037712,1.4977012414183521,1619
0.1,0.03,0.08,binancecoin,-1,-1,1.4993631968229035,2.597137278595784,0.14882940459084498,1.481521187779466,0.517632241813602,1.4058952925023922,1619
0.1,0.03,0.08,solana,-1,-1,2.2066535952387882,8.370698173034164,0.1258099103599413,3.3116211674525085,0.5265151515151515,1.5350789352408423,1619
0.1,0.03,0.12,portfolio,708,310,3.141630006554715,5.195786312031168,0.043528900272811366,7.541759647188596,0.551875,1.9464558166007975,1619
0.1,0.03,0.12,bitcoin,-1,-1,2.0219256575553737,3.181489627943778,0.06740863070593316,3.700236486603345,0.5131414267834794,1.6796163034845717,1619
0.1,0.03,0.12,ethereum,-1,-1,1.9712345323926053,4.66095137853303,0.12505450905293436,2.476921431451735,0.5348837209302325,1.5760290317027603,1619
0.1,0.03,0.12,binancecoin,-1,-1,1.5941663294580355,3.4123297637092582,0.1437202339513878,1.8085268097199378,0.5163727959697733,1.4695546737827563,1619
0.1,0.03,0.12,solana,-1,-1,2.2546309794918056,10.881735189136196,0.13298225712476167,3.534038222307989,0.5164141414141414,1.5822260620569124,1619
