sl,ee,tp,scope,sharpe,total_return,max_drawdown,calmar,win_rate,profit_factor,n_bars
0.0,1.0,0.0,portfolio,3.2577642558070434,3.010062371818038,0.03512542191760291,10.13725266061862,0.5460176991150443,2.023764612061593,1149
0.0,1.0,0.0,bitcoin,1.8449377838260133,1.9096614790819415,0.07181354369799398,3.6755135498764666,0.5013286093888397,1.6402518609378236,1149
0.0,1.0,0.0,ethereum,1.1247418008120025,0.7566626587720664,0.15002277920674814,0.8767206998389321,0.5280289330922242,1.4724735529837973,1149
0.0,1.0,0.0,binancecoin,1.6401760535539671,2.3042116369392986,0.0981394693287854,3.053800118232882,0.5106194690265486,1.5012526324576447,1149
0.0,1.0,0.0,solana,2.7025250044361795,12.08598300904668,0.10430909278527452,7.263774592250984,0.515929203539823,1.8152791013818832,1149
0.0,1.0,0.01,portfolio,3.0306302331339166,2.6168944313285447,0.037304586014443045,8.731615587957814,0.536283185840708,1.922521325784762,1149
0.0,1.0,0.01,bitcoin,1.7119562315009809,1.6700866944695787,0.07717142743789784,3.114560610091233,0.4995571302037201,1.5787934405300343,1149
0.0,1.0,0.01,ethereum,1.0408527734584456,0.6764875079674957,0.15682055371949463,0.7651682193530992,0.5237226277372263,1.4336984412427272,1149
0.0,1.0,0.01,binancecoin,1.4650630804191156,1.8781798593689656,0.10402809343711986,2.5083566940088824,0.504424778761062,1.436130801940179,1149
0.0,1.0,0.01,solana,2.568179265895579,10.367534156150448,0.10430909278527464,6.751442085729739,0.5176991150442478,1.7593748160517493,1149
0.0,1.0,0.02,portfolio,3.1134511107773886,2.754518310724672,0.036855278959610195,9.133891506065806,0.5398230088495575,1.9585992989883514,1149
0.0,1.0,0.02,bitcoin,1.7720889742292139,1.7687058427360234,0.07462243857356675,3.3536954032361788,0.49867139061116034,1.6052185197044502,1149
0.0,1.0,0.02,ethereum,1.0698502366598839,0.7027916886253684,0.1551524600062936,0.7980846517961895,0.5237226277372263,1.447438700631247,1149
0.0,1.0,0.02,binancecoin,1.5343895213197118,2.045104880094368,0.10402809343712056,2.6591616830605043,0.5070796460176992,1.4618288941964934,1149
0.0,1.0,0.02,solana,2.6079153775469384,10.840357268561474,0.1043090927852748,6.898126397720807,0.5176991150442478,1.775966835159074,1149
0.0,1.0,0.03,portfolio,3.166690555894876,2.8410064988367747,0.036285595959075365,9.461748631669657,0.54070796460177,1.9823841225229872,1149
0.0,1.0,0.03,bitcoin,1.7991456615722272,1.8183482848847046,0.07181354369799413,3.552859041018107,0.5022143489813995,1.6180116110949088,1149
0.0,1.0,0.03,ethereum,1.088089605891199,0.7196903326734794,0.15263280171524438,0.8272235639165157,0.5237226277372263,1.4576021563250976,1149
0.0,1.0,0.03,binancecoin,1.5782597004893029,2.147754338729587,0.1027362971142896,2.7832828289545284,0.5097345132743363,1.4782943485263231,1149
0.0,1.0,0.03,solana,2.63708683031026,11.201713712529285,0.10430909278527507,7.007177257773729,0.5176991150442478,1.7875573913826368,1149
0.0,1.0,0.05,portfolio,3.2038803574204224,2.9097313624063763,0.035591183673979655,9.793442555967006,0.5460176991150443,1.9995013101437844,1149
0.0,1.0,0.05,bitcoin,1.8101152567439325,1.8467075092902925,0.07185380034580983,3.589267956933791,0.5022143489813995,1.6231931682555805,1149
0.0,1.0,0.05,ethereum,1.1042754238484445,0.7357004389263448,0.15136879085728186,0.8492688533000231,0.5255474452554745,1.4661557647318504,1149
0.0,1.0,0.05,binancecoin,1.61418284612836,2.2346315689416,0.10141725837607012,2.895421871078112,0.5088495575221239,1.4910257101283964,1149
0.0,1.0,0.05,solana,2.660187898781702,11.500669314988471,0.10430909278527484,7.095506756045033,0.515929203539823,1.7973540113385251,1149
0.0,1.0,0.08,portfolio,3.23517219657191,2.961765935040787,0.03546291642372736,9.939292337552416,0.5442477876106194,2.0128884718555993,1149
0.0,1.0,0.08,bitcoin,1.835541706178223,1.887110040588114,0.07181354369799398,3.64550435351377,0.5022143489813995,1.634792255986711,1149
0.0,1.0,0.08,ethereum,1.1132427153325755,0.7451545526952899,0.15081469779472387,0.8613094474364817,0.5255474452554745,1.4712294170470541,1149
0.0,1.0,0.08,binancecoin,1.6305422669526333,2.271964084157959,0.10008956862295561,2.966399998631533,0.5106194690265486,1.4967500858949065,1149
0.0,1.0,0.08,solana,2.6800706780971937,11.775833032365446,0.10430909278527492,7.175360946130337,0.515929203539823,1.805639469121943,1149
0.0,1.0,0.12,portfolio,3.2368094221621395,2.9709926609097175,0.03559118367397947,9.922864494949023,0.5460176991150443,2.0150516992838052,1149
0.0,1.0,0.12,bitcoin,1.8305016150136155,1.8836489055325631,0.07181354369799367,3.640882437647637,0.5013286093888397,1.6331139959923262,1149
0.0,1.0,0.12,ethereum,1.1167267615446521,0.7479854664567391,0.15081469779472328,0.8639732011147384,0.5255474452554745,1.4728679793535862,1149
0.0,1.0,0.12,binancecoin,1.6279340514448524,2.272347767117107,0.10141725837607043,2.9278946585209735,0.5106194690265486,1.496595130974435,1149
0.0,1.0,0.12,solana,2.6863432869019346,11.884133023861756,0.10430909278527471,7.206422265170224,0.515929203539823,1.808915353924341,1149
0.005,1.0,0.0,portfolio,3.3619693336268153,3.6770743419217133,0.03506683739193926,11.481456989047421,0.5592920353982301,2.064877166674484,1149
0.005,1.0,0.0,bitcoin,1.8978062436231544,2.0045237335909096,0.06990374982613085,3.903604581190699,0.5066430469441984,1.6631293476202178,1149
0.005,1.0,0.0,ethereum,1.6673916299393696,1.919376263479835,0.14576797521880933,1.8171069639170645,0.5389380530973451,1.4892173204533765,1149
0.005,1.0,0.0,binancecoin,1.699348457368064,2.4575701647673784,0.09813946932878533,3.1862321590997857,0.5141592920353982,1.5233568271406726,1149
0.005,1.0,0.0,solana,2.727805971191839,12.41034108256227,0.10389850594427322,7.383569025506528,0.5203539823008849,1.825827827072643,1149
0.005,1.0,0.01,portfolio,3.1449567146124204,2.8025630119667935,0.037216203926480174,9.145608715575625,0.5424778761061947,1.9711957605802548,1149
0.005,1.0,0.01,bitcoin,1.8018802867610473,1.8218450252670548,0.07147556628583858,3.5744351081294394,0.5048715677590788,1.616982123013135,1149
0.005,1.0,0.01,ethereum,1.076530875711696,0.7095348815389744,0.15015606556673228,0.8311310387823975,0.531021897810219,1.4514811120312912,1149
0.005,1.0,0.01,binancecoin,1.5639379930596415,2.1057743993915876,0.10402809343712038,2.712373903106973,0.5088495575221239,1.471454449065333,1149
0.005,1.0,0.01,solana,2.6173634962773877,10.93941472461118,0.10389850594427312,6.955655013515142,0.5212389380530974,1.7789022349384795,1149
0.005,1.0,0.02,portfolio,3.2370192065367602,3.4018966986435295,0.036598161103863706,10.49474601725436,0.552212389380531,2.00590432531827,1149
0.005,1.0,0.02,bitcoin,1.8446309002917305,1.895211898307565,0.07063900042932902,3.717101377070831,0.5048715677590788,1.6361555229890024,1149
0.005,1.0,0.02,ethereum,1.603091093258364,1.7906745254347682,0.14803410007946982,1.7052150065968992,0.5371681415929204,1.4660324445504578,1149
0.005,1.0,0.02,binancecoin,1.6020617341920889,2.2076772053597904,0.10402809343712008,2.7999526191676964,0.5106194690265486,1.4859476344553588,1149
0.005,1.0,0.02,solana,2.6485325387328724,11.322566856074138,0.10389850594427345,7.070918739798727,0.5203539823008849,1.7924975061244441,1149
0.005,1.0,0.03,portfolio,3.282755100755805,3.4967954835682873,0.03602832602268233,10.840868854981482,0.5530973451327433,2.027232319729046,1149
0.005,1.0,0.03,bitcoin,1.864974854717206,1.937340287257184,0.0699037498261315,3.813514320892823,0.5066430469441984,1.6465359695000699,1149
0.005,1.0,0.03,ethereum,1.6224578114865211,1.8297083247361559,0.14805215406838682,1.7308173535682831,0.536283185840708,1.4731545058285684,1149
0.005,1.0,0.03,binancecoin,1.6439120282793194,2.3101683443435976,0.10273629711428964,2.922159450661183,0.5132743362831859,1.5024119195321068,1149
0.005,1.0,0.03,solana,2.672817131257706,11.637665864552558,0.10389850594427343,7.163631514472373,0.5203539823008849,1.8022745876589257,1149
0.005,1.0,0.05,portfolio,3.316450048264552,3.5758209123135343,0.035532627428086265,11.141919116304887,0.5584070796460177,2.042866587164037,1149
0.005,1.0,0.05,bitcoin,1.8751809420433638,1.9627656759129986,0.06990374982613087,3.84779609643444,0.5075287865367581,1.652273816549813,1149
0.005,1.0,0.05,ethereum,1.6509599786381817,1.8850657044377885,0.14709309868751988,1.7784694062628685,0.5380530973451327,1.4833236302622756,1149
0.005,1.0,0.05,binancecoin,1.6697073049181603,2.3754704574816494,0.10141725837607035,3.0152132344887606,0.5123893805309735,1.5114927997095873,1149
0.005,1.0,0.05,solana,2.6933174069687285,11.919408857177086,0.10389850594427363,7.245013846659544,0.5203539823008849,1.8106146370612033,1149
0.005,1.0,0.08,portfolio,3.340010479195517,3.625655485107589,0.03540434553078754,11.276068318571642,0.5575221238938053,2.0542148458287115,1149
0.005,1.0,0.08,bitcoin,1.8903397020314974,1.984862643275255,0.06990374982613062,3.8774040239571264,0.5066430469441984,1.6586025400298403,1149
0.005,1.0,0.08,ethereum,1.6519214579319506,1.8904258880848723,0.14710320893622172,1.7818392965265868,0.5371681415929204,1.4838527526559822,1149
0.005,1.0,0.08,binancecoin,1.6911194472807323,2.429694574161386,0.09945149359316531,3.1207844452084244,0.5141592920353982,1.5195152772678409,1149
0.005,1.0,0.08,solana,2.7099999842888742,12.154104511606032,0.10389850594427384,7.311755217095519,0.5203539823008849,1.8182960432496647,1149
0.005,1.0,0.12,portfolio,3.3414067016150417,3.635090343058227,0.03553262742808635,11.25296059055395,0.5592920353982301,2.055719423076204,1149
0.005,1.0,0.12,bitcoin,1.8868371459194662,1.984498366649992,0.0699037498261313,3.87691731578675,0.5066430469441984,1.657657177177035,1149
0.005,1.0,0.12,ethereum,1.658995363162303,1.9038773910458553,0.14710320893622023,1.7905806473897201,0.5380530973451327,1.4864135198759647,1149
0.005,1.0,0.12,binancecoin,1.6871172903111582,2.4242273956785145,0.10141725837607031,3.0557744498721564,0.5141592920353982,1.5186282653059753,1149
0.005,1.0,0.12,solana,2.712745892265817,12.219250046731583,0.1038985059442735,7.3301159697295715,0.5203539823008849,1.8197855254065811,1149
0.01,1.0,0.0,portfolio,3.3846753960009837,3.730339018329162,0.03503661895850328,11.590909465846448,0.5601769911504425,2.0746988504247708,1149
0.01,1.0,0.0,bitcoin,1.918468785224234,2.0436893221883228,0.06838555650650138,4.043212525578489,0.5066430469441984,1.6716916499979306,1149
0.01,1.0,0.0,ethereum,1.6803435262144293,1.9463008761895564,0.14412546739785845,1.855503829623541,0.5380530973451327,1.4937772118441208,1149
0.01,1.0,0.0,binancecoin,1.7127792139105038,2.494293793647965,0.09813946932878514,3.2172621971281834,0.5150442477876106,1.528496399711364,1149
0.01,1.0,0.0,solana,2.7398547211883053,12.579375427094051,0.1030355838230198,7.492588060814683,0.5230088495575221,1.8305890692587476,1149
0.01,1.0,0.01,portfolio,3.111115408375359,2.896094180032603,0.03672633728155257,9.462614299503263,0.5442477876106194,1.97317000489611,1149
0.01,1.0,0.01,bitcoin,1.8392602716684734,1.8904337107833036,0.06912200725705454,3.792063307870389,0.5048715677590788,1.6331601635279187,1149
0.01,1.0,0.01,ethereum,1.037372654963577,0.7253612448212667,0.15198822414304486,0.8360842637555372,0.5462068965517242,1.385971180736732,1149
0.01,1.0,0.01,binancecoin,1.6029278877313735,2.2009235914451515,0.10337108596134476,2.811975586308524,0.5123893805309735,1.4852910207893715,1149
0.01,1.0,0.01,solana,2.6510602540092587,11.358042183193486,0.10303558382301956,7.1407556752575125,0.5230088495575221,1.7923567977499306,1149
0.01,1.0,0.02,portfolio,3.2801399167977854,3.4983241305056296,0.03639262948052111,10.73519626716643,0.5539823008849557,2.0243415171486503,1149
0.01,1.0,0.02,bitcoin,1.875603992257581,1.9526643891588291,0.06905056894433108,3.881578826780262,0.5048715677590788,1.6494033135959412,1149
0.01,1.0,0.02,ethereum,1.6273635820954937,1.8397271106191786,0.14702553660613862,1.7495287226270744,0.5371681415929204,1.4743702370469882,1149
0.01,1.0,0.02,binancecoin,1.6298370013592192,2.2781229212527645,0.10337108596134521,2.8774071726332235,0.5123893805309735,1.4961829338513095,1149
0.01,1.0,0.02,solana,2.675309993236282,11.668978786532778,0.10303558382301978,7.2328175797848235,0.5238938053097345,1.8031479896024507,1149
0.01,1.0,0.03,portfolio,3.3150064964469794,3.5720254794308834,0.035822672831034,11.044615303779551,0.5539823008849557,2.040607447059463,1149
0.01,1.0,0.03,bitcoin,1.8855863762152032,1.975812624173305,0.06838555650650158,3.9511101275324734,0.5066430469441984,1.6546578887934031,1149
0.01,1.0,0.03,ethereum,1.649378536482216,1.8848960939217667,0.14641403824107888,1.7866067486242294,0.536283185840708,1.4823943521409535,1149
0.01,1.0,0.03,binancecoin,1.6604098262886688,2.35513911734275,0.10207834237684765,2.978747404445846,0.5141592920353982,1.508404112727984,1149
0.01,1.0,0.03,solana,2.691864411256734,11.897404272575084,0.10303558382301994,7.299332024817219,0.5221238938053098,1.8095983105326068,1149
0.01,1.0,0.05,portfolio,3.345273751688056,3.6430191140419765,0.03550242358161445,11.277317045211658,0.5601769911504425,2.0556588191243144,1149
0.01,1.0,0.05,bitcoin,1.8954533638191804,2.000587229324152,0.06838555650650129,3.984915236278848,0.5075287865367581,1.6603048748000495,1149
0.01,1.0,0.05,ethereum,1.667076041170018,1.918569705325635,0.14545313879921348,1.8205131462003228,0.5371681415929204,1.4890837661656602,1149
0.01,1.0,0.05,binancecoin,1.6834555210957036,2.4146262909846103,0.10075833640036434,3.06775466982273,0.5132743362831859,1.5170297442893976,1149
0.01,1.0,0.05,solana,2.7155085325040518,12.212500437485359,0.10303558382302017,7.389590683637556,0.5230088495575221,1.8195709324588338,1149
0.01,1.0,0.08,portfolio,3.3649211308770766,3.682137842481983,0.03537413412923478,11.391127859506117,0.5584070796460177,2.06468872580366,1149
0.01,1.0,0.08,bitcoin,1.9102809839501136,2.0228272688889297,0.06838555650650126,4.015076814532748,0.5066430469441984,1.6668571249673076,1149
0.01,1.0,0.08,ethereum,1.6674953446363594,1.9224895349999631,0.14546326848778468,1.8229462430631245,0.536283185840708,1.4893788588405705,1149
0.01,1.0,0.08,binancecoin,1.7056335229333124,2.4686638037479587,0.09879113014128281,3.17455335454687,0.5150442477876106,1.5250872611609758,1149
0.01,1.0,0.08,solana,2.722879421922102,12.332333288191164,0.10303558382302007,7.423475714908846,0.5230088495575221,1.8232594077203867,1149
0.01,1.0,0.12,portfolio,3.368439056615422,3.697915244850458,0.03550242358161426,11.379132164062884,0.5601769911504425,2.0675830269748627,1149
0.01,1.0,0.12,bitcoin,1.9093536024401259,2.0268860741970065,0.06838555650650184,4.0205625936856055,0.5066430469441984,1.6670869919859694,1149
0.01,1.0,0.12,ethereum,1.6723150460271707,1.9318982562990583,0.1454632684877841,1.8290797550806501,0.5371681415929204,1.4911575313971983,1149
0.01,1.0,0.12,binancecoin,1.702621750589189,2.4667195863249534,0.10075833640036481,3.1109703123959678,0.5150442477876106,1.5246230459471413,1149
0.01,1.0,0.12,solana,2.730659819992951,12.456172812183668,0.10303558382301958,7.458244799822202,0.5230088495575221,1.8270331692201731,1149
0.015,1.0,0.0,portfolio,3.398487433805427,3.76102882217318,0.035036618958503137,11.647870951675708,0.5601769911504425,2.080985070192761,1149
0.015,1.0,0.0,bitcoin,1.9260987492075659,2.0593868846810524,0.06838555650650206,4.064284024730589,0.5066430469441984,1.67600472459188,1149
0.015,1.0,0.0,ethereum,1.6912206957439826,1.9683425402333055,0.14282874199469295,1.8868671740829894,0.5380530973451327,1.4973586029183705,1149
0.015,1.0,0.0,binancecoin,1.7219749712265024,2.5201747579369185,0.09813946932878567,3.238978013182083,0.5150442477876106,1.5318293406788224,1149
0.015,1.0,0.0,solana,2.745999131021598,12.65875617842442,0.10303399068323257,7.514703332967796,0.5230088495575221,1.8329537815459658,1149
0.015,1.0,0.01,portfolio,3.2665416079814746,3.4661931216514974,0.03632720886187068,10.694388853410693,0.552212389380531,2.0180398497649814,1149
0.015,1.0,0.01,bitcoin,1.8558919956357787,1.9250826165136532,0.06912200725705465,3.8398456152534726,0.5048715677590788,1.6421586019342413,1149
0.015,1.0,0.01,ethereum,1.6196705725650689,1.8242381193101123,0.1491306740471516,1.7147257927488588,0.536283185840708,1.471535975968913,1149
0.015,1.0,0.01,binancecoin,1.625741265276317,2.258099905103432,0.1027040310639347,2.8791319280398278,0.5132743362831859,1.4936183569962396,1149
0.015,1.0,0.01,solana,2.6675279710991857,11.572665930134445,0.10303399068323216,7.204603114029817,0.5230088495575221,1.7987377033353231,1149
0.015,1.0,0.02,portfolio,3.3078326125685753,3.5601075465525946,0.03621569630056989,10.90270152315099,0.552212389380531,2.037333665232057,1149
0.015,1.0,0.02,bitcoin,1.8881812520318744,1.9766956222379113,0.06905056894433166,3.9142547489953015,0.5048715677590788,1.6563064813308503,1149
0.015,1.0,0.02,ethereum,1.6477672519108504,1.8819814752879225,0.1448064209032549,1.804510145691895,0.5371681415929204,1.4812977116906325,1149
0.015,1.0,0.02,binancecoin,1.654402514630811,2.340889430337183,0.10270403106393454,2.9487534171969383,0.5132743362831859,1.5050084951543317,1149
0.015,1.0,0.02,solana,2.6870968169000595,11.82936684486186,0.1030339906832325,7.2797298169937275,0.5238938053097345,1.807616053809143,1149
0.015,1.0,0.03,portfolio,3.340420837600809,3.6293663445517037,0.03564563499824822,11.206643695625727,0.5548672566371682,2.0522457983185354,1149
0.015,1.0,0.03,bitcoin,1.8981832494709228,2.0016096770735596,0.0683855565065014,3.986305683988483,0.5066430469441984,1.6612669584252995,1149
0.015,1.0,0.03,ethereum,1.6653672863336917,1.9154134657383515,0.14512078022458977,1.8226144973223637,0.536283185840708,1.4879334564834543,1149
0.015,1.0,0.03,binancecoin,1.6811664041230574,2.4126840973844432,0.10141032573157752,3.046420688285111,0.5141592920353982,1.5159076502668456,1149
0.015,1.0,0.03,solana,2.7043000471339043,12.072671268285468,0.10303399068323243,7.349860280666773,0.5221238938053098,1.8144684456343527,1149
0.015,1.0,0.05,portfolio,3.3641235392875584,3.6840087763184712,0.03532527251622841,11.410364008367699,0.5592920353982301,2.0643466874546106,1149
0.015,1.0,0.05,bitcoin,1.9092314379041633,2.027857696560105,0.06838555650650158,4.0218749620594645,0.5075287865367581,1.6681879005705134,1149
0.015,1.0,0.05,ethereum,1.6831440133273363,1.950617122855089,0.14415842493532063,1.8579028380821796,0.5371681415929204,1.4945445887219497,1149
0.015,1.0,0.05,binancecoin,1.6957600449552028,2.447533214053039,0.10008933772513992,3.115800783924353,0.5141592920353982,1.5213924381610664,1149
0.015,1.0,0.05,solana,2.7209338140858983,12.28546688425468,0.1030339906832326,7.410366344040168,0.5230088495575221,1.821438792746715,1149
0.015,1.0,0.08,portfolio,3.3805391185119182,3.7198857858828687,0.03537413412923488,11.461035403697288,0.5584070796460177,2.07191804953169,1149
0.015,1.0,0.08,bitcoin,1.924250832407965,2.0512150013291834,0.06838555650650131,4.053325122044667,0.5066430469441984,1.6743091386385718,1149
0.015,1.0,0.08,ethereum,1.678409010658268,1.9443602595090956,0.14416856997126168,1.8536787821852672,0.536283185840708,1.4929510544773448,1149
0.015,1.0,0.08,binancecoin,1.7175359919578224,2.5030613171976013,0.09879113014128306,3.203361938149066,0.5150442477876106,1.5294350506573875,1149
0.015,1.0,0.08,solana,2.7283730315380548,12.40435696514841,0.10303399068323194,7.4438426426418784,0.5230088495575221,1.8251572512752006,1149
0.015,1.0,0.12,portfolio,3.3839000339611403,3.7327475384922257,0.035325272516228294,11.500640725968973,0.5601769911504425,2.0745468979805213,1149
0.015,1.0,0.12,bitcoin,1.9180937134818683,2.045673662588033,0.06838555650650135,4.045880867026339,0.5066430469441984,1.6720070195274328,1149
0.015,1.0,0.12,ethereum,1.686010389277257,1.9598967825072102,0.14416856997125949,1.8638305060317506,0.5371681415929204,1.4958828266475508,1149
0.015,1.0,0.12,binancecoin,1.7139408622876786,2.4975204981843793,0.10008933772513977,3.1572471878024904,0.5150442477876106,1.5286855131794503,1149
0.015,1.0,0.12,solana,2.735629375070391,12.522582659613695,0.10303399068323242,7.476902792223286,0.5230088495575221,1.8286767685649095,1149
0.02,1.0,0.0,portfolio,3.4056436394108323,3.7765428040913696,0.03503661895850322,11.676556505175144,0.5610619469026549,2.0841455358456846,1149
0.02,1.0,0.0,bitcoin,1.931135960724213,2.0680269396140836,0.06838729044126315,4.075742601869819,0.5075287865367581,1.6777766057580303,1149
0.02,1.0,0.0,ethereum,1.6981061150344752,1.9817367973169469,0.14075425089313273,1.923586859586412,0.5380530973451327,1.5000974860005207,1149
0.02,1.0,0.0,binancecoin,1.7256092449324125,2.530240761575402,0.09813946932878526,3.2473903869095357,0.5150442477876106,1.53323440628154,1149
0.02,1.0,0.0,solana,2.748564477795394,12.697342815394073,0.10283054255267902,7.540249894378603,0.5221238938053098,1.8340481392217194,1149
0.02,1.0,0.01,portfolio,3.285317642545189,3.5070049605725666,0.03570563055747286,10.958220574210868,0.5548672566371682,2.0267234458458887,1149
0.02,1.0,0.01,bitcoin,1.867154162594795,1.9460850165750352,0.0691237398211227,3.868497150367204,0.5057573073516386,1.6471881598875342,1149
0.02,1.0,0.01,ethereum,1.6384301487283977,1.8606308332155002,0.1461323769106512,1.7740718326480314,0.536283185840708,1.4785001049473985,1149
0.02,1.0,0.01,binancecoin,1.634131438073807,2.279510267194011,0.1014219840965827,2.9338916505561436,0.5123893805309735,1.4968940335073406,1149
0.02,1.0,0.01,solana,2.6773896588083668,11.697138718394521,0.10283054255267918,7.255506210056414,0.5221238938053098,1.8031737408128488,1149
0.02,1.0,0.02,portfolio,3.3233963151490475,3.5941944886779362,0.03555011794979455,11.170962786045145,0.5557522123893806,2.044632697520581,1149
0.02,1.0,0.02,bitcoin,1.8963784127715513,1.992306139768012,0.06905230164136242,3.9352718685714554,0.5057573073516386,1.6594866730306845,1149
0.02,1.0,0.02,ethereum,1.6604003792567226,1.9060891087473695,0.14337819303413885,1.8385720640146224,0.536283185840708,1.486051926176042,1149
0.02,1.0,0.02,binancecoin,1.660073905280246,2.355522346544321,0.10076041685993006,3.0180330117387437,0.5123893805309735,1.5071634701873229,1149
0.02,1.0,0.02,solana,2.6985049155912555,11.981941215245069,0.10283054255267908,7.338318240555897,0.5230088495575221,1.8123308472592252,1149
0.02,1.0,0.03,portfolio,3.350358810056363,3.653265582950004,0.035550117949794555,11.281236761427644,0.5566371681415929,2.0568440244400055,1149
0.02,1.0,0.03,bitcoin,1.9089167879532067,2.0211053565306485,0.06838729044126433,4.012646041988672,0.5075287865367581,1.6655735041719795,1149
0.02,1.0,0.03,ethereum,1.672267409544293,1.9294670605500626,0.14239817832698848,1.8668328068567417,0.536283185840708,1.4907324000060296,1149
0.02,1.0,0.03,binancecoin,1.6884582752872912,2.4313247165287417,0.1007605588497591,3.0815951219788196,0.5141592920353982,1.5187847531657077,1149
0.02,1.0,0.03,solana,2.7074623627178687,12.123309161135317,0.1028305425526789,7.378898101460845,0.5212389380530974,1.8156693679829419,1149
0.02,1.0,0.05,portfolio,3.373006095622648,3.7037506388818535,0.0352126439373988,11.483632564462892,0.5610619469026549,2.068095442445059,1149
0.02,1.0,0.05,bitcoin,1.9153627862597178,2.0394753598486943,0.06838729044126331,4.037439134896866,0.508414526129318,1.6702267674607223,1149
0.02,1.0,0.05,ethereum,1.688967186290316,1.961877683479261,0.14272911487157075,1.8839320267471056,0.536283185840708,1.4968821128008512,1149
0.02,1.0,0.05,binancecoin,1.7003134461862153,2.459952942457744,0.09943861564176203,3.146599385424248,0.5141592920353982,1.5230860780667408,1149
0.02,1.0,0.05,solana,2.7262831532674934,12.359534494677712,0.10283054255267929,7.445951721780301,0.5221238938053098,1.8238796568036522,1149
0.02,1.0,0.08,portfolio,3.388911431757786,3.7388686652957777,0.035374134129234916,11.496026053778316,0.5601769911504425,2.075849567705457,1149
0.02,1.0,0.08,bitcoin,1.9286936549278877,2.0587625115996597,0.06838729044126357,4.06334448893979,0.5075287865367581,1.675738857683326,1149
0.02,1.0,0.08,ethereum,1.6857492147127286,1.959261660919112,0.14209732146701057,1.8905779815640096,0.536283185840708,1.4959265871418883,1149
0.02,1.0,0.08,binancecoin,1.7211794243240877,2.513079626781731,0.09813946932878546,3.233037170374821,0.5150442477876106,1.5308379868204145,1149
0.02,1.0,0.08,solana,2.733885954743546,12.480571489921036,0.10283054255267937,7.479950607805747,0.5221238938053098,1.8277058498448342,1149
0.02,1.0,0.12,portfolio,3.393390317030193,3.7537453642000767,0.035212643937398674,11.576219308114528,0.5610619469026549,2.0788247987988537,1149
0.02,1.0,0.12,bitcoin,1.9247676135130047,2.0581917791687574,0.06838729044126375,4.062579748608886,0.5075287865367581,1.6745347093375116,1149
0.02,1.0,0.12,ethereum,1.693583245113096,1.9745653663782323,0.14209732146701098,1.9006838456238442,0.5371681415929204,1.4989062168409697,1149
0.02,1.0,0.12,binancecoin,1.718017869244876,2.510011955326916,0.09943861564176225,3.1882602594055944,0.5150442477876106,1.530387426137014,1149
0.02,1.0,0.12,solana,2.740636940060087,12.59108756068013,0.10283054255267902,7.510786689275309,0.5221238938053098,1.830877301230228,1149
0.03,1.0,0.0,portfolio,3.4149505796152737,3.7978903713908467,0.03503661895850333,11.715909767331404,0.5610619469026549,2.0888276666640824,1149
0.03,1.0,0.0,bitcoin,1.9402903578646225,2.0853182359412985,0.06723642644237064,4.16896259953143,0.5075287865367581,1.6826501078943172,1149
0.03,1.0,0.0,ethereum,1.7054513250768881,1.997184527384975,0.13834448860590431,1.9675089258193157,0.5380530973451327,1.5028639059138325,1149
0.03,1.0,0.0,binancecoin,1.7306201844694984,2.5439022532035094,0.09813946932878506,3.258777684220798,0.5150442477876106,1.534985320496651,1149
0.03,1.0,0.0,solana,2.7514967470682747,12.740571814573215,0.10303958879191603,7.536863848232023,0.5230088495575221,1.8351242292633916,1149
0.03,1.0,0.01,portfolio,3.3036270131842396,3.5449844429235142,0.03553665742793146,11.082445272247057,0.5548672566371682,2.035162033128916,1149
0.03,1.0,0.01,bitcoin,1.8780928651341264,1.9652302959293677,0.06881446812966897,3.912067138549608,0.5057573073516386,1.6516760645731638,1149
0.03,1.0,0.01,ethereum,1.6504097131580304,1.8840015689700036,0.14208318186825203,1.8404606411837423,0.536283185840708,1.4828229359567546,1149
0.03,1.0,0.01,binancecoin,1.6420302770939985,2.301840117912661,0.10142198409658236,2.952946341750669,0.5132743362831859,1.4990943623816737,1149
0.03,1.0,0.01,solana,2.689068996537646,11.850664080581982,0.10303958879191526,7.285513992085981,0.5230088495575221,1.8080038498877575,1149
0.03,1.0,0.02,portfolio,3.3398217794642977,3.628716400070039,0.03543823147841794,11.271014933692015,0.5548672566371682,2.052332105043071,1149
0.03,1.0,0.02,bitcoin,1.9045113853428364,2.0074491217095862,0.06874300621548976,3.9734705483045216,0.5057573073516386,1.663741390555729,1149
0.03,1.0,0.02,ethereum,1.6705246896489148,1.9265746548386895,0.14097313577439474,1.8837587174409332,0.5371681415929204,1.4898094047739416,1149
0.03,1.0,0.02,binancecoin,1.6712580230604182,2.3866794915783434,0.10075125668095558,3.044571935421638,0.5132743362831859,1.5108994454166953,1149
0.03,1.0,0.02,solana,2.707182444224866,12.092870957047277,0.10303958879191588,7.35523709905951,0.5238938053097345,1.8158603639927595,1149
0.03,1.0,0.03,portfolio,3.3653646802092254,3.6843620054770856,0.03543823147841789,11.37464841190412,0.5566371681415929,2.0637530707352982,1149
0.03,1.0,0.03,bitcoin,1.9182877136143262,2.0383306035568447,0.06723642644237103,4.104978679021709,0.5075287865367581,1.6707111163440522,1149
0.03,1.0,0.03,ethereum,1.682154536371764,1.9502168866475422,0.14033893055222074,1.9081991434092778,0.5380530973451327,1.4942530230015465,1149
0.03,1.0,0.03,binancecoin,1.6944180798437598,2.4486138401032522,0.10076055884975878,3.0959396663361733,0.5141592920353982,1.5206389096278947,1149
0.03,1.0,0.03,solana,2.7164102673371016,12.238601239479387,0.10303958879191605,7.396704052940093,0.5221238938053098,1.819387391237835,1149
0.03,1.0,0.05,portfolio,3.386814229689832,3.7328526717381756,0.035438231478417945,11.464175893151685,0.5610619469026549,2.0743275930408998,1149
0.03,1.0,0.05,bitcoin,1.9282196645812768,2.060790276763072,0.06723642644237117,4.1356580824371445,0.508414526129318,1.6760937867279697,1149
0.03,1.0,0.05,ethereum,1.6970262710624282,1.9784676699566899,0.14032489110780397,1.9272940747815976,0.5353982300884956,1.499974783462486,1149
0.03,1.0,0.05,binancecoin,1.706601662171826,2.477014907546402,0.09943861564176217,3.1608515054338846,0.5141592920353982,1.5248577089933986,1149
0.03,1.0,0.05,solana,2.7315654388450716,12.453544228423949,0.10303958879191595,7.4572195404609944,0.5230088495575221,1.8260251187552696,1149
0.03,1.0,0.08,portfolio,3.397576497689244,3.759135369975387,0.03526224765785831,11.569857411284158,0.5601769911504425,2.080261720088239,1149
0.03,1.0,0.08,bitcoin,1.9307018356915193,2.069471491861265,0.0672364264423711,4.147469340070009,0.5075287865367581,1.6781481557679647,1149
0.03,1.0,0.08,ethereum,1.6949544946114183,1.9776517315254991,0.13969132583306335,1.9354887662010731,0.5371681415929204,1.4993615662576332,1149
0.03,1.0,0.08,binancecoin,1.722524633298428,2.516289130500165,0.09813946932878488,3.235725687437752,0.5150442477876106,1.5309902291013542,1149
0.03,1.0,0.08,solana,2.7392725546378687,12.56527757370375,0.10303958879191594,7.48837950702611,0.5230088495575221,1.829890835626457,1149
0.03,1.0,0.12,portfolio,3.4036968384334076,3.7751876438638403,0.03521264393739876,11.615696107509484,0.5610619469026549,2.0835497501675606,1149
0.03,1.0,0.12,bitcoin,1.934960686797415,2.0772138780249216,0.06723642644237098,4.157981290193117,0.5075287865367581,1.6799577430181512,1149
0.03,1.0,0.12,ethereum,1.7009249972371834,1.9899759428217338,0.13969132583306373,1.9437306482268673,0.5371681415929204,1.5016705520938507,1149
0.03,1.0,0.12,binancecoin,1.723272962039385,2.523308107860897,0.0994386156417621,3.1992477710645417,0.5150442477876106,1.531687655431626,1149
0.03,1.0,0.12,solana,2.743335828990656,12.629243232217304,0.1030395887919159,7.506128032521468,0.5230088495575221,1.8317509259636704,1149
0.05,1.0,0.0,portfolio,3.4186643650245805,3.8067717783707824,0.03503661895850332,11.732241976723492,0.5610619469026549,2.090400426409551,1149
0.05,1.0,0.0,bitcoin,1.9427568559993642,2.0906399082737055,0.06723642644237128,4.17616116048853,0.5075287865367581,1.6834754935357457,1149
0.05,1.0,0.0,ethereum,1.7073491765174513,2.0011545378864195,0.13834448860590634,1.9701790148618883,0.5380530973451327,1.5034466127238664,1149
0.05,1.0,0.0,binancecoin,1.7328772641046053,2.551279141741681,0.09813946932878506,3.2649123185174513,0.5150442477876106,1.535946797243661,1149
0.05,1.0,0.0,solana,2.7536357417491395,12.771100330929677,0.10262431404500941,7.575790534097184,0.5230088495575221,1.8361379085732907,1149
0.05,1.0,0.01,portfolio,3.3199014145628554,3.583750765228329,0.03526224765785857,11.242387677017106,0.5548672566371682,2.0423091872770107,1149
0.05,1.0,0.01,bitcoin,1.8851244214741956,1.9801492042129927,0.06881446812966971,3.932379506603846,0.5057573073516386,1.6549625550250382,1149
0.05,1.0,0.01,ethereum,1.654936134349309,1.8928119227988405,0.14272514783205897,1.8380973001572825,0.536283185840708,1.4843446261327493,1149
0.05,1.0,0.01,binancecoin,1.6592119870081274,2.3526177396195376,0.10076608028525824,3.0154055648024225,0.5141592920353982,1.5059543908907969,1149
0.05,1.0,0.01,solana,2.6990120045160313,11.98527145571567,0.10262431404500927,7.354026782287455,0.5221238938053098,1.8122704384884172,1149
0.05,1.0,0.02,portfolio,3.3497928643328585,3.6548171711797632,0.03526224765785857,11.376238622848682,0.5548672566371682,2.056558329332813,1149
0.05,1.0,0.02,bitcoin,1.9094331669118247,2.0192649734197095,0.06874300621549055,3.989404839271848,0.5057573073516386,1.6659997048802575,1149
0.05,1.0,0.02,ethereum,1.6738163714519863,1.933232672898309,0.14097313577439496,1.8882340645074664,0.5371681415929204,1.4908734831671688,1149
0.05,1.0,0.02,binancecoin,1.6812929616457823,2.418818222119777,0.09944135712741016,3.111926158373892,0.5132743362831859,1.5152681582358374,1149
0.05,1.0,0.02,solana,2.7134618141437676,12.180569672136746,0.10262431404500941,7.410098825516274,0.5230088495575221,1.8187310810890764,1149
0.05,1.0,0.03,portfolio,3.372746323907739,3.703513434215159,0.03526224765785839,11.467037942148552,0.5566371681415929,2.0668912316097003,1149
0.05,1.0,0.03,bitcoin,1.9222753954026501,2.046397864448643,0.06723642644237128,4.116018687277769,0.5075287865367581,1.6720788199067609,1149
0.05,1.0,0.03,ethereum,1.6836600633884868,1.953473161547313,0.14098220171246736,1.9016683767525002,0.5371681415929204,1.4947413550616246,1149
0.05,1.0,0.03,binancecoin,1.7031923623285483,2.475623477423724,0.10010417224080134,3.1386836202256685,0.5150442477876106,1.5240944462246315,1149
0.05,1.0,0.03,solana,2.720554168033705,12.300375436180337,0.10262431404500964,7.444176009063134,0.5221238938053098,1.821175242907753,1149
0.05,1.0,0.05,portfolio,3.3938109439644015,3.753868469372927,0.0352622476578586,11.560161659051015,0.5610619469026549,2.0778493863188956,1149
0.05,1.0,0.05,bitcoin,1.9316701881649234,2.0678423461754605,0.06723642644237136,4.145254789759511,0.508414526129318,1.6774845096572066,1149
0.05,1.0,0.05,ethereum,1.699478104027276,1.98370494176371,0.14032489110780288,1.9307832020525546,0.536283185840708,1.500734320094062,1149
0.05,1.0,0.05,binancecoin,1.7147513855270549,2.5068348193772447,0.09879113014128264,3.2065088588316297,0.5141592920353982,1.5287958191175608,1149
0.05,1.0,0.05,solana,2.7357417195012754,12.520132682414133,0.10262431404500943,7.506065082141263,0.5230088495575221,1.8279862911699019,1149
0.05,1.0,0.08,portfolio,3.402408231027564,3.7724697410568355,0.03526224765785846,11.594367042994628,0.5601769911504425,2.0824030710597525,1149
0.05,1.0,0.08,bitcoin,1.933169136013548,2.074765831136564,0.06723642644237063,4.1546597757392325,0.5075287865367581,1.6789729871062984,1149
0.05,1.0,0.08,ethereum,1.6980267902528605,1.9844440043121891,0.13969132583306273,1.9400344216713803,0.5380530973451327,1.5003530510302616,1149
0.05,1.0,0.08,binancecoin,1.7255798098848105,2.52953525323842,0.0987911301412825,3.2253843528147192,0.5150442477876106,1.5326694278882527,1149
0.05,1.0,0.08,solana,2.7423983337125186,12.610075272846165,0.10262431404500948,7.531168794866175,0.5230088495575221,1.8311158796923912,1149
0.05,1.0,0.12,portfolio,3.408094396237172,3.785446919008206,0.03503661895850333,11.692987490884889,0.5610619469026549,2.085454671714198,1149
0.05,1.0,0.12,bitcoin,1.9374272053497474,2.0825215716575647,0.06723642644237121,4.1651756997882545,0.5075287865367581,1.680782470060137,1149
0.05,1.0,0.12,ethereum,1.7028218941755324,1.9939364049766808,0.13969132583306282,1.9463735973566416,0.5371681415929204,1.502253065656062,1149
0.05,1.0,0.12,binancecoin,1.726590872795867,2.5332302071441957,0.09877847398081828,3.2288613960976744,0.5150442477876106,1.5330934766702518,1149
0.05,1.0,0.12,solana,2.7458252395420133,12.665686723063066,0.10262431404500919,7.546625680022872,0.5230088495575221,1.8329031605705994,1149
0.07,1.0,0.0,portfolio,3.4187142756213795,3.8070711883514976,0.03503661895850332,11.732792157519208,0.5610619469026549,2.090400658447716,1149
0.07,1.0,0.0,bitcoin,1.9427568559993642,2.0906399082737055,0.06723642644237128,4.17616116048853,0.5075287865367581,1.6834754935357457,1149
0.07,1.0,0.0,ethereum,1.7073491765174513,2.0011545378864195,0.13834448860590634,1.9701790148618883,0.5380530973451327,1.5034466127238664,1149
0.07,1.0,0.0,binancecoin,1.7328772641046053,2.551279141741681,0.09813946932878506,3.2649123185174513,0.5150442477876106,1.535946797243661,1149
0.07,1.0,0.0,solana,2.753614140322816,12.77430496602444,0.10283454843708985,7.561184717011722,0.5230088495575221,1.8361563787293276,1149
0.07,1.0,0.01,portfolio,3.323100962739968,3.5906021758799342,0.03514961172069349,11.291429828936655,0.5548672566371682,2.0436629845686256,1149
0.07,1.0,0.01,bitcoin,1.8851244214741956,1.9801492042129927,0.06881446812966971,3.932379506603846,0.5057573073516386,1.6549625550250382,1149
0.07,1.0,0.01,ethereum,1.6574939241694884,1.8978860652078686,0.14272514783205775,1.8414974855424793,0.536283185840708,1.4852961441129149,1149
0.07,1.0,0.01,binancecoin,1.6620321781230198,2.35960496053879,0.09880031028704579,3.0814284907476313,0.5141592920353982,1.5069041274024295,1149
0.07,1.0,0.01,solana,2.7009868248104847,12.012988630270629,0.10283454843708965,7.346973689115623,0.5221238938053098,1.8130396298356,1149
0.07,1.0,0.02,portfolio,3.352566161395143,3.660841480258304,0.03514961172069359,11.424002621495042,0.5548672566371682,2.057814501361846,1149
0.07,1.0,0.02,bitcoin,1.9094331669118247,2.0192649734197095,0.06874300621549055,3.989404839271848,0.5057573073516386,1.6659997048802575,1149
0.07,1.0,0.02,ethereum,1.6756580685387819,1.9370778105575415,0.14097313577439516,1.8908150549493417,0.5371681415929204,1.4915424516569145,1149
0.07,1.0,0.02,binancecoin,1.6839238961587344,2.4262028811139666,0.09880031028704624,3.1383906662901397,0.5132743362831859,1.5161347270849936,1149
0.07,1.0,0.02,solana,2.7151121879855387,12.202741113084551,0.10283454843708965,7.401261289110602,0.5230088495575221,1.8191930025631975,1149
0.07,1.0,0.03,portfolio,3.375130120814574,3.7086094469070883,0.03514961172069329,11.513273626179863,0.5566371681415929,2.0678892874362362,1149
0.07,1.0,0.03,bitcoin,1.9222753954026501,2.046397864448643,0.06723642644237128,4.116018687277769,0.5075287865367581,1.6720788199067609,1149
0.07,1.0,0.03,ethereum,1.6848492550125098,1.9560471153518937,0.14098220171246864,1.903387037806382,0.5371681415929204,1.4951252126712022,1149
0.07,1.0,0.03,binancecoin,1.7050590076445074,2.480659319437877,0.098800310287046,3.18432915241017,0.5150442477876106,1.5246746701944867,1149
0.07,1.0,0.03,solana,2.7226558268560015,12.327111000047408,0.10283454843709006,7.43651355183572,0.5221238938053098,1.8219813944174632,1149
0.07,1.0,0.05,portfolio,3.395487575412639,3.7569279492705396,0.03514961172069348,11.602857088966218,0.5610619469026549,2.0786050451907054,1149
0.07,1.0,0.05,bitcoin,1.9316701881649234,2.0678423461754605,0.06723642644237136,4.145254789759511,0.508414526129318,1.6774845096572066,1149
0.07,1.0,0.05,ethereum,1.7001716858564158,1.9850219925977055,0.14032489110780372,1.931659883163818,0.536283185840708,1.5010233094400423,1149
0.07,1.0,0.05,binancecoin,1.7156772413713262,2.509370598711119,0.09813946932878516,3.229927825433197,0.5141592920353982,1.5290865466230101,1149
0.07,1.0,0.05,solana,2.7376072194200103,12.539472113157172,0.10283454843709001,7.496117437751202,0.5230088495575221,1.8287422526117287,1149
0.07,1.0,0.08,portfolio,3.4035050580270076,3.7753284012166457,0.03514961172069354,11.636785163371343,0.5601769911504425,2.082937071856638,1149
0.07,1.0,0.08,bitcoin,1.933169136013548,2.074765831136564,0.06723642644237063,4.1546597757392325,0.5075287865367581,1.6789729871062984,1149
0.07,1.0,0.08,ethereum,1.698719483300334,1.9857613813791613,0.13969132583306296,1.940915126777877,0.5380530973451327,1.5006416561841682,1149
0.07,1.0,0.08,binancecoin,1.7265070226721184,2.532087447172361,0.09813946932878513,3.2489316680280425,0.5150442477876106,1.5329608991190975,1149
0.07,1.0,0.08,solana,2.743689641107175,12.627043271824045,0.10283454843708989,7.520483839139213,0.5230088495575221,1.8316724206529897,1149
0.07,1.0,0.12,portfolio,3.4091040165460873,3.788663086026638,0.03503661895850333,11.698916496976128,0.5610619469026549,2.085927962541644,1149
0.07,1.0,0.12,bitcoin,1.9374272053497474,2.0825215716575647,0.06723642644237121,4.1651756997882545,0.5075287865367581,1.680782470060137,1149
0.07,1.0,0.12,ethereum,1.7028218941755324,1.9939364049766808,0.13969132583306282,1.9463735973566416,0.5371681415929204,1.502253065656062,1149
0.07,1.0,0.12,binancecoin,1.7262635038799816,2.533144598118482,0.09880031028704579,3.2280768293661226,0.5150442477876106,1.5329381418251284,1149
0.07,1.0,0.12,solana,2.7482608516051346,12.70245198550961,0.10283454843708997,7.541368316007341,0.5230088495575221,1.8340505568008958,1149
0.1,1.0,0.0,portfolio,3.4187142756213795,3.8070711883514976,0.03503661895850332,11.732792157519208,0.5610619469026549,2.090400658447716,1149
0.1,1.0,0.0,bitcoin,1.9427568559993642,2.0906399082737055,0.06723642644237128,4.17616116048853,0.5075287865367581,1.6834754935357457,1149
0.1,1.0,0.0,ethereum,1.7073491765174513,2.0011545378864195,0.13834448860590634,1.9701790148618883,0.5380530973451327,1.5034466127238664,1149
0.1,1.0,0.0,binancecoin,1.7328772641046053,2.551279141741681,0.09813946932878506,3.2649123185174513,0.5150442477876106,1.535946797243661,1149
0.1,1.0,0.0,solana,2.753614140322816,12.77430496602444,0.10283454843708985,7.561184717011722,0.5230088495575221,1.8361563787293276,1149
0.1,1.0,0.01,portfolio,3.3280919591285056,3.6011903809590393,0.03514961172069349,11.31151539318587,0.5548672566371682,2.0459645670071276,1149
0.1,1.0,0.01,bitcoin,1.8851244214741956,1.9801492042129927,0.06881446812966971,3.932379506603846,0.5057573073516386,1.6549625550250382,1149
0.1,1.0,0.01,ethereum,1.6630204481088477,1.9087212348781413,0.13951980494821595,1.8912158177946432,0.536283185840708,1.4872423831325354,1149
0.1,1.0,0.01,binancecoin,1.6640283562998925,2.3645022441746764,0.09813946932878505,3.1064248884866053,0.5141592920353982,1.5076266408592545,1149
0.1,1.0,0.01,solana,2.704738757221277,12.065216431630523,0.1028345484370896,7.3619772146081415,0.5221238938053098,1.8146309932283222,1149
0.1,1.0,0.02,portfolio,3.3563193739933754,3.669003423781107,0.03514961172069359,11.43930648002299,0.5548672566371682,2.059527010792633,1149
0.1,1.0,0.02,bitcoin,1.9094331669118247,2.0192649734197095,0.06874300621549055,3.989404839271848,0.5057573073516386,1.6659997048802575,1149
0.1,1.0,0.02,ethereum,1.6789170468729444,1.9436524137921056,0.13905021743024756,1.9214309819281798,0.5371681415929204,1.4926809988272833,1149
0.1,1.0,0.02,binancecoin,1.684980830846888,2.4287152823287057,0.09813946932878541,3.1616698919573354,0.5132743362831859,1.5165727986665951,1149
0.1,1.0,0.02,solana,2.718676035539262,12.255565637628905,0.10283454843708995,7.416265774710182,0.5230088495575221,1.8207920736512535,1149
0.1,1.0,0.03,portfolio,3.3790178299795555,3.7168637640356934,0.03514961172069329,11.528627963751193,0.5566371681415929,2.069711644669906,1149
0.1,1.0,0.03,bitcoin,1.9222753954026501,2.046397864448643,0.06723642644237128,4.116018687277769,0.5075287865367581,1.6720788199067609,1149
0.1,1.0,0.03,ethereum,1.6882873749612821,1.962695448571242,0.13905021743024706,1.9343283575915027,0.5371681415929204,1.4962666846769095,1149
0.1,1.0,0.03,binancecoin,1.7061179797084138,2.4832116530286252,0.0981394693287854,3.207925149420311,0.5150442477876106,1.5251171249508548,1149
0.1,1.0,0.03,solana,2.7265186457761676,12.380740127577903,0.10283454843708933,7.451635352235929,0.5221238938053098,1.823719371610378,1149
0.1,1.0,0.05,portfolio,3.3973273217140063,3.761199731053802,0.03514961172069348,11.610742826709293,0.5610619469026549,2.079302556002169,1149
0.1,1.0,0.05,bitcoin,1.9316701881649234,2.0678423461754605,0.06723642644237136,4.145254789759511,0.508414526129318,1.6774845096572066,1149
0.1,1.0,0.05,ethereum,1.7021894937404076,1.9894480006576485,0.13905021743024784,1.9523383160199304,0.536283185840708,1.501678441069733,1149
0.1,1.0,0.05,binancecoin,1.7156772413713262,2.509370598711119,0.09813946932878516,3.229927825433197,0.5141592920353982,1.5290865466230101,1149
0.1,1.0,0.05,solana,2.739141891479392,12.56733273016698,0.10283454843709008,7.503882878509429,0.5230088495575221,1.8293844402362,1149
0.1,1.0,0.08,portfolio,3.4049511738621634,3.7786268639498832,0.03514961172069354,11.642856314275429,0.5601769911504425,2.0835103645096433,1149
0.1,1.0,0.08,bitcoin,1.933169136013548,2.074765831136564,0.06723642644237063,4.1546597757392325,0.5075287865367581,1.6789729871062984,1149
0.1,1.0,0.08,ethereum,1.69979906893573,1.9879863928987254,0.1390502174302471,1.9513576102269918,0.5380530973451327,1.5009688696523171,1149
0.1,1.0,0.08,binancecoin,1.7265070226721184,2.532087447172361,0.09813946932878513,3.2489316680280425,0.5150442477876106,1.5329608991190975,1149
0.1,1.0,0.08,solana,2.745532430406341,12.654342054334183,0.10283454843708956,7.5280546439644285,0.5230088495575221,1.8324298098480907,1149
0.1,1.0,0.12,portfolio,3.4104494154053975,3.7917355570697433,0.03503661895850333,11.704577696688,0.5610619469026549,2.086501086594515,1149
0.1,1.0,0.12,bitcoin,1.9374272053497474,2.0825215716575647,0.06723642644237121,4.1651756997882545,0.5075287865367581,1.680782470060137,1149
0.1,1.0,0.12,ethereum,1.7039014631133431,1.9961675085844486,0.13905021743024745,1.956842143750172,0.5371681415929204,1.502580549849557,1149
0.1,1.0,0.12,binancecoin,1.7273253503101578,2.5357354186530987,0.09813946932878535,3.251974490874853,0.5150442477876106,1.5333849454785964,1149
0.1,1.0,0.12,solana,2.74914097767305,12.717237972526782,0.1028345484370898,7.545452775151108,0.5230088495575221,1.8343866460244171,1149
0.0,0.005,0.0,portfolio,3.1751061307367405,3.877665441871617,0.04947161880902064,8.400703401467592,0.5495575221238939,2.0509144496988148,1149
0.0,0.005,0.0,bitcoin,2.1211886433214087,1.8456947277049913,0.06969701606580318,3.69892990818605,0.5133928571428571,1.6867590783069812,1149
0.0,0.005,0.0,ethereum,1.6799576001283267,1.9590691595111833,0.1464453518696157,1.8343222479183372,0.5324909747292419,1.4842351051060045,1149
0.0,0.005,0.0,binancecoin,2.240015475441351,4.779242060119151,0.10665744328273226,4.399557893554461,0.5161290322580645,1.7685106441897525,1149
0.0,0.005,0.0,solana,2.407100745994337,9.058993655597954,0.1261360769254386,5.225577178898787,0.5182546749777382,1.689364510470698,1149
0.0,0.005,0.01,portfolio,2.8178495635328407,2.819998685697906,0.0497733137895131,6.8653326931317284,0.5460176991150443,1.9121807478052608,1149
0.0,0.005,0.01,bitcoin,1.9685366190020537,1.621240010111066,0.07329779289965589,3.2107722455836183,0.51295799821269,1.6207104984985714,1149
0.0,0.005,0.01,ethereum,0.9825683565431207,0.6556878546126701,0.15216406141346261,0.7684579134409696,0.5142857142857142,1.3744574017138376,1149
0.0,0.005,0.01,binancecoin,2.0559790403436327,3.940798846121819,0.11535258577597893,3.63749780570934,0.510752688172043,1.6858189375232147,1149
0.0,0.005,0.01,solana,2.2650123088929663,7.6607456582673965,0.13225128100826464,4.578835822531909,0.5173642030276047,1.6360849753515017,1149
0.0,0.005,0.02,portfolio,2.8865152652621373,2.9696652276141675,0.04977331378951305,7.093505440685145,0.5495575221238939,1.9416481316449885,1149
0.0,0.005,0.02,bitcoin,2.042832847576909,1.7256713046857208,0.06969830207514836,3.5291067805691165,0.5125,1.6523279575618495,1149
0.0,0.005,0.02,ethereum,0.9945562034740115,0.6816934087452284,0.15355263050623602,0.7864140617853518,0.5333333333333333,1.3605503413700528,1149
0.0,0.005,0.02,binancecoin,2.115933716969992,4.2067784153272925,0.11266742918230412,3.869923000573455,0.5125448028673835,1.7124035498876373,1149
0.0,0.005,0.02,solana,2.3081977809111103,8.063790591267887,0.12858292240573843,4.834657407528221,0.5191451469278717,1.6519309928838835,1149
0.0,0.005,0.03,portfolio,2.9327744365031405,3.0612223094950712,0.049773313789513086,7.229796373582024,0.5504424778761062,1.9619874278819887,1149
0.0,0.005,0.03,bitcoin,2.0777986479601522,1.7755809698219083,0.06969830207514875,3.600391479938494,0.5142857142857142,1.667228207118095,1149
0.0,0.005,0.03,ethereum,1.0101004111874816,0.6968919029498997,0.15070412636862757,0.8159673564664385,0.5304964539007092,1.3676471592744042,1149
0.0,0.005,0.03,binancecoin,2.1466000337997744,4.348086688673858,0.11138850218456477,3.9902918531807843,0.514336917562724,1.7260432011733389,1149
0.0,0.005,0.03,solana,2.344714948991186,8.405764488157192,0.1260263134369849,5.037679041516774,0.5173642030276047,1.6653785654137288,1149
0.0,0.005,0.05,portfolio,3.1184607134718614,3.7327132609979543,0.04977331378951309,8.162225960583648,0.5495575221238939,2.0223765540425855,1149
0.0,0.005,0.05,bitcoin,2.084263481715291,1.7923719616607956,0.073297792899656,3.446174801477325,0.5142857142857142,1.6699047016365145,1149
0.0,0.005,0.05,ethereum,1.6591462317580963,1.9158471547648706,0.14833560030295084,1.7833917821325516,0.5315884476534296,1.4770149917388244,1149
0.0,0.005,0.05,binancecoin,2.1924500426343863,4.543868263189888,0.11054585494910538,4.124151845598468,0.514336917562724,1.746077565856717,1149
0.0,0.005,0.05,solana,2.365060104650753,8.615573343443618,0.12633523502954042,5.088126488581506,0.5173642030276047,1.6729091846199067,1149
0.0,0.005,0.08,portfolio,3.1485706129465063,3.809488171141126,0.04977331378951315,8.262117017885261,0.5495575221238939,2.0376297000547967,1149
0.0,0.005,0.08,bitcoin,2.117834093716056,1.8410163799455028,0.06969701606580324,3.6924186862317567,0.5142857142857142,1.6856652357432862,1149
0.0,0.005,0.08,ethereum,1.664329623052883,1.9284424479937075,0.14777952679255663,1.7981954702635563,0.5306859205776173,1.4789111075668535,1149
0.0,0.005,0.08,binancecoin,2.2154900883434934,4.651231913379978,0.10923208777641139,4.229943168051843,0.5152329749103942,1.7557963875881413,1149
0.0,0.005,0.08,solana,2.3879763224773836,8.844491091783308,0.1261360769254388,5.16354077352334,0.5182546749777382,1.6818286043166881,1149
0.0,0.005,0.12,portfolio,3.1571774372406023,3.8354358158721826,0.049795798352423065,8.291850004004036,0.5495575221238939,2.042216493514125,1149
0.0,0.005,0.12,bitcoin,2.1126825777564715,1.8326279184232908,0.06969701606580314,3.6807228194481567,0.5133928571428571,1.6825423868115281,1149
0.0,0.005,0.12,ethereum,1.6702832352943653,1.9407200795404402,0.1477795267925531,1.806058282287105,0.5315884476534296,1.481023838180378,1149
0.0,0.005,0.12,binancecoin,2.2305397913547926,4.729144766975439,0.10923208777641139,4.270199361454751,0.5161290322580645,1.7640793391136182,1149
0.0,0.005,0.12,solana,2.3911423688148257,8.907025947509817,0.12613607692543902,5.181734607515893,0.5182546749777382,1.6835295363208245,1149
0.005,0.005,0.0,portfolio,3.2313694306695884,4.017844041494234,0.04947161880902073,8.579071233511034,0.5548672566371682,2.0790754647175427,1149
0.005,0.005,0.0,bitcoin,2.1855670869355897,1.9404303330759185,0.06789719436389667,3.930516757072125,0.5142602495543672,1.71349815191813,1149
0.005,0.005,0.0,ethereum,1.721432667621077,2.043884801062025,0.132427575633221,2.0880493906725186,0.5391539153915391,1.4982225338110544,1149
0.005,0.005,0.0,binancecoin,2.27774544437448,4.962202070140801,0.10512745174344217,4.559449062591153,0.5165031222123104,1.7856525121140936,1149
0.005,0.005,0.0,solana,2.4278836159976818,9.272899924958848,0.12440450226691774,5.360002250412036,0.5213523131672598,1.697053690914245,1149
0.005,0.005,0.01,portfolio,3.0493128400157907,3.5602327982448703,0.04977331378951312,7.93311314264771,0.552212389380531,1.9894461496842002,1149
0.005,0.005,0.01,bitcoin,2.077115171360077,1.776466164016067,0.06909918271534414,3.632874528960299,0.5129348795718108,1.6649458887190405,1149
0.005,0.005,0.01,ethereum,1.6120522028541073,1.8204322960056323,0.14171086468710614,1.8018864935930514,0.5337533753375338,1.4595412264281113,1149
0.005,0.005,0.01,binancecoin,2.139546819978498,4.292179554030771,0.11338616807627441,3.890662185858119,0.5147190008920607,1.7214337945791276,1149
0.005,0.005,0.01,solana,2.305814771941056,8.033156581783777,0.13023155076471507,4.764211953176808,0.5195729537366548,1.650770371380978,1149
0.005,0.005,0.02,portfolio,3.1090950877213626,3.7065833265945463,0.04977331378951316,8.12794002176043,0.552212389380531,2.017638421541551,1149
0.005,0.005,0.02,bitcoin,2.1227130855922542,1.8453451318251153,0.06729572111505204,3.8304141977753576,0.5133689839572193,1.6853531646390185,1149
0.005,0.005,0.02,ethereum,1.6536154526893783,1.902399238016237,0.13606684616179707,1.9347775883851466,0.5373537353735374,1.4739967362171107,1149
0.005,0.005,0.02,binancecoin,2.1789026180304503,4.483780375886648,0.1111477307019411,4.070548778799715,0.5147190008920607,1.7392074899071266,1149
0.005,0.005,0.02,solana,2.341414047331286,8.375677187715498,0.12663636589501173,5.0043421517905475,0.5204626334519573,1.6640713210345766,1149
0.005,0.005,0.03,portfolio,3.149758837040025,3.807974603312913,0.04977331378951311,8.26015980058904,0.5513274336283186,2.0369731101830593,1149
0.005,0.005,0.03,bitcoin,2.1565348845298273,1.8958981765814737,0.06729572111505198,3.902743793338058,0.5142602495543672,1.7005541459342153,1149
0.005,0.005,0.03,ethereum,1.6752665325518707,1.948172910366536,0.13559035527896315,1.9736059562871142,0.5355535553555355,1.4819330119400995,1149
0.005,0.005,0.03,binancecoin,2.2017922302150184,4.597054868579244,0.10986661333783959,4.177428167531506,0.5165031222123104,1.7501036661862313,1149
0.005,0.005,0.03,solana,2.3719367224135275,8.673719358000392,0.12450972114319078,5.180184335593274,0.5186832740213523,1.6753832664135815,1149
0.005,0.005,0.05,portfolio,3.1858010167066317,3.8971539340877337,0.049773313789513086,8.374667154282744,0.5557522123893806,2.0551934780094574,1149
0.005,0.005,0.05,bitcoin,2.1641636182659516,1.9113829475350776,0.06789719436389717,3.889934282254625,0.5151515151515151,1.7043966281638478,1149
0.005,0.005,0.05,ethereum,1.7049927497548452,2.0078811713141533,0.1337733933349511,2.0421730766811272,0.5382538253825383,1.492384578206969,1149
0.005,0.005,0.05,binancecoin,2.237051699365542,4.7502560384584545,0.10902252293466072,4.289262617630864,0.5156110615521855,1.766184258357228,1149
0.005,0.005,0.05,solana,2.391144656220803,8.879371998918224,0.12510252210777892,5.216443446780007,0.5204626334519573,1.6823075621366081,1149
0.005,0.005,0.08,portfolio,3.208860735448616,3.959844351421795,0.049773313789513114,8.454191752293434,0.5548672566371682,2.067380681563778,1149
0.005,0.005,0.08,bitcoin,2.182762500350587,1.9370591454814918,0.06789719436389781,3.92582292476527,0.5142602495543672,1.7127387861173748,1149
0.005,0.005,0.08,ethereum,1.7076003343028672,2.016102489827664,0.13378366147372436,2.0477151972600107,0.5373537353735374,1.493473103028365,1149
0.005,0.005,0.08,binancecoin,2.2592735896346627,4.863571089675345,0.10707403241535926,4.426106106598045,0.5165031222123104,1.775940460452354,1149
0.005,0.005,0.08,solana,2.410706758319733,9.076893929440326,0.12440450226691879,5.303513010914097,0.5213523131672598,1.6902639947990168,1149
0.005,0.005,0.12,portfolio,3.215235497060655,3.97983900440682,0.049795798352423114,8.475561719028535,0.5548672566371682,2.071013329904532,1149
0.005,0.005,0.12,bitcoin,2.1809905850488067,1.9336473380942558,0.06789719436389684,3.921068251692764,0.5142602495543672,1.7112134469736981,1149
0.005,0.005,0.12,ethereum,1.711407774259803,2.0249508488111707,0.1337836614737227,2.0538351771231813,0.5382538253825383,1.4948572111055285,1149
0.005,0.005,0.12,binancecoin,2.268940416931818,4.914708269856918,0.10707403241535926,4.452346589861492,0.5165031222123104,1.781488313298521,1149
0.005,0.005,0.12,solana,2.413221407949439,9.13144311747854,0.12440450226691864,5.319319706088747,0.5213523131672598,1.6916090981167142,1149
0.01,0.005,0.0,portfolio,3.250577581146981,4.069467027065349,0.049471618809020776,8.64377829207672,0.5548672566371682,2.087661436969205,1149
0.01,0.005,0.0,bitcoin,2.205110835939839,1.9711704763638966,0.06776873575480702,3.9806559934127295,0.5151515151515151,1.721249413333766,1149
0.01,0.005,0.0,ethereum,1.734959992808314,2.073010455225083,0.13074930866638546,2.1352637117152726,0.54005400540054,1.5028018549564983,1149
0.01,0.005,0.0,binancecoin,2.2860363994855755,5.004609962021783,0.10512738668360477,4.581342871591651,0.5169340463458111,1.7893670089229785,1149
0.01,0.005,0.0,solana,2.441165429234932,9.416226719718159,0.12359156857616739,5.436303039240947,0.5222419928825622,1.7018757631378636,1149
0.01,0.005,0.01,portfolio,3.100912906183643,3.6855513881247717,0.04977331378951306,8.100235223766525,0.5539823008849557,2.0125946568326176,1149
0.01,0.005,0.01,bitcoin,2.1171799200983847,1.8361446054122905,0.06836912665612822,3.7572129538218326,0.5133689839572193,1.681955536027597,1149
0.01,0.005,0.01,ethereum,1.6445336825119796,1.8861986780180438,0.1404998416655908,1.862701162676942,0.5373537353735374,1.4705654318893417,1149
0.01,0.005,0.01,binancecoin,2.168331799597228,4.419730664798636,0.1127075110585602,3.9810529880491754,0.516042780748663,1.73371594820243,1149
0.01,0.005,0.01,solana,2.3447291094358182,8.402882473309507,0.12716114210531762,4.991857000550031,0.5222419928825622,1.6650952184445467,1149
0.01,0.005,0.02,portfolio,3.150330290003106,3.81103429579695,0.04977331378951305,8.26411583848592,0.5539823008849557,2.037045066791607,1149
0.01,0.005,0.02,bitcoin,2.1610229312042297,1.903411437813741,0.06776873575480667,3.8860942546784627,0.5142602495543672,1.7012792275973034,1149
0.01,0.005,0.02,ethereum,1.6794004090711883,1.9562471498963911,0.13503405721808098,1.9873691444798238,0.5391539153915391,1.4826810351059672,1149
0.01,0.005,0.02,binancecoin,2.197842711776942,4.574087186782777,0.11114342186249544,4.117605150368199,0.5151515151515151,1.747193925911905,1149
0.01,0.005,0.02,solana,2.3728825558485833,8.687227757069572,0.12524061880843995,5.1539734646923065,0.5231316725978647,1.6755011688124961,1149
0.01,0.005,0.03,portfolio,3.1813258961200352,3.889295103898447,0.04977331378951306,8.364642034241655,0.552212389380531,2.0511273120595,1149
0.01,0.005,0.03,bitcoin,2.1766797368165696,1.927579015987813,0.06776873575480663,3.9200173050496345,0.5151515151515151,1.7080607568555863,1149
0.01,0.005,0.03,ethereum,1.7026401658554629,2.006552518695562,0.13391820652019093,2.0390435503958626,0.5364536453645364,1.4912722507710598,1149
0.01,0.005,0.03,binancecoin,2.2192909360193904,4.68218472914911,0.10986229828799267,4.221630958558102,0.5169340463458111,1.7579971731821327,1149
0.01,0.005,0.03,solana,2.39206780004395,8.881858033398137,0.12311057540558401,5.301587020747407,0.5213523131672598,1.682489781774164,1149
0.01,0.005,0.05,portfolio,3.214224659109791,3.9717132042417536,0.04977331378951312,8.469159285323542,0.5557522123893806,2.0684918131351213,1149
0.01,0.005,0.05,bitcoin,2.1844025483447544,1.9430043247825557,0.0677687357548071,3.941555050492586,0.516042780748663,1.7119785080226524,1149
0.01,0.005,0.05,ethereum,1.721701645261487,2.0439510483572176,0.13209772977197023,2.0933093418749262,0.5391539153915391,1.498159790157477,1149
0.01,0.005,0.05,binancecoin,2.250919246451457,4.82227488318402,0.10836932753614036,4.352136076420891,0.516042780748663,1.7726289696473037,1149
0.01,0.005,0.05,solana,2.4156239949186222,9.130707547713977,0.12359156857616696,5.3540938658460915,0.5222419928825622,1.69142575441358,1149
0.01,0.005,0.08,portfolio,3.230942497180884,4.016871437112771,0.049773313789513066,8.525853547026712,0.5548672566371682,2.077182575532173,1149
0.01,0.005,0.08,bitcoin,2.200485425121449,1.9657691283188545,0.0677687357548068,3.973180202618806,0.5151515151515151,1.719756369916379,1149
0.01,0.005,0.08,ethereum,1.7233216210595537,2.050678642172443,0.13210801777384232,2.097826122958851,0.5382538253825383,1.4989356187392684,1149
0.01,0.005,0.08,binancecoin,2.2708946102128618,4.92047506642079,0.10641940853511743,4.48270074465732,0.5169340463458111,1.7812029495869595,1149
0.01,0.005,0.08,solana,2.4247866383597847,9.226938644590193,0.1235915685761671,5.38200138129162,0.5222419928825622,1.6952827354279818,1149
0.01,0.005,0.12,portfolio,3.2383972569757318,4.0412480898192165,0.04979579835242305,8.552428541199081,0.5548672566371682,2.081658122980155,1149
0.01,0.005,0.12,bitcoin,2.2026922042920716,1.967731658946927,0.06776873575480721,3.9758976915715483,0.5151515151515151,1.7199662601052885,1149
0.01,0.005,0.12,ethereum,1.7262293591063556,2.056600992545996,0.13210801777384207,2.101939121134533,0.5391539153915391,1.4999011846634691,1149
0.01,0.005,0.12,binancecoin,2.2791313244692817,4.967316014495325,0.10641940853511743,4.506710399662372,0.5169340463458111,1.7861935563000708,1149
0.01,0.005,0.12,solana,2.4312594874870603,9.317117342054056,0.12359156857616704,5.407968213358671,0.5222419928825622,1.698260761776054,1149
0.015,0.005,0.0,portfolio,3.2610861985531145,4.096086746642712,0.04947161880902079,8.67694408638489,0.5575221238938053,2.0921404667294894,1149
0.015,0.005,0.0,bitcoin,2.210191451987488,1.9785735445728392,0.06748247268986401,4.007814545617171,0.5151515151515151,1.7242464209921027,1149
0.015,0.005,0.0,ethereum,1.7446827096804158,2.0939575447493404,0.12846959757654636,2.188000643851206,0.5391539153915391,1.5058730224153598,1149
0.015,0.005,0.0,binancecoin,2.292616703991611,5.038572720933815,0.10408419591551071,4.644879257811902,0.5178571428571429,1.7924299141094286,1149
0.015,0.005,0.0,solana,2.447461792770768,9.478954742307144,0.12307130114252818,5.47718464599333,0.5217777777777778,1.7039498301245968,1149
0.015,0.005,0.01,portfolio,3.127630802855495,3.7491959511644684,0.04977331378951316,8.183777496236585,0.5575221238938053,2.0249997567728544,1149
0.015,0.005,0.01,bitcoin,2.129427264679324,1.8539604026506131,0.06868561526076751,3.765049611769207,0.5133689839572193,1.687734451505825,1149
0.015,0.005,0.01,ethereum,1.665800493886048,1.928591334552813,0.13646847161816025,1.9473405542023978,0.5364536453645364,1.4776676686132049,1149
0.015,0.005,0.01,binancecoin,2.186763892984886,4.502436292710044,0.10902350595007466,4.159786726476051,0.5173951828724354,1.7419584798335583,1149
0.015,0.005,0.01,solana,2.3618783971066617,8.572290194831414,0.1252932949609529,5.11747213547259,0.5208888888888888,1.6711955200440078,1149
0.015,0.005,0.02,portfolio,3.17247660409645,3.8669317483603383,0.0497733137895131,8.336045213372005,0.5566371681415929,2.047416080537787,1149
0.015,0.005,0.02,bitcoin,2.1697283964152714,1.9157971081225624,0.0674824726898642,3.920065756646263,0.5142602495543672,1.7059086254275728,1149
0.015,0.005,0.02,ethereum,1.6958905177330181,1.9927269997917523,0.13182473079686374,2.061667834208951,0.5382538253825383,1.4881796220878403,1149
0.015,0.005,0.02,binancecoin,2.2147189478563325,4.652076072864711,0.10880214603907427,4.2470983895770384,0.5169642857142858,1.754761118035735,1149
0.015,0.005,0.02,solana,2.3883199296270896,8.840494789313707,0.12472133031007993,5.2209331968703365,0.5226666666666666,1.6809198168692023,1149
0.015,0.005,0.03,portfolio,3.2032212959027597,3.944870865327565,0.049773313789513066,8.43526909701531,0.5548672566371682,2.0613888712024355,1149
0.015,0.005,0.03,bitcoin,2.1849113321721827,1.9402935878041303,0.06748247268986407,3.954480738355323,0.5151515151515151,1.7125769859885462,1149
0.015,0.005,0.03,ethereum,1.7181277820168355,2.037401566585096,0.13164680623372885,2.0958998011504844,0.5355535553555355,1.496494742364127,1149
0.015,0.005,0.03,binancecoin,2.240770954800091,4.785235413218095,0.10687181156048335,4.3938586742541625,0.5178571428571429,1.7675292559457076,1149
0.015,0.005,0.03,solana,2.4041075245654855,9.007593336550501,0.12259002243717439,5.361534897360267,0.5208888888888888,1.6868192445649708,1149
0.015,0.005,0.05,portfolio,3.229723864516995,4.010249296618952,0.04977331378951308,8.517564721056196,0.5584070796460177,2.075540506546661,1149
0.015,0.005,0.05,bitcoin,2.196670582898127,1.9606449722876986,0.06748247268986375,3.98290247680745,0.516042780748663,1.7187737842416901,1149
0.015,0.005,0.05,ethereum,1.7369836685211986,2.0761256971679307,0.12982155507339005,2.152713000568168,0.5382538253825383,1.5032446478324115,1149
0.015,0.005,0.05,binancecoin,2.261411563740098,4.871709415641194,0.1060205861294854,4.474314600340698,0.5178571428571429,1.7773027890977622,1149
0.015,0.005,0.05,solana,2.4219222393620727,9.191256315070122,0.12307130114252958,5.394385377630627,0.5208888888888888,1.693659033589625,1149
0.015,0.005,0.08,portfolio,3.2427164296084543,4.048533412901494,0.04977331378951308,8.56536668936894,0.5575221238938053,2.082510931074203,1149
0.015,0.005,0.08,bitcoin,2.20738133341466,1.9751586259911789,0.06748247268986364,4.0030784981488186,0.5151515151515151,1.7234840728829557,1149
0.015,0.005,0.08,ethereum,1.733317636540078,2.07152210807897,0.12983187005674482,2.149305473668554,0.5373537353735374,1.502120466517949,1149
0.015,0.005,0.08,binancecoin,2.281535404452008,4.975374677932206,0.1047313517135649,4.583531613902896,0.5178571428571429,1.7861392423179683,1149
0.015,0.005,0.08,solana,2.4310443231212813,9.288489813600915,0.12307130114252875,5.422570913347702,0.5217777777777778,1.6973495618854775,1149
0.015,0.005,0.12,portfolio,3.2499369567692096,4.071224208614419,0.049795798352423086,8.589684948377112,0.5575221238938053,2.0866820760414067,1149
0.015,0.005,0.12,bitcoin,2.2077722038274934,1.9751261588828348,0.06748247268986389,4.003033450135391,0.5151515151515151,1.7229585601997814,1149
0.015,0.005,0.12,ethereum,1.7387517094265872,2.083754613038571,0.12983187005674512,2.157897069782018,0.5382538253825383,1.504098664228612,1149
0.015,0.005,0.12,binancecoin,2.286582746242507,5.005403657233638,0.1047313517135649,4.599077028192059,0.5178571428571429,1.789558599021429,1149
0.015,0.005,0.12,solana,2.4375527466447764,9.379248513648134,0.12307130114252854,5.448692544080739,0.5217777777777778,1.7003303274653305,1149
0.02,0.005,0.0,portfolio,3.267401886838406,4.113742010756731,0.04941971048784133,8.708003357804783,0.5575221238938053,2.0949996509522184,1149
0.02,0.005,0.0,bitcoin,2.213957896819531,1.985710295766307,0.06735381953281569,4.025372863628093,0.5155832591273375,1.7254889342675006,1149
0.02,0.005,0.0,ethereum,1.7539395746927242,2.113642277934231,0.12584624663195437,2.247780682377267,0.54005400540054,1.5094722698083762,1149
0.02,0.005,0.0,binancecoin,2.2963501916057525,5.05747389555087,0.10408419591551066,4.654651532489558,0.5169340463458111,1.7938630153538049,1149
0.02,0.005,0.0,solana,2.4492403178381754,9.499443049101107,0.12323356948898784,5.475793379538465,0.5217777777777778,1.704580786245623,1149
0.02,0.005,0.01,portfolio,3.145778611577961,3.7958424416314775,0.04972140546833382,8.253061188110319,0.5575221238938053,2.0337023716108207,1149
0.02,0.005,0.01,bitcoin,2.141362858040705,1.873708191395429,0.0673536616737337,3.8677873747728477,0.5138023152270703,1.69304701964381,1149
0.02,0.005,0.01,ethereum,1.6899477285474134,1.9780773175016169,0.13291620433220627,2.034445785996902,0.5373537353735374,1.4865714696919115,1149
0.02,0.005,0.01,binancecoin,2.198563934350534,4.5562268452916665,0.10839508780194138,4.2125441507216905,0.5169340463458111,1.7470380507842511,1149
0.02,0.005,0.01,solana,2.367419018320166,8.626912915898005,0.12540719155518693,5.12916647626597,0.5217777777777778,1.6732001775671976,1149
0.02,0.005,0.02,portfolio,3.1855550760996993,3.901982298426492,0.04972140546833375,8.389569669291042,0.5566371681415929,2.0532581740034757,1149
0.02,0.005,0.02,bitcoin,2.182738507268682,1.9352305415413111,0.06735381953281556,3.9549260297919653,0.5146927871772039,1.7112741256342308,1149
0.02,0.005,0.02,ethereum,1.7127201519045514,2.0272619805715975,0.12986307663548963,2.1174851392530765,0.5382538253825383,1.4943350956400383,1149
0.02,0.005,0.02,binancecoin,2.2208450052306223,4.683457134427635,0.10751719192640682,4.314379454907967,0.516042780748663,1.7569401066915713,1149
0.02,0.005,0.02,solana,2.393011892241104,8.890224582400853,0.12498329181548147,5.224604057597014,0.5217777777777778,1.6825018462245394,1149
0.02,0.005,0.03,portfolio,3.2121208430085626,3.9700789125631584,0.049721405468333854,8.475939487147375,0.5539823008849557,2.065690306162832,1149
0.02,0.005,0.03,bitcoin,2.190880834225401,1.951647103351159,0.06735381953281572,3.9779391803301776,0.5155832591273375,1.714852760541062,1149
0.02,0.005,0.03,ethereum,1.7278223824014052,2.058786233078968,0.12836866776392095,2.164728341414208,0.5364536453645364,1.5002553491627473,1149
0.02,0.005,0.03,binancecoin,2.249831770935444,4.827205988086977,0.10751733258763128,4.389165142631359,0.5169340463458111,1.7716546103508084,1149
0.02,0.005,0.03,solana,2.4061090610282774,9.029890400243744,0.12333497227359477,5.3357113102169516,0.52,1.6873969340714752,1149
0.02,0.005,0.05,portfolio,3.237770000309975,4.031338425572675,0.04972140546833382,8.552851695308318,0.5584070796460177,2.079222622500656,1149
0.02,0.005,0.05,bitcoin,2.199700830258773,1.9669274101201348,0.06735381953281563,3.9992698850817323,0.5164737310774711,1.7194502017204432,1149
0.02,0.005,0.05,ethereum,1.744792856440624,2.0927668454205617,0.12785537470845526,2.1976660429720307,0.5382538253825383,1.5062857611121447,1149
0.02,0.005,0.05,binancecoin,2.267796154379264,4.901007183189599,0.10602027024282973,4.489516740666919,0.5169340463458111,1.7798560336689742,1149
0.02,0.005,0.05,solana,2.4260302435869168,9.235032258132831,0.12323356948898664,5.3999809600348145,0.5217777777777778,1.6950959101269873,1149
0.02,0.005,0.08,portfolio,3.250866090844029,4.071292564419477,0.04972140546833367,8.60262167361293,0.5575221238938053,2.0866855906149033,1149
0.02,0.005,0.08,bitcoin,2.2126679615583353,1.9844569185854888,0.06735381953281526,4.02363501647491,0.5155832591273375,1.7255364370029247,1149
0.02,0.005,0.08,ethereum,1.744351192489124,2.0958160017210146,0.12721261962177166,2.210946483832706,0.5382538253825383,1.5064774151114093,1149
0.02,0.005,0.08,binancecoin,2.286232194380236,4.998613254825337,0.10473103537136058,4.595580969542743,0.5169340463458111,1.7881392827006968,1149
0.02,0.005,0.08,solana,2.434252829731022,9.320521437305516,0.12323356948898781,5.424658171299992,0.5217777777777778,1.6985311083641081,1149
0.02,0.005,0.12,portfolio,3.2564798496075604,4.08972938502435,0.04974389003124373,8.62158607123581,0.5575221238938053,2.0896551286060383,1149
0.02,0.005,0.12,bitcoin,2.2114886033351957,1.9822507577310642,0.06735381953281509,4.020574720012883,0.5155832591273375,1.7242007190464925,1149
0.02,0.005,0.12,ethereum,1.7480027329488,2.1033744319557206,0.1272126196217725,2.2163345220269868,0.5391539153915391,1.5076920960289535,1149
0.02,0.005,0.12,binancecoin,2.290611732854463,5.028478008427429,0.10473103537136058,4.610994917251897,0.5169340463458111,1.791306072790608,1149
0.02,0.005,0.12,solana,2.4390888805659565,9.399307533173232,0.12323356948898742,5.447259575916985,0.5217777777777778,1.700854698548452,1149
0.03,0.005,0.0,portfolio,3.2733510412529734,4.129054537441219,0.049419710487841356,8.726988889306892,0.5575221238938053,2.0978420965560645,1149
0.03,0.005,0.0,bitcoin,2.218371636186324,1.9918038996807934,0.06708651833706235,4.049886160170739,0.5155832591273375,1.7276436839217333,1149
0.03,0.005,0.0,ethereum,1.7567605281495013,2.119440412517481,0.12541560148217512,2.259673610997514,0.539568345323741,1.5104855124126495,1149
0.03,0.005,0.0,binancecoin,2.3009568659622177,5.079861507813989,0.1044115920338277,4.6515641519883,0.5169340463458111,1.7959018649928304,1149
0.03,0.005,0.0,solana,2.45329291321814,9.545285131080918,0.12224132370122033,5.53333837302108,0.522202486678508,1.705921126791123,1149
0.03,0.005,0.01,portfolio,3.1657080311664614,3.8460116840365712,0.049721405468333674,8.317875632343913,0.5566371681415929,2.0428060595827056,1149
0.03,0.005,0.01,bitcoin,2.146800573569199,1.8796113503380583,0.06768796869205951,3.8570677787569707,0.5138023152270703,1.694897501365556,1149
0.03,0.005,0.01,ethereum,1.6956938213601802,1.989212538266215,0.13164231436054144,2.0620353238233005,0.5368705035971223,1.4885611155301528,1149
0.03,0.005,0.01,binancecoin,2.2115429400584126,4.628855582694261,0.10872090858330621,4.238135086437102,0.5169340463458111,1.7517346360361512,1149
0.03,0.005,0.01,solana,2.3887269170386207,8.847003569092285,0.1222382607511426,5.3289468781142855,0.5213143872113677,1.6811130048524972,1149
0.03,0.005,0.02,portfolio,3.2031008636693454,3.944320095306777,0.04972140546833375,8.443377765387353,0.5557522123893806,2.061758479228761,1149
0.03,0.005,0.02,bitcoin,2.1854722585168425,1.9389944235311503,0.06708651833706251,3.9759903598682835,0.5146927871772039,1.7125718429624803,1149
0.03,0.005,0.02,ethereum,1.7184676908071326,2.0385116727912673,0.12943441034623918,2.13251463660998,0.5386690647482014,1.4964538593868935,1149
0.03,0.005,0.02,binancecoin,2.234755456533833,4.751685939080783,0.10718965401383627,4.363352695123257,0.516042780748663,1.762708234407097,1149
0.03,0.005,0.02,solana,2.410058380981495,9.063493327148711,0.12223826075114236,5.393536751414035,0.5230905861456483,1.68884752163824,1149
0.03,0.005,0.03,portfolio,3.2258633154690255,4.00478963681296,0.04972140546833384,8.519609573455762,0.5539823008849557,2.0728584541698885,1149
0.03,0.005,0.03,bitcoin,2.193330589166339,1.954649440272369,0.067086518337062,3.9980036443803515,0.5155832591273375,1.7161537474091397,1149
0.03,0.005,0.03,ethereum,1.7329103232007022,2.070249634227426,0.12793926526558727,2.1801916280885734,0.5377697841726619,1.501906121432897,1149
0.03,0.005,0.03,binancecoin,2.258080295019324,4.873399420510431,0.10784347412865807,4.399547770018762,0.5169340463458111,1.7751218467044714,1149
0.03,0.005,0.03,solana,2.4204142775089577,9.18145801965931,0.12175506588867134,5.449818737650699,0.5213143872113677,1.6930627432800651,1149
0.03,0.005,0.05,portfolio,3.2477172755584096,4.058461727091342,0.049721405468333695,8.586672057865911,0.5584070796460177,2.083855189875593,1149
0.03,0.005,0.05,bitcoin,2.2070798062774903,1.976913433572295,0.06708651833706272,4.029153834061784,0.5164737310774711,1.7227469087606633,1149
0.03,0.005,0.05,ethereum,1.748324521790333,2.099822335824256,0.12742571934023128,2.2101014397846286,0.5368705035971223,1.5076246792661743,1149
0.03,0.005,0.05,binancecoin,2.276659245625248,4.948386539434482,0.10570128692067389,4.52757757804718,0.5169340463458111,1.7831093391271642,1149
0.03,0.005,0.05,solana,2.432767522669121,9.314888814819144,0.12224132370122051,5.467056553330412,0.5213143872113677,1.6974100180502174,1149
0.03,0.005,0.08,portfolio,3.256765407743857,4.086092632721316,0.04972140546833381,8.620980099714187,0.5575221238938053,2.0894004887906354,1149
0.03,0.005,0.08,bitcoin,2.2130265812652126,1.9852895019045698,0.06708651833706263,4.040825954662844,0.5155832591273375,1.7257412285856577,1149
0.03,0.005,0.08,ethereum,1.748666785416471,2.1047056002144435,0.12678264760517494,2.2248021010356758,0.5386690647482014,1.507945373768844,1149
0.03,0.005,0.08,binancecoin,2.2884601253644,5.009480641673784,0.10505819511397307,4.586868319309767,0.5169340463458111,1.7887482324934942,1149
0.03,0.005,0.08,solana,2.439097868368216,9.388044618670477,0.12224132370121944,5.488226609082493,0.522202486678508,1.7004048233778954,1149
0.03,0.005,0.12,portfolio,3.2663566084833318,4.1119844092684215,0.04974389003124367,8.649085728726847,0.5575221238938053,2.094319449505464,1149
0.03,0.005,0.12,bitcoin,2.2171738098917184,1.9900729513836608,0.0670865183370624,4.047480265932427,0.5155832591273375,1.726997783963746,1149
0.03,0.005,0.12,ethereum,1.751485867919651,2.110532529083222,0.1267826476051783,2.2289615188627483,0.539568345323741,1.5089754675709612,1149
0.03,0.005,0.12,binancecoin,2.2975867610291916,5.057442071627049,0.10505819511397307,4.611481769944479,0.5169340463458111,1.793774219411462,1149
0.03,0.005,0.12,solana,2.4471746527948737,9.480412448291904,0.12224132370122019,5.514790685852898,0.522202486678508,1.7037099491388399,1149
0.05,0.005,0.0,portfolio,3.2760529461324728,4.13628665879973,0.04941971048784134,8.73594039322711,0.5575221238938053,2.099112197523878,1149
0.05,0.005,0.0,bitcoin,2.219853087996868,1.9942694972890727,0.06708651833706274,4.0533112887060225,0.5155832591273375,1.7281798963080977,1149
0.05,0.005,0.0,ethereum,1.758304171992915,2.1228053848351296,0.1249333636910901,2.270825185510251,0.539568345323741,1.5109506902235346,1149
0.05,0.005,0.0,binancecoin,2.302664950860431,5.090010643794522,0.1044115920338277,4.65677020812454,0.5164737310774711,1.7966077591931862,1149
0.05,0.005,0.0,solana,2.4552128635401034,9.566721518312875,0.1213979159266282,5.577932767680834,0.5213143872113677,1.706747716078594,1149
0.05,0.005,0.01,portfolio,3.177300452014328,3.8772471660816255,0.04972140546833371,8.357965100954395,0.5557522123893806,2.0488354154090263,1149
0.05,0.005,0.01,bitcoin,2.1510771421428796,1.8871095002404679,0.06768796869205884,3.867696718589203,0.5138023152270703,1.6966902354951716,1149
0.05,0.005,0.01,ethereum,1.702528820294806,2.00279573788738,0.13181364690807923,2.0689512027558536,0.5368705035971223,1.4909187679685674,1149
0.05,0.005,0.01,binancecoin,2.2205163527679113,4.678813672434859,0.10742611857062737,4.315594549060916,0.5164737310774711,1.7567579142953524,1149
0.05,0.005,0.01,solana,2.3979809730220367,8.942247579196572,0.12113417799336357,5.406329344831147,0.5204262877442274,1.684793834028924,1149
0.05,0.005,0.02,portfolio,3.2098248378633345,3.9631375548476333,0.04972140546833366,8.467177908887884,0.5548672566371682,2.064917852752909,1149
0.05,0.005,0.02,bitcoin,2.1877865201458326,1.9438210254240316,0.06708651833706271,3.9827870214749224,0.5146927871772039,1.713790079586021,1149
0.05,0.005,0.02,ethereum,1.723110817508826,2.048194464129153,0.1289543884893909,2.1473599465578723,0.5386690647482014,1.4980046559902986,1149
0.05,0.005,0.02,binancecoin,2.2393883677923156,4.780202831166429,0.10653509324575583,4.4051133669568525,0.5155832591273375,1.7654204621226257,1149
0.05,0.005,0.02,solana,2.415023706339047,9.117182365198415,0.12091119088586372,5.468757973277613,0.5213143872113677,1.6910253832296782,1149
0.05,0.005,0.03,portfolio,3.232130251922707,4.022236525559109,0.049721405468333674,8.541470534026132,0.5539823008849557,2.076109478186495,1149
0.05,0.005,0.03,bitcoin,2.1948131860673437,1.9570844182446905,0.06708651833706247,4.001419398354291,0.5155832591273375,1.7166874245289936,1149
0.05,0.005,0.03,ethereum,1.7334458461654074,2.0712814729803064,0.12811132844849143,2.1779992015878817,0.5368705035971223,1.5020522556061549,1149
0.05,0.005,0.03,binancecoin,2.2665797441048663,4.917386794911336,0.10590087094981211,4.503054071913762,0.5164737310774711,1.7792176917252633,1149
0.05,0.005,0.03,solana,2.424995900559199,9.234853372591925,0.12091119088586441,5.503647262483616,0.5204262877442274,1.6949326712513946,1149
0.05,0.005,0.05,portfolio,3.253037777573816,4.076274834776837,0.04972140546833374,8.608806488346696,0.5584070796460177,2.0866465525909788,1149
0.05,0.005,0.05,bitcoin,2.2097290438909085,1.9810893346647394,0.06708651833706245,4.034976187142166,0.5164737310774711,1.7239251174298458,1149
0.05,0.005,0.05,ethereum,1.7504208003634312,2.104522530643565,0.12694458990964003,2.2218333250881623,0.5377697841726619,1.508264604222218,1149
0.05,0.005,0.05,binancecoin,2.2821483839224,4.991702097450512,0.10505851134057727,4.577691758383259,0.5164737310774711,1.7862454660223033,1149
0.05,0.005,0.05,solana,2.436312877783499,9.35359526970758,0.12139791592662795,5.516332201072547,0.5213143872113677,1.6988704504000467,1149
0.05,0.005,0.08,portfolio,3.260735680651727,4.098334316964566,0.04972140546833374,8.636133545541126,0.5575221238938053,2.091557129725656,1149
0.05,0.005,0.08,bitcoin,2.214507683144841,1.9877497308843992,0.06708651833706211,4.044249446125464,0.5155832591273375,1.7262770652756,1149
0.05,0.005,0.08,ethereum,1.7502095996167248,2.108054677939157,0.12630116359074903,2.23568399086496,0.5386690647482014,1.5084100614513716,1149
0.05,0.005,0.08,binancecoin,2.291179429746917,5.029867979910247,0.10505851134057778,4.597335783479121,0.5164737310774711,1.7908238086007764,1149
0.05,0.005,0.08,solana,2.4425502418904768,9.43182942388657,0.12139791592662832,5.539058480546044,0.5213143872113677,1.7017559564944789,1149
0.05,0.005,0.12,portfolio,3.2693516268426577,4.1210479015452215,0.04974389003124364,8.66025835147039,0.5575221238938053,2.0960128862665157,1149
0.05,0.005,0.12,bitcoin,2.2186552934872785,1.9925371224873647,0.06708651833706278,4.05090495975089,0.5155832591273375,1.7275337958807884,1149
0.05,0.005,0.12,ethereum,1.7531421356997585,2.113907995444456,0.1263011635907486,2.2398746347003216,0.539568345323741,1.5095373898312114,1149
0.05,0.005,0.12,binancecoin,2.3002632694099647,5.0762207506604256,0.10505851134057778,4.621063502537655,0.5164737310774711,1.7951067127422653,1149
0.05,0.005,0.12,solana,2.449281636587142,9.50189584792689,0.12139791592662857,5.55929944342621,0.5213143872113677,1.7046490901440516,1149
0.07,0.005,0.0,portfolio,3.2760529461324728,4.13628665879973,0.04941971048784134,8.73594039322711,0.5575221238938053,2.099112197523878,1149
0.07,0.005,0.0,bitcoin,2.219853087996868,1.9942694972890727,0.06708651833706274,4.0533112887060225,0.5155832591273375,1.7281798963080977,1149
0.07,0.005,0.0,ethereum,1.758304171992915,2.1228053848351296,0.1249333636910901,2.270825185510251,0.539568345323741,1.5109506902235346,1149
0.07,0.005,0.0,binancecoin,2.302664950860431,5.090010643794522,0.1044115920338277,4.65677020812454,0.5164737310774711,1.7966077591931862,1149
0.07,0.005,0.0,solana,2.4552128635401034,9.566721518312875,0.1213979159266282,5.577932767680834,0.5213143872113677,1.706747716078594,1149
0.07,0.005,0.01,portfolio,3.1821592822142697,3.890276960743165,0.04972140546833367,8.374629083309125,0.5557522123893806,2.050966822173671,1149
0.07,0.005,0.01,bitcoin,2.1510771421428796,1.8871095002404679,0.06768796869205884,3.867696718589203,0.5138023152270703,1.6966902354951716,1149
0.07,0.005,0.01,ethereum,1.705095371528332,2.0081104661239233,0.13181364690807992,2.072696679303263,0.5368705035971223,1.4918623725382585,1149
0.07,0.005,0.01,binancecoin,2.2277968057165394,4.715569594054075,0.10547554484576754,4.415051898255969,0.5164737310774711,1.7597099148535662,1149
0.07,0.005,0.01,solana,2.4002851203170312,8.966353948266278,0.12113417799336397,5.413587393431435,0.5204262877442274,1.6856180995406378,1149
0.07,0.005,0.02,portfolio,3.2140300732902753,3.9750729013364934,0.04972140546833366,8.482237134226615,0.5548672566371682,2.0670632517690772,1149
0.07,0.005,0.02,bitcoin,2.1877865201458326,1.9438210254240316,0.06708651833706271,3.9827870214749224,0.5146927871772039,1.713790079586021,1149
0.07,0.005,0.02,ethereum,1.7249565007442786,2.052226339298821,0.1289543884893908,2.150231027769202,0.5386690647482014,1.498667920682475,1149
0.07,0.005,0.02,binancecoin,2.2476617386592737,4.823793182137753,0.10460582850034933,4.509521371516043,0.5155832591273375,1.7689489131714895,1149
0.07,0.005,0.02,solana,2.415855897993959,9.124746391821901,0.12091119088586297,5.471010197376154,0.5213143872113677,1.6911244288929175,1149
0.07,0.005,0.03,portfolio,3.234458593088478,4.028617686754062,0.04972140546833379,8.54945132538042,0.5539823008849557,2.0771557961466827,1149
0.07,0.005,0.03,bitcoin,2.1948131860673437,1.9570844182446905,0.06708651833706247,4.001419398354291,0.5155832591273375,1.7166874245289936,1149
0.07,0.005,0.03,ethereum,1.7346359575333297,2.0739821675223453,0.12811132844849055,2.1799239736575022,0.5368705035971223,1.5024320107058133,1149
0.07,0.005,0.03,binancecoin,2.2704193498775203,4.938569345362219,0.1046058285003488,4.5698719170355995,0.5164737310774711,1.780740073056895,1149
0.07,0.005,0.03,solana,2.426059772018787,9.241385085124078,0.12091119088586459,5.505574714408657,0.5204262877442274,1.6952071276755412,1149
0.07,0.005,0.05,portfolio,3.2555860823232754,4.082658167483864,0.049721405468333764,8.616723610991023,0.5584070796460177,2.087945937248429,1149
0.07,0.005,0.05,bitcoin,2.2097290438909085,1.9810893346647394,0.06708651833706245,4.034976187142166,0.5164737310774711,1.7239251174298458,1149
0.07,0.005,0.05,ethereum,1.7511186967395085,2.105905395924419,0.12694458990964166,2.2228197879565843,0.5377697841726619,1.5085519632244848,1149
0.07,0.005,0.05,binancecoin,2.283021613382419,4.9960332719644525,0.1044115920338268,4.608302491075268,0.5164737310774711,1.786551330986728,1149
0.07,0.005,0.05,solana,2.4401862450423266,9.39359669186004,0.12139791592662819,5.527968920012374,0.5213143872113677,1.7004133751823312,1149
0.07,0.005,0.08,portfolio,3.261876197419629,4.10200537059089,0.04972140546833371,8.64067224571672,0.5575221238938053,2.0922378054021125,1149
0.07,0.005,0.08,bitcoin,2.214507683144841,1.9877497308843992,0.06708651833706211,4.044249446125464,0.5155832591273375,1.7262770652756,1149
0.07,0.005,0.08,ethereum,1.7502095996167248,2.108054677939157,0.12630116359074903,2.23568399086496,0.5386690647482014,1.5084100614513716,1149
0.07,0.005,0.08,binancecoin,2.2930909228866523,5.040645044536967,0.10441159203382717,4.631383868036453,0.5164737310774711,1.7915885821752302,1149
0.07,0.005,0.08,solana,2.4442973567585367,9.44386063789495,0.12139791592662788,5.542541619677313,0.5213143872113677,1.702409512879203,1149
0.07,0.005,0.12,portfolio,3.271221762518666,4.126078563744359,0.04974389003124367,8.66645301918688,0.5575221238938053,2.0968632159091456,1149
0.07,0.005,0.12,bitcoin,2.2186552934872785,1.9925371224873647,0.06708651833706278,4.05090495975089,0.5155832591273375,1.7275337958807884,1149
0.07,0.005,0.12,ethereum,1.7537257944346023,2.1152749293234607,0.12630116359074786,2.2408523960764484,0.539568345323741,1.5097278505982827,1149
0.07,0.005,0.12,binancecoin,2.3011369008254,5.080613020507675,0.10441159203382717,4.651949877122741,0.5164737310774711,1.7954137244117283,1149
0.07,0.005,0.12,solana,2.4519899807665038,9.530926335200402,0.12139791592662771,5.567654962012105,0.5213143872113677,1.7056665110191875,1149
0.1,0.005,0.0,portfolio,3.2760529461324728,4.13628665879973,0.04941971048784134,8.73594039322711,0.5575221238938053,2.099112197523878,1149
0.1,0.005,0.0,bitcoin,2.219853087996868,1.9942694972890727,0.06708651833706274,4.0533112887060225,0.5155832591273375,1.7281798963080977,1149
0.1,0.005,0.0,ethereum,1.758304171992915,2.1228053848351296,0.1249333636910901,2.270825185510251,0.539568345323741,1.5109506902235346,1149
0.1,0.005,0.0,binancecoin,2.302664950860431,5.090010643794522,0.1044115920338277,4.65677020812454,0.5164737310774711,1.7966077591931862,1149
0.1,0.005,0.0,solana,2.4552128635401034,9.566721518312875,0.1213979159266282,5.577932767680834,0.5213143872113677,1.706747716078594,1149
0.1,0.005,0.01,portfolio,3.1855565582969882,3.8992766352842265,0.04972140546833374,8.38611866249603,0.5557522123893806,2.0527345170466633,1149
0.1,0.005,0.01,bitcoin,2.1510771421428796,1.8871095002404679,0.06768796869205884,3.867696718589203,0.5138023152270703,1.6966902354951716,1149
0.1,0.005,0.01,ethereum,1.7105947868850186,2.0193577638278226,0.12856750602141367,2.1331382935924497,0.5368705035971223,1.493774203624314,1149
0.1,0.005,0.01,binancecoin,2.2297126820416473,4.723898438965095,0.10417202551431624,4.474792212419077,0.5164737310774711,1.7605471121830232,1149
0.1,0.005,0.01,solana,2.402095227922117,8.987876568434844,0.12113417799336253,5.420055944430119,0.5204262877442274,1.686349089476857,1149
0.1,0.005,0.02,portfolio,3.2163876966019096,3.981475570409617,0.04972140546833367,8.490303975713708,0.5548672566371682,2.0682592435701292,1149
0.1,0.005,0.02,bitcoin,2.1877865201458326,1.9438210254240316,0.06708651833706271,3.9827870214749224,0.5146927871772039,1.713790079586021,1149
0.1,0.005,0.02,ethereum,1.7281986498828315,2.059058700733325,0.12700456636540558,2.1881753206666668,0.5386690647482014,1.499786606331902,1149
0.1,0.005,0.02,binancecoin,2.248690629858945,4.828062310689278,0.10394946027041913,4.540271434547201,0.5155832591273375,1.7694864509548858,1149
0.1,0.005,0.02,solana,2.4176318788903637,9.146607560981364,0.12091119088586343,5.477512086170144,0.5213143872113677,1.6918587209585845,1149
0.1,0.005,0.03,portfolio,3.2369311308641695,4.035099262723232,0.049721405468333806,8.557549613766154,0.5539823008849557,2.07845560986715,1149
0.1,0.005,0.03,bitcoin,2.1948131860673437,1.9570844182446905,0.06708651833706247,4.001419398354291,0.5155832591273375,1.7166874245289936,1149
0.1,0.005,0.03,ethereum,1.7380597595765215,2.080895743985271,0.12615039677438347,2.2188073367852557,0.5368705035971223,1.5035534670573527,1149
0.1,0.005,0.03,binancecoin,2.271449197673769,4.94292261052031,0.10394946027041871,4.601012812832171,0.5164737310774711,1.7812836780245103,1149
0.1,0.005,0.03,solana,2.428116423701141,9.263753803178158,0.12091119088586386,5.512168267422889,0.5204262877442274,1.696051957122784,1149
0.1,0.005,0.05,portfolio,3.2567669113031386,4.086615441158461,0.049721405468333764,8.621627843151634,0.5584070796460177,2.088462432841992,1149
0.1,0.005,0.05,bitcoin,2.2097290438909085,1.9810893346647394,0.06708651833706245,4.034976187142166,0.5164737310774711,1.7239251174298458,1149
0.1,0.005,0.05,ethereum,1.7531221523151332,2.1105106425021205,0.1256500767397499,2.2490369349007153,0.5377697841726619,1.5091943214208372,1149
0.1,0.005,0.05,binancecoin,2.283021613382419,4.9960332719644525,0.1044115920338268,4.608302491075268,0.5164737310774711,1.786551330986728,1149
0.1,0.005,0.05,solana,2.441430576283518,9.41033819893078,0.12139791592662845,5.532828775376743,0.5213143872113677,1.700884067757539,1149
0.1,0.005,0.08,portfolio,3.262670068404195,4.104347263696896,0.04972140546833371,8.643566308999649,0.5575221238938053,2.092640475790525,1149
0.1,0.005,0.08,bitcoin,2.214507683144841,1.9877497308843992,0.06708651833706211,4.044249446125464,0.5155832591273375,1.7262770652756,1149
0.1,0.005,0.08,ethereum,1.751283379400485,2.1103708233300735,0.12565007673974984,2.2489362999538955,0.5386690647482014,1.508730932238341,1149
0.1,0.005,0.08,binancecoin,2.2930909228866523,5.040645044536967,0.10441159203382717,4.631383868036453,0.5164737310774711,1.7915885821752302,1149
0.1,0.005,0.08,solana,2.4454057573263,9.455336270834485,0.12139791592662962,5.545860995703576,0.5213143872113677,1.7028339402631454,1149
0.1,0.005,0.12,portfolio,3.2719049082623632,4.128421658213647,0.04974389003124367,8.66933664399574,0.5575221238938053,2.0971675157004306,1149
0.1,0.005,0.12,bitcoin,2.2186552934872785,1.9925371224873647,0.06708651833706278,4.05090495975089,0.5155832591273375,1.7275337958807884,1149
0.1,0.005,0.12,ethereum,1.7547995933443625,2.1175964552992386,0.12565007673974773,2.254132335384339,0.539568345323741,1.510048924891737,1149
0.1,0.005,0.12,binancecoin,2.3011369008254,5.080613020507675,0.10441159203382717,4.651949877122741,0.5164737310774711,1.7954137244117283,1149
0.1,0.005,0.12,solana,2.452882410769967,9.542290005019192,0.12139791592662764,5.570920742632602,0.5213143872113677,1.705980958790371,1149
0.0,0.01,0.0,portfolio,3.0396796061003104,3.452407477490733,0.0494716188090206,7.83390961976008,0.5460176991150443,1.9800156779455487,1149
0.0,0.01,0.0,bitcoin,1.9985328802668214,1.8798374561136284,0.06969701606580318,3.7461976728564506,0.5066904549509367,1.6765117252026496,1149
0.0,0.01,0.0,ethereum,1.6591089526952993,1.9088879974268664,0.13725813182761443,1.9224941362186754,0.5217391304347826,1.4768760653436208,1149
0.0,0.01,0.0,binancecoin,2.0786823173374023,3.135042844559096,0.10665744328273226,3.4243651283896965,0.5161290322580645,1.6527623161528797,1149
0.0,0.01,0.0,solana,2.3965153430607193,8.90938269969821,0.12613607692543924,5.182418523756291,0.5182546749777382,1.6866546637213602,1149
0.0,0.01,0.01,portfolio,2.812747053302593,2.9607360279821093,0.049773313789513086,7.0800826241683,0.54070796460177,1.8771196139503872,1149
0.0,0.01,0.01,bitcoin,1.8590181910038954,1.6527063590650939,0.07329779289965589,3.254938566767294,0.50625,1.6131609413424468,1149
0.0,0.01,0.01,ethereum,1.5143605509066127,1.6293355960274938,0.1480350902781303,1.5954209781501472,0.5117753623188406,1.4269105800674886,1149
0.0,0.01,0.01,binancecoin,1.8922970237835879,2.611556747050741,0.11535258577597893,2.8200491665274776,0.5116487455197133,1.5792962822471894,1149
0.0,0.01,0.01,solana,2.2554671268564417,7.543595889317684,0.13225128100826525,4.542628369162358,0.5173642030276047,1.6337573608479565,1149
0.0,0.01,0.02,portfolio,2.8964247187330057,3.135103770295359,0.04977331378951309,7.338037461285605,0.5424778761061947,1.913977085905473,1149
0.0,0.01,0.02,bitcoin,1.9295025841782383,1.7563740325162716,0.06969830207514836,3.5730780806040214,0.5057983942908117,1.643423543704014,1149
0.0,0.01,0.02,ethereum,1.5718236923211903,1.7357151380269293,0.14429505809070364,1.7116197540453353,0.5163043478260869,1.446448070287305,1149
0.0,0.01,0.02,binancecoin,1.9563713106730158,2.789370486406186,0.11266742918230412,3.0119047125105394,0.5125448028673835,1.6044697416372946,1149
0.0,0.01,0.02,solana,2.299112042876089,7.944753307251382,0.12858292240573954,4.7981427874091125,0.5182546749777382,1.6498018385559583,1149
0.0,0.01,0.03,portfolio,2.945136984900223,3.2375116882293344,0.04977331378951309,7.485602039074345,0.54070796460177,1.935643596521908,1149
0.0,0.01,0.03,bitcoin,1.952309088990033,1.793806787116642,0.06969830207514875,3.626173565604273,0.5075825156110616,1.6535032844706816,1149
0.0,0.01,0.03,ethereum,1.5997442946677438,1.7899892667404589,0.1415627455690453,1.7826901553145602,0.5172101449275363,1.4561104563778475,1149
0.0,0.01,0.03,binancecoin,1.9958325548022842,2.900072082372387,0.11138850218456477,3.122663328345768,0.514336917562724,1.6202957847174142,1149
0.0,0.01,0.03,solana,2.3344146508289945,8.269624774688637,0.12602631343698534,4.99626344981277,0.5182546749777382,1.6627555305880652,1149
0.0,0.01,0.05,portfolio,2.9853661801657676,3.3286418760372847,0.049773313789513066,7.614592968143192,0.5451327433628319,1.9540848953652945,1149
0.0,0.01,0.05,bitcoin,1.964336257189778,1.8242470568250648,0.073297792899656,3.488769234421348,0.5075825156110616,1.6598421156351861,1149
0.0,0.01,0.05,ethereum,1.6365372200901254,1.8629338674660287,0.13916872591582938,1.8644390752069795,0.5208333333333334,1.4691503065009317,1149
0.0,0.01,0.05,binancecoin,2.03359255828954,3.002908110352731,0.11054585494910538,3.2162607446167324,0.514336917562724,1.6345368697161038,1149
0.0,0.01,0.05,solana,2.354567483664003,8.476916420657819,0.12633523502954006,5.0467676515304465,0.5173642030276047,1.670311833268259,1149
0.0,0.01,0.08,portfolio,3.011902569178164,3.388759370486187,0.04977331378951306,7.698530673707049,0.5460176991150443,1.9667002357227852,1149
0.0,0.01,0.08,bitcoin,1.9883437330928906,1.8579113343684805,0.06969701606580324,3.7158933975535686,0.5075825156110616,1.6704818857353145,1149
0.0,0.01,0.08,ethereum,1.6434393941179355,1.8787806667997806,0.13860666711824735,1.8830067413820413,0.519927536231884,1.4715649381604787,1149
0.0,0.01,0.08,binancecoin,2.0533700275681084,3.062183593455366,0.10923208777641139,3.2950163104266594,0.5152329749103942,1.6423347739197947,1149
0.0,0.01,0.08,solana,2.3773605995675196,8.698212767116663,0.1261360769254384,5.120627648209241,0.5182546749777382,1.6791097168100326,1149
0.0,0.01,0.12,portfolio,3.0208677510545505,3.4128488815984293,0.04979579835242311,7.728422094178396,0.5460176991150443,1.9714213280977213,1149
0.0,0.01,0.12,bitcoin,1.986063681968244,1.859809168374099,0.06969701606580314,3.7185235710216986,0.5066904549509367,1.670400287470297,1149
0.0,0.01,0.12,ethereum,1.6494122582196933,1.8908500890126123,0.13860666711824426,1.8913585185975836,0.5208333333333334,1.4736730529840247,1149
0.0,0.01,0.12,binancecoin,2.068843238227448,3.105047607069247,0.10923208777641139,3.323710640424156,0.5161290322580645,1.64879688764362,1149
0.0,0.01,0.12,solana,2.380513062549132,8.759526538968059,0.12613607692543868,5.138676135910525,0.5182546749777382,1.6808040479142148,1149
0.005,0.01,0.0,portfolio,3.0969635031389253,3.5813038273114817,0.04947161880902076,8.0100134146484,0.552212389380531,2.007236661962964,1149
0.005,0.01,0.0,bitcoin,2.054357732142714,1.9696398660493504,0.06789719436389667,3.971011388473367,0.5084594835262689,1.700135076502402,1149
0.005,0.01,0.0,ethereum,1.7048889956882487,2.0004055768534914,0.12199603953236604,2.2336278372503755,0.527927927927928,1.4924153719488331,1149
0.005,0.01,0.0,binancecoin,2.1221816304531753,3.2668768947108537,0.10512745174344217,3.5639000378138026,0.5169642857142858,1.6703383242654726,1149
0.005,0.01,0.0,solana,2.417248865235075,9.11948397786244,0.12440450226691886,5.315860007815335,0.5213523131672598,1.6943038624749522,1149
0.005,0.01,0.01,portfolio,2.9194014580410133,3.181137595805496,0.049773313789513114,7.404718788797571,0.5486725663716814,1.9238280742633473,1149
0.005,0.01,0.01,bitcoin,1.9525512234214748,1.7963394219583768,0.06909918271534414,3.6612172532701415,0.5062388591800356,1.6520605814825082,1149
0.005,0.01,0.01,ethereum,1.5936542270920888,1.7771230463457748,0.130403538605688,1.9255119319308245,0.5216216216216216,1.453347476881536,1149
0.005,0.01,0.01,binancecoin,1.98492752753996,2.86119950093616,0.11338616807627441,3.04156057384965,0.5151785714285714,1.614566395153916,1149
0.005,0.01,0.01,solana,2.296204743510076,7.909935683121173,0.13023155076471485,4.726786241083007,0.5195729537366548,1.6483957218039964,1149
0.005,0.01,0.02,portfolio,2.979581677172108,3.3122352203198027,0.049773313789513135,7.591527554595207,0.547787610619469,1.950938197533342,1149
0.005,0.01,0.02,bitcoin,2.00020002246325,1.8703576942836229,0.06729572111505204,3.866325625183866,0.5066785396260017,1.6730398590270872,1149
0.005,0.01,0.02,ethereum,1.6363167191428312,1.85968500426485,0.1253621317982182,2.067275045659041,0.5252252252252252,1.4681255061248624,1149
0.005,0.01,0.02,binancecoin,2.0250960827625644,2.982446473652564,0.1111477307019411,3.1851441872920603,0.5151785714285714,1.6307490048630169,1149
0.005,0.01,0.02,solana,2.331489060192606,8.244248379737341,0.12663636589501254,4.96445982507481,0.5195729537366548,1.661594051632067,1149
0.005,0.01,0.03,portfolio,3.0200503733843402,3.402328051742943,0.04977331378951315,7.717351361737958,0.547787610619469,1.9699047401839596,1149
0.005,0.01,0.03,bitcoin,2.0228366773562896,1.9095862622152833,0.06729572111505198,3.9221585320184444,0.5084594835262689,1.6836110005431597,1149
0.005,0.01,0.03,ethereum,1.6590623192069185,1.9069006401064303,0.12519684787649482,2.1061913883457986,0.5243243243243243,1.4763478314271499,1149
0.005,0.01,0.03,binancecoin,2.0541784559603764,3.0684139078871153,0.10986661333783959,3.2801474213302613,0.5169642857142858,1.643013872707654,1149
0.005,0.01,0.03,solana,2.362015179868189,8.53687430214113,0.12450972114318935,5.138966415426074,0.5195729537366548,1.6729132741359867,1149
0.005,0.01,0.05,portfolio,3.0537030391512783,3.4790904886944922,0.04977331378951313,7.8229815069294935,0.552212389380531,1.9859108798485268,1149
0.005,0.01,0.05,bitcoin,2.0319745394055664,1.9334394183616008,0.06789719436389717,3.9207783565490013,0.5093499554764025,1.689582125773497,1149
0.005,0.01,0.05,ethereum,1.6875485320060388,1.9631236192094401,0.12335803910611892,2.1807172047181798,0.527027027027027,1.486319306016829,1149
0.005,0.01,0.05,binancecoin,2.085295102202487,3.1543341782325944,0.10902252293466072,3.362868491247196,0.5160714285714286,1.6552887740996758,1149
0.005,0.01,0.05,solana,2.3806117880547117,8.73631121014959,0.12510252210778036,5.17425048642383,0.5204626334519573,1.6796754609808926,1149
0.005,0.01,0.08,portfolio,3.073422340935353,3.5265194184609534,0.04977331378951308,7.887542411801108,0.552212389380531,1.9955360082468563,1149
0.005,0.01,0.08,bitcoin,2.0462351422399783,1.9506139999645908,0.06789719436389781,3.9446703951850712,0.5084594835262689,1.69511265523088,1149
0.005,0.01,0.08,ethereum,1.6910181122476953,1.9730201115637525,0.12336843070716208,2.1880585311471945,0.5261261261261261,1.4876709598655051,1149
0.005,0.01,0.08,binancecoin,2.1033574019056447,3.2115014760308025,0.10707403241535926,3.462379993301912,0.5169642857142858,1.662509308388677,1149
0.005,0.01,0.08,solana,2.400046424649032,8.926550753088758,0.12440450226691838,5.259599659977834,0.5213523131672598,1.6875069139520165,1149
0.005,0.01,0.12,portfolio,3.080162039156804,3.545983956212579,0.049795798352423135,7.910311631527643,0.552212389380531,1.9993291897004268,1149
0.005,0.01,0.12,bitcoin,2.0456069986025005,1.955756488428304,0.06789719436389684,3.9518031302035945,0.5084594835262689,1.695861703833844,1149
0.005,0.01,0.12,ethereum,1.6948404624425863,1.981742079501191,0.12336843070715948,2.194674274630292,0.527027027027027,1.4890550855367986,1149
0.005,0.01,0.12,binancecoin,2.1135596530130036,3.2404858726772696,0.10707403241535926,3.481651354501817,0.5169642857142858,1.6668181106859106,1149
0.005,0.01,0.12,solana,2.4025455152240203,8.97998761125281,0.12440450226691861,5.2752670011254725,0.5213523131672598,1.688844758343738,1149
0.01,0.01,0.0,portfolio,3.116900640426659,3.6290898373613585,0.049471618809020734,8.074318308920352,0.552212389380531,2.0161238522513845,1149
0.01,0.01,0.0,bitcoin,2.0739290657230365,2.0020311128833597,0.06776873575480702,4.023166660637559,0.5093499554764025,1.7082844637248777,1149
0.01,0.01,0.0,ethereum,1.720283274503245,2.0325340821860975,0.11863056985339297,2.322081003726005,0.5288288288288289,1.4976433427270288,1149
0.01,0.01,0.0,binancecoin,2.1301664482144353,3.292663007866942,0.10512738668360477,3.5811930346838845,0.5173951828724354,1.6736658281710417,1149
0.01,0.01,0.0,solana,2.430480828187613,9.261222427880577,0.1235915685761679,5.391894331027724,0.5222419928825622,1.699074999927227,1149
0.01,0.01,0.01,portfolio,2.9703821309632614,3.2918214710130185,0.049773313789513066,7.562732892861562,0.5504424778761062,1.946223067018778,1149
0.01,0.01,0.01,bitcoin,1.990008276281981,1.8576299964146101,0.06836912665612822,3.787667203907551,0.5066785396260017,1.668501001844591,1149
0.01,0.01,0.01,ethereum,1.628937158380068,1.846465809047292,0.12639293043682412,2.040297012344148,0.5252252252252252,1.4653194157845355,1149
0.01,0.01,0.01,binancecoin,2.0105581720265224,2.9322199284753996,0.1127075110585602,3.1076690747313402,0.5165031222123104,1.6244057035658053,1149
0.01,0.01,0.01,solana,2.3347519820739,8.271021858400575,0.12716114210531623,4.9520987215762675,0.5222419928825622,1.6625630813789418,1149
0.01,0.01,0.02,portfolio,3.0186014636782397,3.4005438745538354,0.04977331378951311,7.71487917418434,0.5495575221238939,1.9686576968432372,1149
0.01,0.01,0.02,bitcoin,2.032587846137442,1.923494843618947,0.06776873575480667,3.914299907386302,0.5075690115761353,1.6870137720841594,1149
0.01,0.01,0.02,ethereum,1.6633147787907778,1.9146498424791547,0.12265713823136792,2.1558190082545066,0.527027027027027,1.4772467295593195,1149
0.01,0.01,0.02,binancecoin,2.0399888062564107,3.025758317105258,0.11114342186249544,3.2142039907984765,0.5156110615521855,1.6362641080597262,1149
0.01,0.01,0.02,solana,2.362995585630192,8.55174732996702,0.12524061880843895,5.113451459311894,0.5231316725978647,1.672998007763928,1149
0.01,0.01,0.03,portfolio,3.050702634688852,3.472469036739656,0.04977331378951313,7.813925894897196,0.5486725663716814,1.9832207843581902,1149
0.01,0.01,0.03,bitcoin,2.0445301037518906,1.9441136495203342,0.06776873575480663,3.943100556847307,0.5093499554764025,1.6921734401839221,1149
0.01,0.01,0.03,ethereum,1.6876434810715792,1.9664044980836937,0.12184364718936576,2.2103493943442283,0.5252252252252252,1.4861280442667815,1149
0.01,0.01,0.03,binancecoin,2.0684399139149585,3.109597669467794,0.10986229828799267,3.3076594032048536,0.5173951828724354,1.6485792257210998,1149
0.01,0.01,0.03,solana,2.3817139996509114,8.738777522615395,0.12311057540558566,5.25871391157911,0.5213523131672598,1.6798503764955768,1149
0.01,0.01,0.05,portfolio,3.0817798787168558,3.5435920391528235,0.04977331378951313,7.910652645234407,0.552212389380531,1.9986555238057917,1149
0.01,0.01,0.05,bitcoin,2.051109085342223,1.9646456925636397,0.0677687357548071,3.9716239648227654,0.5102404274265361,1.6971424888883822,1149
0.01,0.01,0.05,ethereum,1.706137083931789,2.002041281059576,0.1199977900963858,2.2720907068549274,0.527927927927928,1.4927396504778196,1149
0.01,0.01,0.05,binancecoin,2.096933441991036,3.1889008723677987,0.10836932753614036,3.406077192166891,0.5165031222123104,1.6600094402549168,1149
0.01,0.01,0.05,solana,2.4050604639610214,8.984544447241655,0.12359156857616804,5.311307272795576,0.5222419928825622,1.6887502924077629,1149
0.01,0.01,0.08,portfolio,3.0964493407079314,3.579621390887759,0.04977331378951306,7.959201905373571,0.552212389380531,2.0057028905009715,1149
0.01,0.01,0.08,bitcoin,2.0649498292449358,1.9818658536832285,0.0677687357548068,3.9954277902812914,0.5093499554764025,1.7029202099938474,1149
0.01,0.01,0.08,ethereum,1.7086146162611973,2.010496414177532,0.12000822152938631,2.2784366180040374,0.527027027027027,1.493779818471996,1149
0.01,0.01,0.08,binancecoin,2.1151555246728226,3.247857019346095,0.10641940853511743,3.5079828606985095,0.5173951828724354,1.6673966994122709,1149
0.01,0.01,0.08,solana,2.414079109788798,9.074898940763848,0.12359156857616722,5.337814140524696,0.5222419928825622,1.6924762421027801,1149
0.01,0.01,0.12,portfolio,3.1038232549717257,3.601489587985067,0.049795798352423114,7.984916785644033,0.552212389380531,2.010025223161922,1149
0.01,0.01,0.12,bitcoin,2.0671939021301737,1.9914386724439734,0.06776873575480721,4.008614140572938,0.5093499554764025,1.7049631984160838,1149
0.01,0.01,0.12,ethereum,1.7115309238720846,2.0163407578971784,0.12000822152938645,2.28295116071358,0.527927927927928,1.4947452760091533,1149
0.01,0.01,0.12,binancecoin,2.122739590956196,3.2692397679141534,0.10641940853511743,3.522201977509944,0.5173951828724354,1.6706774163202982,1149
0.01,0.01,0.12,solana,2.4205419347462698,9.16343302400155,0.12359156857616736,5.363607556558423,0.5222419928825622,1.6954478498227707,1149
0.015,0.01,0.0,portfolio,3.127250073344319,3.6534471297959836,0.04947161880902069,8.106896347026474,0.5539823008849557,2.020360598955038,1149
0.015,0.01,0.0,bitcoin,2.0805789753060893,2.0135759990047886,0.06748247268986401,4.056115630258015,0.5093499554764025,1.712022779229719,1149
0.015,0.01,0.0,ethereum,1.7281605147900347,2.049244915605019,0.11770258853958557,2.3534570458235207,0.527927927927928,1.5000686486975674,1149
0.015,0.01,0.0,binancecoin,2.1376651902298387,3.316942799518534,0.10408419591551071,3.633454983906156,0.5183199285075961,1.6767883972968265,1149
0.015,0.01,0.0,solana,2.4368388298476997,9.323063925867544,0.12307130114252925,5.432542960798832,0.5217777777777778,1.701152429606178,1149
0.015,0.01,0.01,portfolio,2.9971478561064386,3.34952787553247,0.049773313789513135,7.643857161001345,0.5548672566371682,1.9581742634542296,1149
0.015,0.01,0.01,bitcoin,2.003803514337769,1.8794731205585746,0.06868561526076751,3.8008512425727328,0.5066785396260017,1.6751631321067288,1149
0.015,0.01,0.01,ethereum,1.6479589601464901,1.8837068613615684,0.12391862473570033,2.1100155929303814,0.5252252252252252,1.471700324430424,1149
0.015,0.01,0.01,binancecoin,2.0314942151350746,2.990999477446383,0.10902350595007466,3.2530489368925855,0.5178571428571429,1.632643884452663,1149
0.015,0.01,0.01,solana,2.351948128829989,8.438194895396624,0.1252932949609533,5.077005597335299,0.5208888888888888,1.6686813578382274,1149
0.015,0.01,0.02,portfolio,3.040790027866806,3.4512886465636115,0.04977331378951315,7.784888764816139,0.5539823008849557,1.978543061753959,1149
0.015,0.01,0.02,bitcoin,2.0419393959934546,1.9385361936632624,0.0674824726898642,3.952019252559372,0.5075690115761353,1.6920185939034404,1149
0.015,0.01,0.02,ethereum,1.6785735986439319,1.9479766959542877,0.12042571028874141,2.2219792493238124,0.527027027027027,1.4823189439993039,1149
0.015,0.01,0.02,binancecoin,2.0591607417772964,3.0808299008051465,0.10880214603907427,3.320597560869903,0.517426273458445,1.6438179361997707,1149
0.015,0.01,0.02,solana,2.378458139047781,8.70286795236259,0.12472133031008016,5.180101276793167,0.5226666666666666,1.6784262451809981,1149
0.015,0.01,0.03,portfolio,3.070851553210848,3.518062441315699,0.04977331378951308,7.8760694728789105,0.552212389380531,1.9919658362459676,1149
0.015,0.01,0.03,bitcoin,2.055353201523647,1.962667222790599,0.06748247268986407,3.985718312936729,0.5093499554764025,1.697738005053754,1149
0.015,0.01,0.03,ethereum,1.7012981047231832,1.9929543629456234,0.12091904887889607,2.2477847768224346,0.5243243243243243,1.4907043641060012,1149
0.015,0.01,0.03,binancecoin,2.0861866966958806,3.1620497288703993,0.10687181156048335,3.435748557001135,0.5183199285075961,1.655355550680871,1149
0.015,0.01,0.03,solana,2.3938272900356425,8.862737131241113,0.12259002243717385,5.318373615715984,0.5208888888888888,1.6841875382998657,1149
0.015,0.01,0.05,portfolio,3.0971103959418476,3.5788494990018194,0.04977331378951306,7.958164918323534,0.5548672566371682,2.0053731656905343,1149
0.015,0.01,0.05,bitcoin,2.064408935311121,1.9864443879601001,0.06748247268986375,4.018714257772678,0.5102404274265361,1.7045223324189116,1149
0.015,0.01,0.05,ethereum,1.7195896994499995,2.029837798303322,0.11907124830928598,2.311397506230447,0.527027027027027,1.4971773729306723,1149
0.015,0.01,0.05,binancecoin,2.108793714379079,3.224422761105374,0.1060205861294854,3.5054724821601364,0.5183199285075961,1.664652337603278,1149
0.015,0.01,0.05,solana,2.4114189941621196,9.044265299496722,0.12307130114252839,5.351375156151908,0.5208888888888888,1.6909866360445855,1149
0.015,0.01,0.08,portfolio,3.1081948898689093,3.607794129454609,0.049773313789513156,7.996957127862537,0.5539823008849557,2.0106553161080285,1149
0.015,0.01,0.08,bitcoin,2.0737370969856928,1.9964024394173148,0.06748247268986364,4.032472291381848,0.5093499554764025,1.7075717428411112,1149
0.015,0.01,0.08,ethereum,1.7167650100414595,2.0271337068353517,0.11908169072539339,2.3090979334282764,0.5261261261261261,1.496319230822556,1149
0.015,0.01,0.08,binancecoin,2.126439071326952,3.2828330940305985,0.1047313517135649,3.5881283732587628,0.5183199285075961,1.6719659313271629,1149
0.015,0.01,0.08,solana,2.420398216251954,9.135581135036686,0.12307130114252857,5.378151905629273,0.5217777777777778,1.6945464052869141,1149
0.015,0.01,0.12,portfolio,3.1152270442388144,3.6289005505435235,0.04979579835242313,8.021501010000422,0.5539823008849557,2.01479530511952,1149
0.015,0.01,0.12,bitcoin,2.0738439553394286,2.002942823305188,0.06748247268986389,4.041489070076266,0.5093499554764025,1.7086894194922528,1149
0.015,0.01,0.12,ethereum,1.7222186248003601,2.0391894325567512,0.11908169072539473,2.318435282949098,0.527027027027027,1.4982966952915673,1149
0.015,0.01,0.12,binancecoin,2.131232354172619,3.2964890837957874,0.1047313517135649,3.5973034138489863,0.5183199285075961,1.6741177544234223,1149
0.015,0.01,0.12,solana,2.4268965923505226,9.224685172789107,0.1230713011425278,5.404099148652215,0.5217777777777778,1.6975207482262102,1149
0.02,0.01,0.0,portfolio,3.1339653002119676,3.6695429596360167,0.04941971048784134,8.136889313442884,0.5557522123893806,2.0234191024244446,1149
0.02,0.01,0.0,bitcoin,2.084374120457211,2.0193805939459017,0.06735381953281569,4.0718460430017345,0.5097864768683275,1.713402532469651,1149
0.02,0.01,0.0,ethereum,1.7374908126018038,2.0686529514560665,0.11504458513915741,2.42328843844223,0.5288288288288289,1.5037384412830441,1149
0.02,0.01,0.0,binancecoin,2.1417282861801517,3.3304103434495076,0.10408419591551066,3.6425037053740903,0.5173951828724354,1.6779588524349272,1149
0.02,0.01,0.0,solana,2.4390131412035982,9.34792202336392,0.1232335694889875,5.432533819425209,0.5217777777777778,1.701916117716102,1149
0.02,0.01,0.01,portfolio,3.017022138621714,3.3948369707529507,0.04972140546833387,7.715012273835155,0.5557522123893806,1.9675524790880523,1149
0.02,0.01,0.01,bitcoin,2.0182335265099574,1.9034213841868532,0.0673536616737337,3.910056815441681,0.5071174377224199,1.6821872694343363,1149
0.02,0.01,0.01,ethereum,1.6723318940808507,1.9325997385135119,0.12031189342533923,2.2120036663471168,0.5261261261261261,1.4807020722957671,1149
0.02,0.01,0.01,binancecoin,2.0447721696110306,3.029972876444739,0.10839508780194138,3.2985732217735024,0.5173951828724354,1.6375389807541247,1149
0.02,0.01,0.01,solana,2.3583915500080153,8.50072456732974,0.12540719155518734,5.091302731765444,0.5217777777777778,1.6710374771587815,1149
0.02,0.01,0.02,portfolio,3.0542427810595973,3.483354812615449,0.04972140546833373,7.83698108426591,0.5557522123893806,1.9845395755871245,1149
0.02,0.01,0.02,bitcoin,2.052923646187404,1.9565784318559318,0.06735381953281556,3.9848325222926815,0.5080071174377224,1.6967512377766398,1149
0.02,0.01,0.02,ethereum,1.695600011418017,1.9821634000492798,0.11843545549180823,2.2864175146368964,0.527027027027027,1.4885754806729077,1149
0.02,0.01,0.02,binancecoin,2.0659114695519474,3.103444744439198,0.10751719192640682,3.3756378944277197,0.5165031222123104,1.6458343414012793,1149
0.02,0.01,0.02,solana,2.3835532431820274,8.756309566641784,0.12498329181547917,5.185119318885471,0.5217777777777778,1.6801422092930056,1149
0.02,0.01,0.03,portfolio,3.080976535600947,3.5431878959181935,0.04972140546833382,7.918364383222614,0.5530973451327433,1.9968429627854924,1149
0.02,0.01,0.03,bitcoin,2.0630774831997107,1.9767130965089517,0.06735381953281572,4.012885308684536,0.5097864768683275,1.7009618672434685,1149
0.02,0.01,0.03,ethereum,1.7111591102180788,2.0141939477645905,0.11759817508908603,2.3280462488455216,0.5252252252252252,1.4945698738306596,1149
0.02,0.01,0.03,binancecoin,2.0963759163353166,3.1922010855215914,0.10751733258763128,3.435267454847532,0.5173951828724354,1.6592240510113407,1149
0.02,0.01,0.03,solana,2.3964818692668612,8.893529592454941,0.1233349722735957,5.295410814092513,0.52,1.6850284302825351,1149
0.02,0.01,0.05,portfolio,3.106065693163558,3.5996531616488596,0.049721405468333826,7.99440302269908,0.5566371681415929,2.009330474705064,1149
0.02,0.01,0.05,bitcoin,2.0693289943761535,1.9954039002252824,0.06735381953281563,4.038794153003249,0.5106761565836299,1.7062108654120067,1149
0.02,0.01,0.05,ethereum,1.727468416329256,2.0462362611172105,0.11707853942191114,2.3636401220590084,0.527027027027027,1.500289131761755,1149
0.02,0.01,0.05,binancecoin,2.115923792885008,3.245457222777686,0.10602027024282973,3.5195841642169157,0.5173951828724354,1.6669556129671321,1149
0.02,0.01,0.05,solana,2.4159272954671795,9.091968812847066,0.12323356948898678,5.35832206656096,0.5217777777777778,1.6925571667304111,1149
0.02,0.01,0.08,portfolio,3.117268672545196,3.630106963901394,0.049721405468333715,8.035111395410743,0.5557522123893806,2.0151921689064505,1149
0.02,0.01,0.08,bitcoin,2.0807304344219615,2.0084008322001097,0.06735381953281526,4.056735960806003,0.5097864768683275,1.7105833764080176,1149
0.02,0.01,0.08,ethereum,1.7278804118703885,2.0510842488781185,0.116427841999175,2.380675322848954,0.527027027027027,1.5007459751950118,1149
0.02,0.01,0.08,binancecoin,2.1316041277661006,3.2994447964051776,0.10473103537136058,3.5992971404577605,0.5173951828724354,1.6736983524086075,1149
0.02,0.01,0.08,solana,2.42409470888604,9.171811054815352,0.12323356948898721,5.381627892257723,0.5217777777777778,1.6958608295495647,1149
0.02,0.01,0.12,portfolio,3.1224902764718974,3.64680542373023,0.049743890031243645,8.053702020110753,0.5557522123893806,2.01803531331282,1149
0.02,0.01,0.12,bitcoin,2.0793823875467066,2.0127715683733234,0.06735381953281509,4.062756011712512,0.5097864768683275,1.710922761711623,1149
0.02,0.01,0.12,ethereum,1.731542826964921,2.058533466603772,0.11642784199917612,2.3865436956792925,0.527927927927928,1.5019603460458373,1149
0.02,0.01,0.12,binancecoin,2.13626812237815,3.313085846478889,0.10473103537136058,3.6084345712108474,0.5173951828724354,1.6756202888996927,1149
0.02,0.01,0.12,solana,2.4283325151987545,9.24431916662784,0.12323356948898792,5.40266948206105,0.5217777777777778,1.6979532250986984,1149
0.03,0.01,0.0,portfolio,3.1401574955116955,3.684153775991569,0.04941971048784133,8.156335599879242,0.5557522123893806,2.0263395701756894,1149
0.03,0.01,0.0,bitcoin,2.0909064894794707,2.030482626406104,0.06708651833706235,4.103365505773471,0.5097864768683275,1.7166409071067141,1149
0.03,0.01,0.0,ethereum,1.7408043108309164,2.0754430259790024,0.11516003174379937,2.4262434125512264,0.5283528352835284,1.5049022264348395,1149
0.03,0.01,0.0,binancecoin,2.1455414757039897,3.341799439375106,0.1044115920338277,3.6386933223076317,0.5173951828724354,1.6795559455161753,1149
0.03,0.01,0.0,solana,2.4427033401021356,9.389059370053053,0.12224132370122053,5.488519441475477,0.522202486678508,1.7031468810959043,1149
0.03,0.01,0.01,portfolio,3.0348150178297546,3.4354607123316594,0.049721405468333695,7.771223618214639,0.5530973451327433,1.9752877484654463,1149
0.03,0.01,0.01,bitcoin,2.0286295324987367,1.9194156236346416,0.06768796869205951,3.913247039140642,0.5071174377224199,1.6860130766202945,1149
0.03,0.01,0.01,ethereum,1.6779725876338738,1.943531260757931,0.12074435998668176,2.212641296596261,0.5256525652565257,1.4826147825693987,1149
0.03,0.01,0.01,binancecoin,2.0520907154687724,3.057856881139969,0.10872090858330621,3.3075854608661976,0.5173951828724354,1.63989539099955,1149
0.03,0.01,0.01,solana,2.377631070931838,8.697375395161716,0.12223826075114196,5.28365431474454,0.5213143872113677,1.6781942065339344,1149
0.03,0.01,0.02,portfolio,3.071195215441435,3.5201363783505277,0.049721405468333674,7.887110000973119,0.5548672566371682,1.992389173073167,1149
0.03,0.01,0.02,bitcoin,2.0600101538450124,1.968429366828,0.06708651833706251,4.017305050731284,0.5080071174377224,1.700306586594171,1149
0.03,0.01,0.02,ethereum,1.7012399802031093,1.9932112772090238,0.11886884453539853,2.2867551295550093,0.5274527452745275,1.4906144948873479,1149
0.03,0.01,0.02,binancecoin,2.077614636245945,3.1395481944838073,0.10718965401383627,3.410404981300769,0.5165031222123104,1.6503827120017582,1149
0.03,0.01,0.02,solana,2.3994354887354183,8.914839147966388,0.12223826075114193,5.349303923568855,0.5230905861456483,1.686062972866281,1149
0.03,0.01,0.03,portfolio,3.094860977605612,3.5752260882733715,0.049721405468333806,7.961598382697396,0.5530973451327433,2.0035646244573746,1149
0.03,0.01,0.03,bitcoin,2.069864706947859,1.987853346888083,0.067086518337062,4.044393582980382,0.5097864768683275,1.7045213477571988,1149
0.03,0.01,0.03,ethereum,1.7167506421103145,2.0265488463065786,0.11771328856588593,2.3354819102039954,0.5265526552655265,1.4963738766784125,1149
0.03,0.01,0.03,binancecoin,2.1028539270454423,3.216916257792848,0.10784347412865807,3.4412589268667064,0.5173951828724354,1.6619654086666567,1149
0.03,0.01,0.03,solana,2.4100109585055187,9.035168406518284,0.12175506588867055,5.406519442527018,0.5213143872113677,1.6904020567473605,1149
0.03,0.01,0.05,portfolio,3.116497733115287,3.625083120661973,0.049721405468333715,8.028410321980578,0.5566371681415929,2.0139461756155335,1149
0.03,0.01,0.05,bitcoin,2.0804156470199526,2.010546729268637,0.06708651833706272,4.0758680131759135,0.5106761565836299,1.7105446886123636,1149
0.03,0.01,0.05,ethereum,1.73149467695752,2.0542539081858533,0.11719372068763098,2.3675992940992296,0.5256525652565257,1.501777094689021,1149
0.03,0.01,0.05,binancecoin,2.1234642295518174,3.274791529126049,0.10570128692067389,3.5498391275120453,0.5173951828724354,1.669930804666858,1149
0.03,0.01,0.05,solana,2.4223076747802716,9.166752492760368,0.12224132370122023,5.423826844596619,0.5213143872113677,1.6947643634853469,1149
0.03,0.01,0.08,portfolio,3.1242053538326213,3.648250059912847,0.04972140546833384,8.059264470938427,0.5557522123893806,2.0187391099437826,1149
0.03,0.01,0.08,bitcoin,2.0845561746558126,2.021247089917757,0.06708651833706263,4.090644584503811,0.5097864768683275,1.7139650458515416,1149
0.03,0.01,0.08,ethereum,1.7326929112932274,2.060916037242603,0.11654310815144264,2.386056042421513,0.5274527452745275,1.5023646383600309,1149
0.03,0.01,0.08,binancecoin,2.1332199866998764,3.3070449255504757,0.10505819511397307,3.593166493951169,0.5173951828724354,1.6743637227699457,1149
0.03,0.01,0.08,solana,2.4285818572582545,9.23437830715602,0.12224132370121985,5.443622252959464,0.522202486678508,1.6976268511960872,1149
0.03,0.01,0.12,portfolio,3.1319322110795826,3.6664954013252276,0.04974389003124368,8.079825767823175,0.5557522123893806,2.0225225426669216,1149
0.03,0.01,0.12,bitcoin,2.087077367424247,2.025605575992903,0.0670865183370624,4.096651690026664,0.5097864768683275,1.714773919678471,1149
0.03,0.01,0.12,ethereum,1.735520275321839,2.0666607816142295,0.11654310815144173,2.3905668341507096,0.5283528352835284,1.5033936078356398,1149
0.03,0.01,0.12,binancecoin,2.140096019704488,3.3243313555275265,0.10505819511397307,3.604690040084028,0.5173951828724354,1.6771956132578243,1149
0.03,0.01,0.12,solana,2.4360612916975555,9.32019894298719,0.12224132370121928,5.468597153274152,0.522202486678508,1.7006997582374828,1149
0.05,0.01,0.0,portfolio,3.1433599552720013,3.6918486716401278,0.04941971048784138,8.166558101735735,0.5557522123893806,2.0277263480553978,1149
0.05,0.01,0.0,bitcoin,2.093776130208719,2.035780263171269,0.06708651833706274,4.110648755812768,0.5097864768683275,1.717745463606571,1149
0.05,0.01,0.0,ethereum,1.7423529838632472,2.078760537865234,0.11467213912591472,2.439204763982367,0.5283528352835284,1.5053680165342258,1149
0.05,0.01,0.0,binancecoin,2.147463959650144,3.3490472217224108,0.1044115920338277,3.6435287940174517,0.5169340463458111,1.6803005769084667,1149
0.05,0.01,0.0,solana,2.4446269653832604,9.410178182571052,0.12139791592662888,5.532782353468179,0.5213143872113677,1.7039744378525814,1149
0.05,0.01,0.01,portfolio,3.047604383453505,3.465122777950831,0.049721405468333646,7.812013875896605,0.5530973451327433,1.9812624252909257,1149
0.05,0.01,0.01,bitcoin,2.036415769702662,1.9328451437597085,0.06768796869205884,3.932066381617498,0.5071174377224199,1.6894815668673906,1149
0.05,0.01,0.01,ethereum,1.6848285080511425,1.9569068813249428,0.12091784277059836,2.2198923419152656,0.5256525652565257,1.4849710575275024,1149
0.05,0.01,0.01,binancecoin,2.061882659441261,3.0897643976202964,0.10742611857062737,3.36921084072505,0.5169340463458111,1.6445154200292293,1149
0.05,0.01,0.01,solana,2.3869027156369564,8.791172143953492,0.12113417799336368,5.360527366880088,0.5204262877442274,1.6818795493725536,1149
0.05,0.01,0.02,portfolio,3.078826565655162,3.5382728989559835,0.04972140546833365,7.911710789949532,0.5539823008849557,1.9956017771848786,1149
0.05,0.01,0.02,bitcoin,2.0654184894554892,1.978813302499149,0.06708651833706271,4.0318035631864335,0.5080071174377224,1.7026500508858853,1149
0.05,0.01,0.02,ethereum,1.705897925989911,2.0027497102803586,0.1183829969227673,2.3036393041603507,0.5274527452745275,1.4921653796407752,1149
0.05,0.01,0.02,binancecoin,2.082493663844689,3.155898276645779,0.10653509324575583,3.4424453707292666,0.516042780748663,1.6526754600993294,1149
0.05,0.01,0.02,solana,2.4044106113416515,8.96773511152168,0.12091119088586326,5.423987449107845,0.5213143872113677,1.6882432414816835,1149
0.05,0.01,0.03,portfolio,3.1021530614383144,3.5933096269493987,0.0497214054683337,7.985896992894402,0.5530973451327433,2.007024083739233,1149
0.05,0.01,0.03,bitcoin,2.0744013937210912,1.9958562016396058,0.06708651833706247,4.055514322890636,0.5097864768683275,1.7062028653596493,1149
0.05,0.01,0.03,ethereum,1.7172875670639183,2.027565998251589,0.11788736939965799,2.3328302055167214,0.5256525652565257,1.4965201977762623,1149
0.05,0.01,0.03,binancecoin,2.1125151822343238,3.248497810649803,0.10590087094981211,3.525588514640429,0.5169340463458111,1.6661364219546757,1149
0.05,0.01,0.03,solana,2.4146019895920783,9.08779656230597,0.12091119088586429,5.459995720590888,0.5204262877442274,1.6922749236012853,1149
0.05,0.01,0.05,portfolio,3.122081171390925,3.640038916077927,0.04972140546833375,8.04834248380637,0.5566371681415929,2.0163712706355303,1149
0.05,0.01,0.05,bitcoin,2.0843716280953717,2.0175531607796575,0.06708651833706245,4.0855481090133905,0.5106761565836299,1.7122657928668663,1149
0.05,0.01,0.05,ethereum,1.7335984221450405,2.0588850085654444,0.11670694942711943,2.381112221603887,0.5265526552655265,1.502418041728647,1149
0.05,0.01,0.05,binancecoin,2.1291174489914515,3.2973279899904187,0.10505851134057727,3.586662296676805,0.5169340463458111,1.6722889897567323,1149
0.05,0.01,0.05,solana,2.4258594023833533,9.204903068475474,0.1213979159266294,5.472766382619322,0.5213143872113677,1.6962267139674758,1149
0.05,0.01,0.08,portfolio,3.1285356127179558,3.6593094923746783,0.04972140546833374,8.07395130581295,0.5557522123893806,2.0208150022133884,1149
0.05,0.01,0.08,bitcoin,2.0874257711178834,2.02652858188895,0.06708651833706211,4.097922960680166,0.5097864768683275,1.7150684066460127,1149
0.05,0.01,0.08,ethereum,1.7342407492557792,2.0642178787173333,0.11605597814916305,2.3986755139039437,0.5274527452745275,1.5028299370406364,1149
0.05,0.01,0.08,binancecoin,2.135936862592721,3.3173207606574087,0.10505851134057778,3.6000101169935474,0.5169340463458111,1.675982123121377,1149
0.05,0.01,0.08,solana,2.4320423023630937,9.277515420745319,0.12139791592662877,5.494102785658135,0.5213143872113677,1.6989806123481013,1149
0.05,0.01,0.12,portfolio,3.1354418373835116,3.6758554283914986,0.04974389003124365,8.092214050731133,0.5557522123893806,2.0243159261074437,1149
0.05,0.01,0.12,bitcoin,2.0899464548433904,2.030894687105644,0.06708651833706278,4.1039323677508515,0.5097864768683275,1.7158771282055847,1149
0.05,0.01,0.12,ethereum,1.7371812509358124,2.0699886395333573,0.11605597814916305,2.40322191337942,0.5283528352835284,1.5039552048887614,1149
0.05,0.01,0.12,binancecoin,2.143053685933381,3.337737217209618,0.10505851134057778,3.6135910965984865,0.5169340463458111,1.678599378295944,1149
0.05,0.01,0.12,solana,2.4381718058236905,9.341353927039437,0.1213979159266287,5.5127640877250785,0.5213143872113677,1.7016394304313276,1149
0.07,0.01,0.0,portfolio,3.1433599552720013,3.6918486716401278,0.04941971048784138,8.166558101735735,0.5557522123893806,2.0277263480553978,1149
0.07,0.01,0.0,bitcoin,2.093776130208719,2.035780263171269,0.06708651833706274,4.110648755812768,0.5097864768683275,1.717745463606571,1149
0.07,0.01,0.0,ethereum,1.7423529838632472,2.078760537865234,0.11467213912591472,2.439204763982367,0.5283528352835284,1.5053680165342258,1149
0.07,0.01,0.0,binancecoin,2.147463959650144,3.3490472217224108,0.1044115920338277,3.6435287940174517,0.5169340463458111,1.6803005769084667,1149
0.07,0.01,0.0,solana,2.4446269653832604,9.410178182571052,0.12139791592662888,5.532782353468179,0.5213143872113677,1.7039744378525814,1149
0.07,0.01,0.01,portfolio,3.052569904257344,3.47705417555658,0.04972140546833372,7.828361879836032,0.5530973451327433,1.9833483942440129,1149
0.07,0.01,0.01,bitcoin,2.036415769702662,1.9328451437597085,0.06768796869205884,3.932066381617498,0.5071174377224199,1.6894815668673906,1149
0.07,0.01,0.01,ethereum,1.6874036605254563,1.9621403896507856,0.12091784277059744,2.2239615529751533,0.5256525652565257,1.4859139193354973,1149
0.07,0.01,0.01,binancecoin,2.070148134360006,3.1162352537376012,0.10547554484576754,3.449801747950319,0.5169340463458111,1.6475872006267063,1149
0.07,0.01,0.01,solana,2.389211304000067,8.814912209511863,0.12113417799336347,5.367761082161997,0.5204262877442274,1.6827051588788728,1149
0.07,0.01,0.02,portfolio,3.0831337578410563,3.5491891861739893,0.04972140546833365,7.926480912163832,0.5539823008849557,1.9976886877208488,1149
0.07,0.01,0.02,bitcoin,2.0654184894554892,1.978813302499149,0.06708651833706271,4.0318035631864335,0.5080071174377224,1.7026500508858853,1149
0.07,0.01,0.02,ethereum,1.7077501111813713,2.006721475251436,0.1183829969227651,2.30675648159599,0.5274527452745275,1.4928285170955367,1149
0.07,0.01,0.02,binancecoin,2.091868282943013,3.187239229510488,0.10460582850034933,3.5274818723042127,0.516042780748663,1.656336293840673,1149
0.07,0.01,0.02,solana,2.405244075758953,8.975187405158179,0.12091119088586451,5.426232334162871,0.5213143872113677,1.6883429670346006,1149
0.07,0.01,0.03,portfolio,3.1045521840608625,3.5991486756239617,0.04972140546833386,7.9937268939666435,0.5530973451327433,2.0080467016914283,1149
0.07,0.01,0.03,bitcoin,2.0744013937210912,1.9958562016396058,0.06708651833706247,4.055514322890636,0.5097864768683275,1.7062028653596493,1149
0.07,0.01,0.03,ethereum,1.718482073878369,2.030228252115025,0.1178873693996569,2.334915340008043,0.5256525652565257,1.4969005282275953,1149
0.07,0.01,0.03,binancecoin,2.116855833145582,3.26370621637575,0.1046058285003488,3.5795292954103703,0.5169340463458111,1.667740004351143,1149
0.07,0.01,0.03,solana,2.4156665814377036,9.094234425637154,0.12091119088586418,5.46191706425783,0.5204262877442274,1.6925496131198166,1149
0.07,0.01,0.05,portfolio,3.1246972613853896,3.6458765925363146,0.04972140546833385,8.056108971019672,0.5566371681415929,2.0176269751209146,1149
0.07,0.01,0.05,bitcoin,2.0843716280953717,2.0175531607796575,0.06708651833706245,4.0855481090133905,0.5106761565836299,1.7122657928668663,1149
0.07,0.01,0.05,ethereum,1.734298203823534,2.0602475452630262,0.11670694942712007,2.3821817384314783,0.5265526552655265,1.5027046635602812,1149
0.07,0.01,0.05,binancecoin,2.130114955140248,3.3004343656355504,0.1044115920338268,3.610974706757144,0.5169340463458111,1.6726109650678136,1149
0.07,0.01,0.05,solana,2.429739119490173,9.244330013902056,0.12139791592662713,5.484366241444025,0.5213143872113677,1.697771540666265,1149
0.07,0.01,0.08,portfolio,3.12973122591989,3.6626671472480483,0.04972140546833369,8.078404857881399,0.5557522123893806,2.021475517108737,1149
0.07,0.01,0.08,bitcoin,2.0874257711178834,2.02652858188895,0.06708651833706211,4.097922960680166,0.5097864768683275,1.7150684066460127,1149
0.07,0.01,0.08,ethereum,1.7342407492557792,2.0642178787173333,0.11605597814916305,2.3986755139039437,0.5274527452745275,1.5028299370406364,1149
0.07,0.01,0.08,binancecoin,2.1380960711717663,3.3250370232699265,0.10441159203382717,3.6274858260645986,0.5169340463458111,1.676787165196253,1149
0.07,0.01,0.08,solana,2.433791146657997,9.289368661675256,0.12139791592662776,5.497574558498216,0.5213143872113677,1.6996343325390257,1149
0.07,0.01,0.12,portfolio,3.1373711817223318,3.680451486973622,0.04974389003124368,8.098289989446686,0.5557522123893806,2.025144106354033,1149
0.07,0.01,0.12,bitcoin,2.0899464548433904,2.030894687105644,0.06708651833706278,4.1039323677508515,0.5097864768683275,1.7158771282055847,1149
0.07,0.01,0.12,ethereum,1.7377671005962188,2.0713362938268345,0.11605597814916352,2.404282679691743,0.5283528352835284,1.504145916243636,1149
0.07,0.01,0.12,binancecoin,2.144051533209373,3.3408728031546078,0.10441159203382717,3.6380746481796553,0.5169340463458111,1.678922385620304,1149
0.07,0.01,0.12,solana,2.4408850348490723,9.369940626804588,0.12139791592662816,5.521091423645073,0.5213143872113677,1.7026581096441329,1149
0.1,0.01,0.0,portfolio,3.1433599552720013,3.6918486716401278,0.04941971048784138,8.166558101735735,0.5557522123893806,2.0277263480553978,1149
0.1,0.01,0.0,bitcoin,2.093776130208719,2.035780263171269,0.06708651833706274,4.110648755812768,0.5097864768683275,1.717745463606571,1149
0.1,0.01,0.0,ethereum,1.7423529838632472,2.078760537865234,0.11467213912591472,2.439204763982367,0.5283528352835284,1.5053680165342258,1149
0.1,0.01,0.0,binancecoin,2.147463959650144,3.3490472217224108,0.1044115920338277,3.6435287940174517,0.5169340463458111,1.6803005769084667,1149
0.1,0.01,0.0,solana,2.4446269653832604,9.410178182571052,0.12139791592662888,5.532782353468179,0.5213143872113677,1.7039744378525814,1149
0.1,0.01,0.01,portfolio,3.0560175042264195,3.485293387937836,0.04972140546833371,7.839631132266626,0.5530973451327433,1.985062863815079,1149
0.1,0.01,0.01,bitcoin,2.036415769702662,1.9328451437597085,0.06768796869205884,3.932066381617498,0.5071174377224199,1.6894815668673906,1149
0.1,0.01,0.01,ethereum,1.692920851344508,1.9732158056563915,0.11763096257125313,2.2949372707397826,0.5256525652565257,1.487825012567916,1149
0.1,0.01,0.01,binancecoin,2.072349088037222,3.122233515937296,0.10417202551431624,3.4971515741270007,0.5169340463458111,1.6484327372031746,1149
0.1,0.01,0.01,solana,2.391025605485511,8.836107787008839,0.12113417799336305,5.374207946710197,0.5204262877442274,1.6834373828114904,1149
0.1,0.01,0.02,portfolio,3.085527016895094,3.555043764285248,0.049721405468333715,7.934390967247621,0.5539823008849557,1.9988497978553421,1149
0.1,0.01,0.02,bitcoin,2.0654184894554892,1.978813302499149,0.06708651833706271,4.0318035631864335,0.5080071174377224,1.7026500508858853,1149
0.1,0.01,0.02,ethereum,1.7110027503768024,2.013451974751839,0.1164095109023271,2.3512272589836587,0.5274527452745275,1.4939469889849133,1149
0.1,0.01,0.02,binancecoin,2.0930563212230746,3.190308683041504,0.10394946027041913,3.55187220469989,0.516042780748663,1.6568661896245374,1149
0.1,0.01,0.02,solana,2.407024198527892,8.996725649260503,0.12091119088586384,5.43271303605803,0.5213143872113677,1.6890785207882155,1149
0.1,0.01,0.03,portfolio,3.107059215540689,3.605076692703694,0.04972140546833386,8.001668162845949,0.5530973451327433,2.0093049344685627,1149
0.1,0.01,0.03,bitcoin,2.0744013937210912,1.9958562016396058,0.06708651833706247,4.055514322890636,0.5097864768683275,1.7062028653596493,1149
0.1,0.01,0.03,ethereum,1.7219157892144854,2.0370434233097368,0.11590344340782392,2.380304757341513,0.5256525652565257,1.4980219103677994,1149
0.1,0.01,0.03,binancecoin,2.118045763337425,3.2668317239915927,0.10394946027041871,3.604256689188514,0.5169340463458111,1.6682762775994617,1149
0.1,0.01,0.03,solana,2.4177270292545185,9.116281744624041,0.12091119088586406,5.468489721745116,0.5204262877442274,1.6933955570738624,1149
0.1,0.01,0.05,portfolio,3.125902255630174,3.6494937952930595,0.04972140546833385,8.060917501803806,0.5566371681415929,2.018138140561657,1149
0.1,0.01,0.05,bitcoin,2.0843716280953717,2.0175531607796575,0.06708651833706245,4.0855481090133905,0.5106761565836299,1.7122657928668663,1149
0.1,0.01,0.05,ethereum,1.7363091283615992,2.0647850931720004,0.11539725651001072,2.4128175817802058,0.5265526552655265,1.5033478671787295,1149
0.1,0.01,0.05,binancecoin,2.130114955140248,3.3004343656355504,0.1044115920338268,3.610974706757144,0.5169340463458111,1.6726109650678136,1149
0.1,0.01,0.05,solana,2.4309864416242473,9.260831089366823,0.12139791592662787,5.489210702879055,0.5213143872113677,1.6982433225886955,1149
0.1,0.01,0.08,portfolio,3.130538059083499,3.664807377854359,0.04972140546833369,8.081242326985258,0.5557522123893806,2.021867626424505,1149
0.1,0.01,0.08,bitcoin,2.0874257711178834,2.02652858188895,0.06708651833706211,4.097922960680166,0.5097864768683275,1.7150684066460127,1149
0.1,0.01,0.08,ethereum,1.735317973478211,2.066501356600434,0.11539725651000757,2.4141779355113178,0.5274527452745275,1.5031512297269605,1149
0.1,0.01,0.08,binancecoin,2.1380960711717663,3.3250370232699265,0.10441159203382717,3.6274858260645986,0.5169340463458111,1.676787165196253,1149
0.1,0.01,0.08,solana,2.4349015287656988,9.300674540031453,0.12139791592662887,5.500883102630312,0.5213143872113677,1.7000593063194365,1149
0.1,0.01,0.12,portfolio,3.1380685861551103,3.682590888439396,0.04974389003124368,8.101116665983582,0.5557522123893806,2.0254451402563314,1149
0.1,0.01,0.12,bitcoin,2.0899464548433904,2.030894687105644,0.06708651833706278,4.1039323677508515,0.5097864768683275,1.7158771282055847,1149
0.1,0.01,0.12,ethereum,1.7388443431810066,2.0736250764056514,0.11539725651000884,2.4198180300553385,0.5283528352835284,1.5044674129721303,1149
0.1,0.01,0.12,binancecoin,2.144051533209373,3.3408728031546078,0.10441159203382717,3.6380746481796553,0.5169340463458111,1.678922385620304,1149
0.1,0.01,0.12,solana,2.4417795313708304,9.381130580809849,0.1213979159266279,5.524346188982318,0.5213143872113677,1.7029732435446345,1149
0.0,0.015,0.0,portfolio,3.0165727418530977,3.4722607758533712,0.04947161880902078,7.861291178968727,0.5504424778761062,1.9853553448898131,1149
0.0,0.015,0.0,bitcoin,1.9631430881428822,1.9032151653634517,0.06969701606580318,3.778310438646186,0.504014272970562,1.6669076769462772,1149
0.0,0.015,0.0,ethereum,1.773827375350306,2.1850682654703815,0.09445889402349396,3.0624124154004724,0.5262206148282098,1.516437989151561,1149
0.0,0.015,0.0,binancecoin,2.02279332303027,3.042390380364651,0.10665744328273226,3.360904233709652,0.5161290322580645,1.6328064472240083,1149
0.0,0.015,0.0,solana,2.348699428007016,8.340388964780134,0.12391946835486027,5.1031618369565175,0.5173642030276047,1.6788302106689754,1149
0.0,0.015,0.01,portfolio,2.791655629141097,2.9781603553191265,0.049773313789513066,7.106253876559469,0.5398230088495575,1.88196054558285,1149
0.0,0.015,0.01,bitcoin,1.8260960435939133,1.6738751694949534,0.07329779289965589,3.2844216139047004,0.5035714285714286,1.6043116683388512,1149
0.0,0.015,0.01,ethereum,1.6301687776214997,1.8766576391720617,0.09580215907554068,2.7222066172426604,0.5162748643761302,1.4655251546218233,1149
0.0,0.015,0.01,binancecoin,1.835180723624462,2.520560666345988,0.11535258577597893,2.7559266776697706,0.5116487455197133,1.5594422829551307,1149
0.0,0.015,0.01,solana,2.2103009320171396,7.081979811760609,0.13225128100826525,4.396069416831344,0.5164737310774711,1.62645406355191,1149
0.0,0.015,0.02,portfolio,2.874498674947417,3.153091948126252,0.04977331378951312,7.364162506905595,0.5424778761061947,1.919041460711729,1149
0.0,0.015,0.02,bitcoin,1.892733192602563,1.7752809008277137,0.06969830207514836,3.5999659003895443,0.5031222123104371,1.6329664739130227,1149
0.0,0.015,0.02,ethereum,1.6884319931952645,1.9962032319728507,0.09549721233936095,2.8493256021652926,0.5207956600361664,1.4858745226735361,1149
0.0,0.015,0.02,binancecoin,1.8996252349480103,2.6972858102034207,0.11266742918230412,2.947937946070415,0.5125448028673835,1.584424893669856,1149
0.0,0.015,0.02,solana,2.253216129286476,7.452417604518347,0.1281585636185877,4.658338100477619,0.5173642030276047,1.642379634274404,1149
0.0,0.015,0.03,portfolio,2.921483318012328,3.2536097536888784,0.0497733137895131,7.508544626121853,0.5424778761061947,1.940472474716002,1149
0.0,0.015,0.03,bitcoin,1.9180669558960837,1.8169046832816305,0.06969830207514875,3.6586596773076274,0.5049063336306869,1.6446267439906435,1149
0.0,0.015,0.03,ethereum,1.7165569499382884,2.056749326229785,0.0943226508344777,2.9441137095668917,0.5216998191681737,1.4958858002773847,1149
0.0,0.015,0.03,binancecoin,1.935364696468465,2.797538686517969,0.11138850218456477,3.052166147174612,0.5152329749103942,1.5986038461068646,1149
0.0,0.015,0.03,solana,2.286824389033966,7.742769323419088,0.12571271184182894,4.843421084907973,0.5173642030276047,1.6548244689899714,1149
0.0,0.015,0.05,portfolio,2.963504482529202,3.3497853425446182,0.049773313789513156,7.644217222972829,0.5486725663716814,1.9597285201652062,1149
0.0,0.015,0.05,bitcoin,1.9297780985105042,1.8471734988726731,0.073297792899656,3.519174190607005,0.5049063336306869,1.6506834940381419,1149
0.0,0.015,0.05,ethereum,1.7515748828318605,2.134751085456903,0.09445889402349458,3.014826888608552,0.5253164556962026,1.5086318639700282,1149
0.0,0.015,0.05,binancecoin,1.977651781259999,2.909649826069978,0.11054585494910538,3.1530268119719076,0.514336917562724,1.6145805451862203,1149
0.0,0.015,0.05,solana,2.30927773818992,7.95658815137187,0.12633523502954006,4.887220864838092,0.5164737310774711,1.6634478032685482,1149
0.0,0.015,0.08,portfolio,2.988416855564952,3.407267737902437,0.04977331378951313,7.724191800282167,0.5504424778761062,1.971758452151529,1149
0.0,0.015,0.08,bitcoin,1.953048989287796,1.8811110535383193,0.06969701606580324,3.747952380137216,0.5049063336306869,1.6610333398068973,1149
0.0,0.015,0.08,ethereum,1.7583205594021005,2.1521024368021062,0.09445889402349412,3.0313031795895538,0.5244122965641953,1.5110502280343967,1149
0.0,0.015,0.08,binancecoin,1.9971498742391973,2.967551997753563,0.10923208777641139,3.2308204476877314,0.5152329749103942,1.6222161774535804,1149
0.0,0.015,0.08,solana,2.3294297239385053,8.141325848217583,0.12391946835486096,5.041070315902947,0.5173642030276047,1.6711928186882625,1149
0.0,0.015,0.12,portfolio,2.996646303608032,3.430398048329507,0.049795798352423044,7.752640897760303,0.5495575221238939,1.9761639180763424,1149
0.0,0.015,0.12,bitcoin,1.9509877360844206,1.8830242936257924,0.06969701606580314,3.7505872215658966,0.504014272970562,1.660961360336771,1149
0.0,0.015,0.12,ethereum,1.764211595891472,2.1653177732834816,0.09445889402349543,3.043804607137125,0.5253164556962026,1.513186106664197,1149
0.0,0.015,0.12,binancecoin,2.0101173464059507,3.0054140890921808,0.10923208777641139,3.2566471701709823,0.5161290322580645,1.6278459859785845,1149
0.0,0.015,0.12,solana,2.332633802492951,8.199137499133256,0.12390659250106127,5.0597364700110825,0.5173642030276047,1.6729149805253598,1149
0.005,0.015,0.0,portfolio,3.0706198501305213,3.5958728523512153,0.04947161880902073,8.029673991513011,0.5548672566371682,2.0111616080978623,1149
0.005,0.015,0.0,bitcoin,2.019810848163726,1.9971801460237795,0.06789719436389667,4.008908038729229,0.5066785396260017,1.6912823947406899,1149
0.005,0.015,0.0,ethereum,1.8132595597023526,2.2725520604571767,0.08739558101620745,3.397846930331574,0.531953195319532,1.5300219972779272,1149
0.005,0.015,0.0,binancecoin,2.0636076755631456,3.165697012222311,0.10512745174344217,3.4952559287304164,0.5169642857142858,1.6491488849861244,1149
0.005,0.015,0.0,solana,2.368739213403876,8.528779799427655,0.12207849535353639,5.23880895552121,0.5204626334519573,1.686271650490878,1149
0.005,0.015,0.01,portfolio,2.8955189047835606,3.1958116780389947,0.04977331378951305,7.425854133529022,0.5495575221238939,1.927864802427962,1149
0.005,0.015,0.01,bitcoin,1.91792427604789,1.8193598261802677,0.06909918271534414,3.693852451813637,0.5053475935828877,1.6426738242363599,1149
0.005,0.015,0.01,ethereum,1.7038717235427843,2.0291090940292245,0.08814303894479038,3.121672647415295,0.5256525652565257,1.4906503951262706,1149
0.005,0.015,0.01,binancecoin,1.9270736101821497,2.7649550623300176,0.11338616807627441,2.9760784840403804,0.5151785714285714,1.5939954778086032,1149
0.005,0.015,0.01,solana,2.2504486733502005,7.420003596572245,0.13023155076471485,4.5738586911443715,0.5186832740213523,1.6409736125378447,1149
0.005,0.015,0.02,portfolio,2.9541144307640326,3.325506101908875,0.04977331378951306,7.610189799797596,0.5469026548672566,1.9546108141967884,1149
0.005,0.015,0.02,bitcoin,1.9638596842420368,1.8931311010230303,0.06729572111505204,3.898810361075315,0.5048975957257347,1.6630289044073026,1149
0.005,0.015,0.02,ethereum,1.7462852092958319,2.1198480847628995,0.08814303894479052,3.2156266912712455,0.5292529252925292,1.5057029947679423,1149
0.005,0.015,0.02,binancecoin,1.9656919788613927,2.88092928794855,0.1111477307019411,3.116348537607672,0.5151785714285714,1.6095458883302949,1149
0.005,0.015,0.02,solana,2.284965423672744,7.726603148881754,0.1263608136107909,4.81341198832032,0.5186832740213523,1.6540162777217022,1149
0.005,0.015,0.03,portfolio,2.993486870593547,3.4146454646763376,0.049773313789513135,7.734397281317592,0.5469026548672566,1.9735830255256004,1149
0.005,0.015,0.03,bitcoin,1.9892123166532782,1.9370060136354224,0.06729572111505198,3.960836329494921,0.5066785396260017,1.675317474530871,1149
0.005,0.015,0.03,ethereum,1.769665531560588,2.1739439143419,0.0881430389447904,3.270628561717277,0.5283528352835284,1.5144519593963117,1149
0.005,0.015,0.03,binancecoin,1.9918117348101136,2.9587031302473843,0.10986661333783959,3.2061323654721896,0.5178571428571429,1.620417130980152,1149
0.005,0.015,0.03,solana,2.3137714080795106,7.9857342105452975,0.12447912055984507,4.9693562607655535,0.5186832740213523,1.6648047294845025,1149
0.005,0.015,0.05,portfolio,3.027641373119328,3.493374470657666,0.04977331378951313,7.842480994058783,0.5530973451327433,1.9896035399803516,1149
0.005,0.015,0.05,bitcoin,1.9980098007584604,1.9606439773363378,0.06789719436389717,3.9585732020395237,0.5075690115761353,1.6809992446710178,1149
0.005,0.015,0.05,ethereum,1.796181574891488,2.231888508753652,0.08814303894479043,3.3287377638334035,0.5310531053105311,1.5238736534242947,1149
0.005,0.015,0.05,binancecoin,2.0262414486037956,3.0508741308822556,0.10902252293466072,3.2937251632125615,0.5160714285714286,1.6338963244668778,1149
0.005,0.015,0.05,solana,2.33319827333719,8.18001224144182,0.12510252210778036,5.005432749510118,0.5195729537366548,1.671986253881468,1149
0.005,0.015,0.08,portfolio,3.0470051314244038,3.5405793510335,0.04977331378951307,7.906579472660265,0.5548672566371682,1.9994097872779393,1149
0.005,0.015,0.08,bitcoin,2.0117389825333705,1.9779778350829513,0.06789719436389781,3.9825136614715055,0.5066785396260017,1.6863831216076872,1149
0.005,0.015,0.08,ethereum,1.7995314219527314,2.24268264495153,0.08814303894479046,3.339472543600707,0.5301530153015301,1.525215994845263,1149
0.005,0.015,0.08,binancecoin,2.0443943952793737,3.107895285574889,0.10707403241535926,3.3926356196543423,0.5169642857142858,1.641101719650438,1149
0.005,0.015,0.08,solana,2.3521283136289286,8.353341007791862,0.12207849535353621,5.184183187144542,0.5204626334519573,1.6797166989008143,1149
0.005,0.015,0.12,portfolio,3.052683151669873,3.558251515480918,0.04979579835242304,7.926861433893305,0.5539823008849557,2.00265639479421,1149
0.005,0.015,0.12,bitcoin,2.01129649373201,1.9831680147073478,0.06789719436389684,3.9896608520461876,0.5066785396260017,1.6871206087594535,1149
0.005,0.015,0.12,ethereum,1.8032819082030211,2.2521957235716554,0.08814303894479063,3.3489102080699182,0.5310531053105311,1.526608481913411,1149
0.005,0.015,0.12,binancecoin,2.052142100292007,3.132036712448424,0.10707403241535926,3.409008523016479,0.5169642857142858,1.6446172070684029,1149
0.005,0.015,0.12,solana,2.3539783858707386,8.397426247887752,0.1225358676747447,5.178582825821226,0.5204626334519573,1.6807533470566074,1149
0.01,0.015,0.0,portfolio,3.0893261464522768,3.6414793155946237,0.04947161880902076,8.09090599572662,0.5539823008849557,2.0195424228508094,1149
0.01,0.015,0.0,bitcoin,2.0378165557372294,2.0284559065362067,0.06776873575480702,4.059296648123724,0.5075690115761353,1.6987725082627714,1149
0.01,0.015,0.0,ethereum,1.8275035044663415,2.305328912356905,0.08739558101620745,3.4303187091075875,0.5328532853285328,1.5349971808811023,1149
0.01,0.015,0.0,binancecoin,2.07129868286977,3.1899160989727946,0.10512738668360477,3.5118067210323307,0.5173951828724354,1.6523210054202009,1149
0.01,0.015,0.0,solana,2.3814156409021106,8.656211642725316,0.12099823674081674,5.325118080904041,0.5213523131672598,1.6908607157469486,1149
0.01,0.015,0.01,portfolio,2.94433146487407,3.3038621020444747,0.049773313789513135,7.579729732940023,0.5504424778761062,1.949492212536746,1149
0.01,0.015,0.01,bitcoin,1.9539679120902058,1.8806913352409125,0.06836912665612822,3.820157006822394,0.5057880676758683,1.6587118275169825,1149
0.01,0.015,0.01,ethereum,1.7376669085981136,2.1025205708611607,0.08814303894479032,3.197851559611456,0.5292529252925292,1.5024251594457387,1149
0.01,0.015,0.01,binancecoin,1.951505772613343,2.831794266279984,0.1127075110585602,3.0398853581165395,0.5165031222123104,1.6032558436029576,1149
0.01,0.015,0.01,solana,2.2878108221908144,7.749883989812222,0.12716114210531623,4.79050949387334,0.5213523131672598,1.654757323137677,1149
0.01,0.015,0.02,portfolio,2.9903348543257966,3.4093295614897308,0.049773313789513135,7.727045226938502,0.5504424778761062,1.9710624214618453,1149
0.01,0.015,0.02,bitcoin,1.9910273019678597,1.9398443517345472,0.06776873575480667,3.937150095623799,0.5057880676758683,1.674810708641101,1149
0.01,0.015,0.02,ethereum,1.7719487666871419,2.1776351331064125,0.08814303894479032,3.274354857229515,0.5310531053105311,1.514603385932772,1149
0.01,0.015,0.02,binancecoin,1.980410593317331,2.9231370622105985,0.11114342186249544,3.145242263767907,0.5156110615521855,1.6149431584726346,1149
0.01,0.015,0.02,solana,2.3152529906100585,8.005201360011156,0.12445664006367564,4.976428043751557,0.5222419928825622,1.6650028020615102,1149
0.01,0.015,0.03,portfolio,3.022411087358223,3.481983139111186,0.04977331378951313,7.826934265807188,0.5495575221238939,1.986313500129156,1149
0.01,0.015,0.03,bitcoin,2.009267661333504,1.9704700136872728,0.06776873575480663,3.979687109948449,0.5075690115761353,1.6832218542720585,1149
0.01,0.015,0.03,ethereum,1.7968835490830117,2.2366953473689843,0.08814303894479049,3.3335216213479373,0.5292529252925292,1.5240201692189375,1149
0.01,0.015,0.03,binancecoin,2.005669050832988,2.99786454705266,0.10986229828799267,3.2328608176323415,0.5182872435325602,1.6257656411292223,1149
0.01,0.015,0.03,solana,2.3321938946259952,8.164081366566172,0.12199717074133765,5.1277656473216515,0.5204626334519573,1.6712697829821777,1149
0.01,0.015,0.05,portfolio,3.0541751604191063,3.5553921806333406,0.04977331378951309,7.92658623407576,0.5530973451327433,2.001894518371508,1149
0.01,0.015,0.05,bitcoin,2.0155905229173054,1.9907414083420707,0.0677687357548071,4.007654787614779,0.5084594835262689,1.6879241365842668,1149
0.01,0.015,0.05,ethereum,1.8135615539563643,2.27209309885878,0.08814303894479063,3.368580379488069,0.531953195319532,1.5300539739220342,1149
0.01,0.015,0.05,binancecoin,2.037863317271756,3.0849111625540857,0.10836932753614036,3.336613997283772,0.5165031222123104,1.638561762653509,1149
0.01,0.015,0.05,solana,2.3564536659125728,8.401927078890846,0.12196207753873371,5.204353835235247,0.5213523131672598,1.6806071217590164,1149
0.01,0.015,0.08,portfolio,3.0687632477736626,3.5915403962843246,0.04977331378951314,7.975197027263595,0.5539823008849557,2.0090780404575095,1149
0.01,0.015,0.08,bitcoin,2.028921996541546,2.0081131465730007,0.0677687357548068,4.031504410038985,0.5075690115761353,1.6935431805141588,1149
0.01,0.015,0.08,ethereum,1.8159215285079677,2.2813088224731617,0.08814303894479049,3.37765924363058,0.5310531053105311,1.5310778785371222,1149
0.01,0.015,0.08,binancecoin,2.0558439899865197,3.1424117246662524,0.10641940853511743,3.4370351748057932,0.5173951828724354,1.645793572670794,1149
0.01,0.015,0.08,solana,2.3656114897856924,8.487195495006196,0.12099823674081629,5.272588980891794,0.5213523131672598,1.6845094564525103,1149
0.01,0.015,0.12,portfolio,3.0750685561438154,3.6115905675066413,0.0497957983524231,7.998417871691378,0.5530973451327433,2.0128494797433176,1149
0.01,0.015,0.12,bitcoin,2.031270178950334,2.0177702282047596,0.06776873575480721,4.044716129985313,0.5075690115761353,1.695540621528805,1149
0.01,0.015,0.12,ethereum,1.8188069621800937,2.2876789003508593,0.08814303894479042,3.3839230933404325,0.531953195319532,1.5320531405317135,1149
0.01,0.015,0.12,binancecoin,2.0610043230936035,3.159106698130329,0.10641940853511743,3.448361439665958,0.5173951828724354,1.6483026527740872,1149
0.01,0.015,0.12,solana,2.3714351190820406,8.564187988924957,0.12099823674081668,5.29660758080762,0.5213523131672598,1.6871933022341614,1149
0.015,0.015,0.0,portfolio,3.099686129591473,3.666559137676037,0.04947161880902074,8.124378656893422,0.5548672566371682,2.0238618457960817,1149
0.015,0.015,0.0,bitcoin,2.0456119709074168,2.0437924223560477,0.06748247268986401,4.0974613227474554,0.5075690115761353,1.7031715327679129,1149
0.015,0.015,0.0,ethereum,1.835263206254935,2.3235248010541807,0.08739558101620763,3.4482368606508826,0.531953195319532,1.5374514172762712,1149
0.015,0.015,0.0,binancecoin,2.078730864850788,3.213646814460227,0.10408419591551071,3.5633084828657307,0.5183199285075961,1.655378008912514,1149
0.015,0.015,0.0,solana,2.3871023882447164,8.707887688109912,0.1206423573583647,5.356790680923406,0.52,1.692730064827486,1149
0.015,0.015,0.01,portfolio,2.9709711993377317,3.3625198552169753,0.049773313789513114,7.662005432601233,0.5530973451327433,1.9615805879948849,1149
0.015,0.015,0.01,bitcoin,1.9688231296964913,1.9063598114063605,0.06868561526076751,3.8383139422184387,0.5057880676758683,1.6659851968679014,1149
0.015,0.015,0.01,ethereum,1.75687794914662,2.144019849964942,0.08814303894479052,3.240294578200888,0.5292529252925292,1.509021779709899,1149
0.015,0.015,0.01,binancecoin,1.9729260979910976,2.8910189544881875,0.10902350595007466,3.1841021830993217,0.5178571428571429,1.6116442364510004,1149
0.015,0.015,0.01,solana,2.303860722746304,7.895879894528038,0.12512903068192777,4.91506554573106,0.5191111111111111,1.660529262370678,1149
0.015,0.015,0.02,portfolio,3.0130879617613733,3.462323786438308,0.04977331378951309,7.800030750673042,0.5539823008849557,1.9814245196268936,1149
0.015,0.015,0.02,bitcoin,2.003901893370265,1.9622590251569179,0.0674824726898642,3.9851500484418505,0.5057880676758683,1.6816916841963128,1149
0.015,0.015,0.02,ethereum,1.787366168734266,2.214897697667971,0.08814303894479042,3.311783541234193,0.5310531053105311,1.5198391764401427,1149
0.015,0.015,0.02,binancecoin,2.0000831857674894,2.978795034184268,0.10880214603907427,3.2513068990666594,0.517426273458445,1.6226675823483496,1149
0.015,0.015,0.02,solana,2.3296159828912786,8.135628788696229,0.1214384791364977,5.142230312419483,0.5208888888888888,1.6702041480775065,1149
0.015,0.015,0.03,portfolio,3.042575096309124,3.5286479994159006,0.04977331378951312,7.890427459759635,0.552212389380531,1.9952012660623966,1149
0.015,0.015,0.03,bitcoin,2.0211522307733136,1.9928178940548085,0.06748247268986407,4.027524004762878,0.5075690115761353,1.689400143274234,1149
0.015,0.015,0.03,ethereum,1.8108147147424847,2.266605712568464,0.08814303894479047,3.363164998559843,0.5283528352835284,1.5288081537868854,1149
0.015,0.015,0.03,binancecoin,2.0232022542543784,3.04892134050763,0.10687181156048335,3.3586640091272773,0.5192135835567471,1.6323875852728862,1149
0.015,0.015,0.03,solana,2.343805693118574,8.274657025340048,0.12020206477887485,5.239965366490818,0.5191111111111111,1.6755607153093461,1149
0.015,0.015,0.05,portfolio,3.0697397924342167,3.5919530676357425,0.04977331378951314,7.975750245018769,0.5539823008849557,2.00877595186116,1149
0.015,0.015,0.05,bitcoin,2.029856140747467,2.016388768978321,0.06748247268986375,4.0599780215835475,0.5084594835262689,1.6958622515752808,1149
0.015,0.015,0.05,ethereum,1.8268356196531912,2.3023720116081337,0.08814303894479032,3.398335130285901,0.5310531053105311,1.5345512950485518,1149
0.015,0.015,0.05,binancecoin,2.050324269875605,3.121612883916688,0.1060205861294854,3.435750770418564,0.5183199285075961,1.6434559591711977,1149
0.015,0.015,0.05,solana,2.3621401410076768,8.451815843775186,0.12081772086003488,5.269362177933139,0.5191111111111111,1.682636658768673,1149
0.015,0.015,0.08,portfolio,3.080507819596698,3.6204369489078374,0.049773313789513114,8.013841630056518,0.5548672566371682,2.0141145976720165,1149
0.015,0.015,0.08,bitcoin,2.0387903420029407,2.0264466674938664,0.06748247268986364,4.073766192522919,0.5075690115761353,1.6988305665666645,1149
0.015,0.015,0.08,ethereum,1.823964548780486,2.29942468684189,0.08814303894479053,3.3954482062630276,0.5301530153015301,1.5336548289202592,1149
0.015,0.015,0.08,binancecoin,2.067008051582944,3.176551371878962,0.1047313517135649,3.515929193954278,0.5183199285075961,1.6502625637543167,1149
0.015,0.015,0.08,solana,2.371259739994429,8.537932796870653,0.1206423573583647,5.3040342175375566,0.52,1.686372666462074,1149
0.015,0.015,0.12,portfolio,3.0864771620057367,3.6397152381837383,0.049795798352423135,8.035888386726597,0.5539823008849557,2.0177013443960288,1149
0.015,0.015,0.12,bitcoin,2.0390684786024558,2.033052630284848,0.06748247268986389,4.082802722705434,0.5075690115761353,1.6999269667805643,1149
0.015,0.015,0.12,ethereum,1.8293335645385365,2.312564826298951,0.08814303894479063,3.4083035783119313,0.5310531053105311,1.5356512229178783,1149
0.015,0.015,0.12,binancecoin,2.0694180358173533,3.1856849258978546,0.1047313517135649,3.5221897636805215,0.5183199285075961,1.6516698305322066,1149
0.015,0.015,0.12,solana,2.3771188077658696,8.615371561827981,0.12064235735836358,5.328162586477572,0.52,1.6890585068666384,1149
0.02,0.015,0.0,portfolio,3.107420063598311,3.685470724956607,0.04941971048784129,8.158086067386286,0.5557522123893806,2.027444047128634,1149
0.02,0.015,0.0,bitcoin,2.0514789382874787,2.0536253091433703,0.06735381953281569,4.1186989011772,0.5080071174377224,1.7053190863377705,1149
0.02,0.015,0.0,ethereum,1.8448585352904465,2.3456525414902507,0.08739558101620747,3.4699239453438717,0.5328532853285328,1.5412347742190762,1149
0.02,0.015,0.0,binancecoin,2.0842363051784654,3.231449939575497,0.10408419591551066,3.5754933142913896,0.5173951828724354,1.6571259986983558,1149
0.02,0.015,0.0,solana,2.3889629481863954,8.728038386995982,0.12080507516062508,5.355774161247752,0.52,1.6934068659318904,1149
0.02,0.015,0.01,portfolio,2.991918783871917,3.411059312754409,0.04972140546833376,7.737507689344475,0.5539823008849557,1.97157493517502,1149
0.02,0.015,0.01,bitcoin,1.9850912098209195,1.934346702295314,0.0673536616737337,3.953693460228299,0.5062277580071174,1.673611430556389,1149
0.02,0.015,0.01,ethereum,1.7808869825217826,2.1973159839459178,0.0881430389447905,3.2941658847971476,0.5301530153015301,1.5180880487892556,1149
0.02,0.015,0.01,binancecoin,1.988575037253448,2.936252901568648,0.10839508780194138,3.2341064534472586,0.5173951828724354,1.617334005831884,1149
0.02,0.015,0.01,solana,2.310009328792138,7.95184799401877,0.12452705874397695,4.956677083055095,0.52,1.6628163053527596,1149
0.02,0.015,0.02,portfolio,3.0273519818877155,3.4967974633394823,0.04972140546833376,7.855338924356815,0.5539823008849557,1.9878069861119227,1149
0.02,0.015,0.02,bitcoin,2.0167951583177173,1.9843269125572611,0.06735381953281556,4.023454726386994,0.5062277580071174,1.6870958317902063,1149
0.02,0.015,0.02,ethereum,1.804140430382085,2.2521693025009553,0.08814303894479039,3.3488840263130952,0.5310531053105311,1.5261191279266175,1149
0.02,0.015,0.02,binancecoin,2.0082755625144633,3.005253272177849,0.10751719192640682,3.308479553900644,0.5165031222123104,1.6252425317502515,1149
0.02,0.015,0.02,solana,2.3344139854587787,8.182900889467396,0.1214339976252655,5.157571094818291,0.52,1.6718464617367375,1149
0.02,0.015,0.03,portfolio,3.0543719490679835,3.557882021666787,0.049721405468333674,7.93822284881506,0.5513274336283186,2.000826984447577,1149
0.02,0.015,0.03,bitcoin,2.030903872371061,2.010921280775867,0.06735381953281572,4.0602083434784,0.5080071174377224,1.693346309123529,1149
0.02,0.015,0.03,ethereum,1.8204848079420306,2.2897789328423266,0.08814303894479053,3.3859860287554344,0.5292529252925292,1.5326569801777097,1149
0.02,0.015,0.03,binancecoin,2.0372818202380887,3.0888973321080773,0.10751733258763128,3.3657634707889046,0.5182872435325602,1.6378016474122679,1149
0.02,0.015,0.03,solana,2.3461526197203675,8.300529168401878,0.12031802169991841,5.243194007246412,0.5182222222222223,1.6763178998296198,1149
0.02,0.015,0.05,portfolio,3.079692331691925,3.615545668356443,0.04972140546833386,8.01567310354408,0.5557522123893806,2.013338921661403,1149
0.02,0.015,0.05,bitcoin,2.036855849859791,2.0293766804936277,0.06735381953281563,4.085565157447567,0.5088967971530249,1.6983138285459392,1149
0.02,0.015,0.05,ethereum,1.8349933191221626,2.3212123528503295,0.08814303894479047,3.4167419952313733,0.5310531053105311,1.5377663678379445,1149
0.02,0.015,0.05,binancecoin,2.0588429641443042,3.146699972705046,0.10602027024282973,3.4528983142279843,0.5173951828724354,1.6463047371315191,1149
0.02,0.015,0.05,solana,2.3663456611510645,8.493557334836378,0.12080507516062426,5.283013179882075,0.52,1.6841301053306552,1149
0.02,0.015,0.08,portfolio,3.090588445564723,3.645558307537967,0.049721405468333764,8.05568571876759,0.5557522123893806,2.019176704831234,1149
0.02,0.015,0.08,bitcoin,2.0478000115336967,2.042521018938113,0.06735381953281526,4.10355139853121,0.5080071174377224,1.7025688196437736,1149
0.02,0.015,0.08,ethereum,1.835299435283635,2.32649795628284,0.08814303894479054,3.421891342533493,0.5310531053105311,1.5382022768111112,1149
0.02,0.015,0.08,binancecoin,2.073601907490579,3.1973711627700405,0.10473103537136058,3.530195192218292,0.5173951828724354,1.6525543711108928,1149
0.02,0.015,0.08,solana,2.374643890546726,8.568853150679708,0.12080507516062432,5.306529412577246,0.52,1.6876055711343592,1149
0.02,0.015,0.12,portfolio,3.0947572459794657,3.660417536734638,0.04974389003124373,8.071771135993238,0.5548672566371682,2.02146169118355,1149
0.02,0.015,0.12,bitcoin,2.046663668942601,2.0469413264094123,0.06735381953281509,4.109586358225948,0.5080071174377224,1.7029077024212795,1149
0.02,0.015,0.12,ethereum,1.838922905415477,2.3346195961718044,0.08814303894479049,3.4297911829788297,0.531953195319532,1.5394285729642747,1149
0.02,0.015,0.12,binancecoin,2.075886400601146,3.206484018449947,0.10473103537136058,3.5364174301919844,0.5173951828724354,1.6537427966210902,1149
0.02,0.015,0.12,solana,2.3782416547288907,8.63064177296512,0.12080507516062548,5.325719432579636,0.52,1.6894020253751527,1149
0.03,0.015,0.0,portfolio,3.113605772824702,3.700591610547381,0.04941971048784135,8.178157034751312,0.5566371681415929,2.0306187499991397,1149
0.03,0.015,0.0,bitcoin,2.0584440330374414,2.0666144343626383,0.06708651833706235,4.1528440861293765,0.5080071174377224,1.708835919798072,1149
0.03,0.015,0.0,ethereum,1.8479416865804978,2.3524413073310337,0.08739558101620752,3.4765550680719084,0.5323741007194245,1.542440341255306,1149
0.03,0.015,0.0,binancecoin,2.0879954635426485,3.242578766971505,0.1044115920338277,3.5718545587433277,0.5173951828724354,1.6586835528978225,1149
0.03,0.015,0.0,solana,2.3926751993270803,8.766711435249293,0.12038007883833589,5.386593002756549,0.5204262877442274,1.6946538604093018,1149
0.03,0.015,0.01,portfolio,3.0101914380196235,3.453236269096476,0.049721405468333715,7.7956934308028,0.5513274336283186,1.979734721177325,1149
0.03,0.015,0.01,bitcoin,1.9958035089180062,1.9522067742206843,0.06768796869205951,3.9590805759248413,0.5062277580071174,1.6776996288995365,1149
0.03,0.015,0.01,ethereum,1.787253307282896,2.211261460838744,0.08814303894479052,3.308146051255245,0.5296762589928058,1.5204809571588225,1149
0.03,0.015,0.01,binancecoin,1.9958456294411258,2.9634497623403364,0.10872090858330621,3.243187986915588,0.5173951828724354,1.6196712655730177,1149
0.03,0.015,0.01,solana,2.329386500904625,8.137458877706063,0.1216910159282596,5.132145455594555,0.5195381882770871,1.6700669366039853,1149
0.03,0.015,0.02,portfolio,3.045139110063998,3.5361767246053333,0.04972140546833369,7.908871418388641,0.5548672566371682,1.996402370739006,1149
0.03,0.015,0.02,bitcoin,2.024308581705999,1.9980108505751502,0.06708651833706251,4.0585044527656455,0.5062277580071174,1.6909128212500295,1149
0.03,0.015,0.02,ethereum,1.8105057064711043,2.266279390856834,0.08814303894479034,3.3628427351757515,0.5314748201438849,1.5286519529944382,1149
0.03,0.015,0.02,binancecoin,2.0209912721591627,3.0442733555440187,0.10718965401383627,3.3455114068307408,0.5165031222123104,1.6301048204452537,1149
0.03,0.015,0.02,solana,2.350393193125911,8.332331294277385,0.12037700939341972,5.250771319228886,0.5213143872113677,1.6778415655337062,1149
0.03,0.015,0.03,portfolio,3.0688390521022995,3.5916016109113,0.04972140546833384,7.983605151503395,0.5539823008849557,2.008166423795426,1149
0.03,0.015,0.03,bitcoin,2.0381158810162905,2.0239262155689315,0.067086518337062,4.094337903521505,0.5080071174377224,1.6971734274576027,1149
0.03,0.015,0.03,ethereum,1.8257919937817964,2.3026583179689126,0.08814303894479057,3.3986154620504956,0.5305755395683454,1.5344885287667227,1149
0.03,0.015,0.03,binancecoin,2.0448864364946053,3.1168518756993944,0.10784347412865807,3.374469609887706,0.5182872435325602,1.64090600714565,1149
0.03,0.015,0.03,solana,2.3597804136414795,8.43390421944137,0.11989278993958823,5.304335667199441,0.5195381882770871,1.6817592757247009,1149
0.03,0.015,0.05,portfolio,3.089877590690503,3.640758381324492,0.04972140546833376,8.049300077588558,0.5557522123893806,2.0180153846925526,1149
0.03,0.015,0.05,bitcoin,2.0481664986008443,2.046440845710115,0.06708651833706272,4.125275022075088,0.5088967971530249,1.702897725400117,1149
0.03,0.015,0.05,ethereum,1.8387853432020065,2.32934373304479,0.08814303894479032,3.4246611139622565,0.5296762589928058,1.5393064346910714,1149
0.03,0.015,0.05,binancecoin,2.0663779718903323,3.175351908397941,0.10570128692067389,3.482850944734481,0.5173951828724354,1.6492354169644237,1149
0.03,0.015,0.05,solana,2.3721826239095103,8.557635186117848,0.12038007883833494,5.3217571411377245,0.5195381882770871,1.6861747489885897,1149
0.03,0.015,0.08,portfolio,3.0976340665079976,3.664227323363143,0.049721405468333826,8.080473404335768,0.5566371681415929,2.022977294261209,1149
0.03,0.015,0.08,bitcoin,2.0522981757779553,2.0572687845121798,0.06708651833706263,4.140090054391064,0.5080071174377224,1.7062287455313987,1149
0.03,0.015,0.08,ethereum,1.8398648473473302,2.336605905179343,0.08814303894479061,3.431720960161842,0.5314748201438849,1.5398637694215365,1149
0.03,0.015,0.08,binancecoin,2.075233650412587,3.20479085633942,0.10505819511397307,3.5242530462082398,0.5173951828724354,1.653213094873732,1149
0.03,0.015,0.08,solana,2.3791788526981374,8.627711582719314,0.12038007883833524,5.343610563986617,0.5204262877442274,1.6893971111104698,1149
0.03,0.015,0.12,portfolio,3.104819533484108,3.681747949669975,0.04974389003124367,8.100003056536437,0.5566371681415929,2.026477051297222,1149
0.03,0.015,0.12,bitcoin,2.0547566678557803,2.0616792359015337,0.0670865183370624,4.1461127954229315,0.5080071174377224,1.7070203986255008,1149
0.03,0.015,0.12,ethereum,1.842662841094504,2.3428680658400167,0.0881430389447904,3.4377990301422727,0.5323741007194245,1.5409091470759129,1149
0.03,0.015,0.12,binancecoin,2.080787055795944,3.2213977129973417,0.10505819511397307,3.535533471517324,0.5173951828724354,1.6556925895132846,1149
0.03,0.015,0.12,solana,2.3860014921968182,8.701976034622078,0.12038007883833461,5.366634924581197,0.5204262877442274,1.6921790766457594,1149
0.05,0.015,0.0,portfolio,3.116774683164293,3.7083134986511928,0.04941971048784135,8.18838737930889,0.5566371681415929,2.031937690599932,1149
0.05,0.015,0.0,bitcoin,2.061250810909864,2.07197523373844,0.06708651833706274,4.160146293272219,0.5080071174377224,1.7099155057781068,1149
0.05,0.015,0.0,ethereum,1.8494702826679386,2.3560576200999606,0.08739558101620737,3.4800831273311026,0.5323741007194245,1.5429060192208022,1149
0.05,0.015,0.0,binancecoin,2.0899107699224757,3.249660919872298,0.1044115920338277,3.5766655757999573,0.5169340463458111,1.6594160845377481,1149
0.05,0.015,0.0,solana,2.3946097062205576,8.786565142921116,0.11953488265830843,5.430823408072009,0.5195381882770871,1.6954900703452112,1149
0.05,0.015,0.01,portfolio,3.0228512746712237,3.4830359075569444,0.04972140546833387,7.836545052816024,0.552212389380531,1.9855580871148164,1149
0.05,0.015,0.01,bitcoin,2.0034052925981882,1.9657871359775934,0.06768796869205884,3.977946076728806,0.5062277580071174,1.6810789992042836,1149
0.05,0.015,0.01,ethereum,1.7940384756884031,2.225853666946521,0.08814303894479061,3.322723903331232,0.5296762589928058,1.5228705976564574,1149
0.05,0.015,0.01,binancecoin,2.0055931806836735,2.9946846289881632,0.10742611857062737,3.3039733991652116,0.5169340463458111,1.624191305237743,1149
0.05,0.015,0.01,solana,2.3387081480862557,8.225839898345425,0.12113417799336368,5.184080093070841,0.5186500888099467,1.6737922495140627,1149
0.05,0.015,0.02,portfolio,3.052722296706748,3.554398971426532,0.04972140546833365,7.933520183885759,0.5539823008849557,1.9995562496554804,1149
0.05,0.015,0.02,bitcoin,2.0296155993518314,2.008498265961126,0.06708651833706271,4.0730345308542875,0.5062277580071174,1.6931990303128162,1149
0.05,0.015,0.02,ethereum,1.8151077135706315,2.2766880070474733,0.08814303894479053,3.373109542059618,0.5314748201438849,1.5302175469069434,1149
0.05,0.015,0.02,binancecoin,2.025862326679218,3.0603179601615382,0.10653509324575583,3.377145446454184,0.516042780748663,1.6323553879303314,1149
0.05,0.015,0.02,solana,2.355397937963553,8.382119561001737,0.11973564519772922,5.294812969524807,0.5195381882770871,1.6800447452950888,1149
0.05,0.015,0.03,portfolio,3.0760718783802266,3.6097506113858024,0.049721405468333715,8.007923796183197,0.5539823008849557,2.011567055934002,1149
0.05,0.015,0.03,bitcoin,2.0425463736471983,2.032025690165904,0.06708651833706247,4.105487952276755,0.5080071174377224,1.6988172410652838,1149
0.05,0.015,0.03,ethereum,1.8263249548554916,2.303768263818936,0.08814303894479052,3.3997020664138935,0.5296762589928058,1.5346351189060177,1149
0.05,0.015,0.03,binancecoin,2.0544590327304855,3.1476840210796633,0.10590087094981211,3.4574626490339337,0.517825311942959,1.644980153441777,1149
0.05,0.015,0.03,solana,2.3644040082387154,8.483379122186822,0.11907279644057062,5.356634388946239,0.5186500888099467,1.6836537661177582,1149
0.05,0.015,0.05,portfolio,3.095419460311389,3.655765040843418,0.04972140546833367,8.069247269674072,0.5566371681415929,2.0204603206187466,1149
0.05,0.015,0.05,bitcoin,2.052029119682936,2.053530813432695,0.06708651833706245,4.134980313612055,0.5088967971530249,1.7045773043946222,1149
0.05,0.015,0.05,ethereum,1.8408577760260019,2.334391946287519,0.08814303894479049,3.4295699548650376,0.5305755395683454,1.5399460723680578,1149
0.05,0.015,0.05,binancecoin,2.072032099381483,3.197364129166494,0.10505851134057727,3.5191864935647477,0.5169340463458111,1.6515555859174347,1149
0.05,0.015,0.05,solana,2.375754544045647,8.593500058906374,0.11953488265830887,5.37066500165257,0.5195381882770871,1.6876527304968083,1149
0.05,0.015,0.08,portfolio,3.101925191231738,3.6753247592871885,0.04972140546833372,8.095171282075606,0.5566371681415929,2.024987978119775,1149
0.05,0.015,0.08,bitcoin,2.055104892032787,2.0626132466030525,0.06708651833706211,4.147387374985143,0.5080071174377224,1.7073071892292258,1149
0.05,0.015,0.08,ethereum,1.8413926250097958,2.340205136137806,0.08814303894479047,3.4352154705997595,0.5314748201438849,1.5403289562047027,1149
0.05,0.015,0.08,binancecoin,2.077942567533404,3.2148227316148583,0.10505851134057778,3.531060850614249,0.5169340463458111,1.6547878335378612,1149
0.05,0.015,0.08,solana,2.382667773470904,8.668291642951997,0.11953488265830832,5.394080980783943,0.5195381882770871,1.6907685773063066,1149
0.05,0.015,0.12,portfolio,3.1083015296295833,3.6911386526183145,0.04974389003124366,8.112400317472728,0.5566371681415929,2.02820385113456,1149
0.05,0.015,0.12,bitcoin,2.0575629148956978,2.06703140797535,0.06708651833706278,4.153412423555354,0.5080071174377224,1.708098696855137,1149
0.05,0.015,0.12,ethereum,1.8443078423999493,2.3464956564859265,0.08814303894479063,3.441315914440554,0.5323741007194245,1.5414777619051592,1149
0.05,0.015,0.12,binancecoin,2.083765311730102,3.234484470045496,0.10505851134057778,3.5443877723617474,0.5169340463458111,1.657072712165903,1149
0.05,0.015,0.12,solana,2.3881210447731993,8.721863747002578,0.11953488265830832,5.41076672545475,0.5195381882770871,1.6931275589562067,1149
0.07,0.015,0.0,portfolio,3.116774683164293,3.7083134986511928,0.04941971048784135,8.18838737930889,0.5566371681415929,2.031937690599932,1149
0.07,0.015,0.0,bitcoin,2.061250810909864,2.07197523373844,0.06708651833706274,4.160146293272219,0.5080071174377224,1.7099155057781068,1149
0.07,0.015,0.0,ethereum,1.8494702826679386,2.3560576200999606,0.08739558101620737,3.4800831273311026,0.5323741007194245,1.5429060192208022,1149
0.07,0.015,0.0,binancecoin,2.0899107699224757,3.249660919872298,0.1044115920338277,3.5766655757999573,0.5169340463458111,1.6594160845377481,1149
0.07,0.015,0.0,solana,2.3946097062205576,8.786565142921116,0.11953488265830843,5.430823408072009,0.5195381882770871,1.6954900703452112,1149
0.07,0.015,0.01,portfolio,3.0277695936000466,3.495015171410137,0.0497214054683337,7.852907418404418,0.552212389380531,1.9876484569565305,1149
0.07,0.015,0.01,bitcoin,2.0034052925981882,1.9657871359775934,0.06768796869205884,3.977946076728806,0.5062277580071174,1.6810789992042836,1149
0.07,0.015,0.01,ethereum,1.796581673704391,2.231563191358842,0.08814303894479049,3.3284138011193796,0.5296762589928058,1.523828045827572,1149
0.07,0.015,0.01,binancecoin,2.0137893759141074,3.0205400846494896,0.10547554484576754,3.3832637785024717,0.5169340463458111,1.6272056073752785,1149
0.07,0.015,0.01,solana,2.341029545749788,8.248209236847238,0.12113417799336347,5.191220066818208,0.5186500888099467,1.674627761621176,1149
0.07,0.015,0.02,portfolio,3.0569919710873945,3.565354048034826,0.04972140546833368,7.94830180089104,0.5539823008849557,2.0016479089698316,1149
0.07,0.015,0.02,bitcoin,2.0296155993518314,2.008498265961126,0.06708651833706271,4.0730345308542875,0.5062277580071174,1.6931990303128162,1149
0.07,0.015,0.02,ethereum,1.8169331083758908,2.2810221127516543,0.08814303894479052,3.3773770919366433,0.5314748201438849,1.5308880541093248,1149
0.07,0.015,0.02,binancecoin,2.0351671160567064,3.0909381114102716,0.10460582850034933,3.4608679356355463,0.516042780748663,1.635945942242686,1149
0.07,0.015,0.02,solana,2.3562340489326705,8.38913402407874,0.11973564519772878,5.297049990127148,0.5195381882770871,1.680147226099704,1149
0.07,0.015,0.03,portfolio,3.078447529444033,3.615610559959606,0.04972140546833387,8.015759835341466,0.5539823008849557,2.0125924181949544,1149
0.07,0.015,0.03,bitcoin,2.0425463736471983,2.032025690165904,0.06708651833706247,4.105487952276755,0.5080071174377224,1.6988172410652838,1149
0.07,0.015,0.03,ethereum,1.8275001789847416,2.3066733928332273,0.0881430389447906,3.402544753788242,0.5296762589928058,1.535015531122191,1149
0.07,0.015,0.03,binancecoin,2.0587729049845604,3.1625315423041247,0.1046058285003488,3.5105059443130604,0.517825311942959,1.646556573849583,1149
0.07,0.015,0.03,solana,2.365466677554408,8.489431256399623,0.11907279644057124,5.35855913709181,0.5186500888099467,1.6839309757551442,1149
0.07,0.015,0.05,portfolio,3.098004833294642,3.6616225024868045,0.04972140546833369,8.077019522314204,0.5566371681415929,2.0217196354735694,1149
0.07,0.015,0.05,bitcoin,2.052029119682936,2.053530813432695,0.06708651833706245,4.134980313612055,0.5088967971530249,1.7045773043946222,1149
0.07,0.015,0.05,ethereum,1.8415516637010418,2.3358772036208966,0.08814303894479046,3.431013102173221,0.5305755395683454,1.5402397828425416,1149
0.07,0.015,0.05,binancecoin,2.0730179059372786,3.200398244722674,0.1044115920338268,3.5430700724216693,0.5169340463458111,1.651872276737079,1149
0.07,0.015,0.05,solana,2.379652475176744,8.630564830686591,0.11953488265830751,5.382287098598558,0.5195381882770871,1.6892136717086879,1149
0.07,0.015,0.08,portfolio,3.103112601610447,3.6786939552996536,0.04972140546833369,8.09962818702219,0.5566371681415929,2.025650259578986,1149
0.07,0.015,0.08,bitcoin,2.055104892032787,2.0626132466030525,0.06708651833706211,4.147387374985143,0.5080071174377224,1.7073071892292258,1149
0.07,0.015,0.08,ethereum,1.8413926250097958,2.340205136137806,0.08814303894479047,3.4352154705997595,0.5314748201438849,1.5403289562047027,1149
0.07,0.015,0.08,binancecoin,2.08008924039725,3.2223558015129115,0.10441159203382717,3.558082184065202,0.5169340463458111,1.6555794634002046,1149
0.07,0.015,0.08,solana,2.384415519216329,8.679442255287093,0.11953488265830754,5.397559924813218,0.5195381882770871,1.6914275258992584,1149
0.07,0.015,0.12,portfolio,3.1102103559286713,3.6957497336054184,0.04974389003124374,8.118480606240158,0.5566371681415929,2.0290338405090877,1149
0.07,0.015,0.12,bitcoin,2.0575629148956978,2.06703140797535,0.06708651833706278,4.153412423555354,0.5080071174377224,1.708098696855137,1149
0.07,0.015,0.12,ethereum,1.8448837436413597,2.347964690990297,0.08814303894479059,3.4427392705163697,0.5323741007194245,1.5416684273676573,1149
0.07,0.015,0.12,binancecoin,2.084750845018825,3.237545418490191,0.10441159203382717,3.56843151374686,0.5169340463458111,1.6573902022963187,1149
0.07,0.015,0.12,solana,2.3908479522524675,8.748737984365903,0.11953488265830793,5.4191100422903835,0.5195381882770871,1.694157757173784,1149
0.1,0.015,0.0,portfolio,3.116774683164293,3.7083134986511928,0.04941971048784135,8.18838737930889,0.5566371681415929,2.031937690599932,1149
0.1,0.015,0.0,bitcoin,2.061250810909864,2.07197523373844,0.06708651833706274,4.160146293272219,0.5080071174377224,1.7099155057781068,1149
0.1,0.015,0.0,ethereum,1.8494702826679386,2.3560576200999606,0.08739558101620737,3.4800831273311026,0.5323741007194245,1.5429060192208022,1149
0.1,0.015,0.0,binancecoin,2.0899107699224757,3.249660919872298,0.1044115920338277,3.5766655757999573,0.5169340463458111,1.6594160845377481,1149
0.1,0.015,0.0,solana,2.3946097062205576,8.786565142921116,0.11953488265830843,5.430823408072009,0.5195381882770871,1.6954900703452112,1149
0.1,0.015,0.01,portfolio,3.031183860223219,3.5032874377714442,0.04972140546833375,7.8641865708232475,0.552212389380531,1.989367546196618,1149
0.1,0.015,0.01,bitcoin,2.0034052925981882,1.9657871359775934,0.06768796869205884,3.977946076728806,0.5062277580071174,1.6810789992042836,1149
0.1,0.015,0.01,ethereum,1.8020351144901605,2.2436459767723287,0.08814303894479049,3.3404292215106897,0.5296762589928058,1.5257638228520496,1149
0.1,0.015,0.01,binancecoin,2.015956527349065,3.026398897891565,0.10417202551431624,3.429759486282149,0.5169340463458111,1.6280306736214238,1149
0.1,0.015,0.01,solana,2.3428579282520547,8.268181003420773,0.12113417799336305,5.197583386610765,0.5186500888099467,1.6753688884101028,1149
0.1,0.015,0.02,portfolio,3.059362420227268,3.5712294295118268,0.04972140546833369,7.9562180119449035,0.5539823008849557,2.00281179423915,1149
0.1,0.015,0.02,bitcoin,2.0296155993518314,2.008498265961126,0.06708651833706271,4.0730345308542875,0.5062277580071174,1.6931990303128162,1149
0.1,0.015,0.02,ethereum,1.8201456078228526,2.2883666299849406,0.08814303894479052,3.384598787482242,0.5314748201438849,1.5320189562084652,1149
0.1,0.015,0.02,binancecoin,2.036333422862875,3.0939369714569454,0.10394946027041913,3.484826873271519,0.516042780748663,1.636460629763125,1149
0.1,0.015,0.02,solana,2.3580287832745546,8.409406872327736,0.11973564519772956,5.303507988332467,0.5195381882770871,1.6808918613620722,1149
0.1,0.015,0.03,portfolio,3.0809284609483605,3.6215597953861227,0.04972140546833387,8.023707329611247,0.5539823008849557,2.0138548388872364,1149
0.1,0.015,0.03,bitcoin,2.0425463736471983,2.032025690165904,0.06708651833706247,4.105487952276755,0.5080071174377224,1.6988172410652838,1149
0.1,0.015,0.03,ethereum,1.8309007789504492,2.314110306287321,0.0881430389447906,3.409812947453828,0.5296762589928058,1.5361493797234893,1149
0.1,0.015,0.03,binancecoin,2.059940904663534,3.1655828838779456,0.10394946027041871,3.534786339858544,0.517825311942959,1.6470770643969825,1149
0.1,0.015,0.03,solana,2.3675389830862343,8.510157594732188,0.11907279644057134,5.365143440841302,0.5186500888099467,1.6847859907177063,1149
0.1,0.015,0.05,portfolio,3.0992036816957085,3.6652519647488946,0.04972140546833369,8.081831622695717,0.5566371681415929,2.0222315525538317,1149
0.1,0.015,0.05,bitcoin,2.052029119682936,2.053530813432695,0.06708651833706245,4.134980313612055,0.5088967971530249,1.7045773043946222,1149
0.1,0.015,0.05,ethereum,1.8435301364359866,2.340823438330989,0.08814303894479046,3.435815487231526,0.5305755395683454,1.5408828316312653,1149
0.1,0.015,0.05,binancecoin,2.0730179059372786,3.200398244722674,0.1044115920338268,3.5430700724216693,0.5169340463458111,1.651872276737079,1149
0.1,0.015,0.05,solana,2.380911644142037,8.646077282630623,0.11953488265830778,5.3871408473639795,0.5195381882770871,1.6896920510213733,1149
0.1,0.015,0.08,portfolio,3.1039128119796566,3.680841542439051,0.04972140546833369,8.102467792328362,0.5566371681415929,2.0260433354219574,1149
0.1,0.015,0.08,bitcoin,2.055104892032787,2.0626132466030525,0.06708651833706211,4.147387374985143,0.5080071174377224,1.7073071892292258,1149
0.1,0.015,0.08,ethereum,1.8424563075644864,2.3426942817714727,0.08814303894479047,3.4376304748230413,0.5314748201438849,1.5406501716248988,1149
0.1,0.015,0.08,binancecoin,2.08008924039725,3.2223558015129115,0.10441159203382717,3.558082184065202,0.5169340463458111,1.6555794634002046,1149
0.1,0.015,0.08,solana,2.385531028895372,8.69007795124597,0.11953488265830857,5.40087530297424,0.5195381882770871,1.6918572230307387,1149
0.1,0.015,0.12,portfolio,3.110904462361229,3.697896127792161,0.04974389003124374,8.121309306528465,0.5566371681415929,2.029335274965977,1149
0.1,0.015,0.12,bitcoin,2.0575629148956978,2.06703140797535,0.06708651833706278,4.153412423555354,0.5080071174377224,1.708098696855137,1149
0.1,0.015,0.12,ethereum,1.8459474493410195,2.3504596191017826,0.08814303894479059,3.4451555040700703,0.5323741007194245,1.5419898467318651,1149
0.1,0.015,0.12,binancecoin,2.084750845018825,3.237545418490191,0.10441159203382717,3.56843151374686,0.5169340463458111,1.6573902022963187,1149
0.1,0.015,0.12,solana,2.3917496717313136,8.759257613511346,0.11953488265830794,5.422371053818564,0.5195381882770871,1.6944773077274446,1149
0.0,0.02,0.0,portfolio,2.929318597427889,3.1630342047627362,0.049471618809020734,7.423561238831464,0.5460176991150443,1.9408354028980292,1149
0.0,0.02,0.0,bitcoin,2.0244428263214815,2.011245711383151,0.06969701606580318,3.9241369147583494,0.5062388591800356,1.6840400795748043,1149
0.0,0.02,0.0,ethereum,1.7221254725298996,2.05611002520921,0.10779746979897373,2.575552075498198,0.529783393501805,1.501167284391072,1149
0.0,0.02,0.0,binancecoin,1.746389698894338,2.066714245062586,0.09810887795379328,2.83979374482494,0.5067024128686327,1.5274551597232686,1149
0.0,0.02,0.0,solana,2.346914094764548,8.321236882444698,0.12391946835486027,5.097233110001513,0.5164737310774711,1.6785698587982016,1149
0.0,0.02,0.01,portfolio,2.712090834031349,2.724575326617774,0.04977331378951306,6.716186683733802,0.5336283185840708,1.8436014074325004,1149
0.0,0.02,0.01,bitcoin,1.8818551652088644,1.7637229407900352,0.07329779289965589,3.4075662146208305,0.5044563279857398,1.618992530809726,1149
0.0,0.02,0.01,ethereum,1.5829837733741077,1.7704079123819945,0.10846716494182339,2.30880432306141,0.5207581227436823,1.4520460877342427,1149
0.0,0.02,0.01,binancecoin,1.575516439087599,1.726875088817724,0.10399578777918181,2.3663787056183576,0.5013404825737265,1.4647653543823884,1149
0.0,0.02,0.01,solana,2.2106113759747728,7.082426777845704,0.13225128100826525,4.396214449519741,0.5164737310774711,1.6269780824156073,1149
0.0,0.02,0.02,portfolio,2.7972500091463757,2.8900602181933173,0.04977331378951313,6.972997177770537,0.5353982300884956,1.880927117466857,1149
0.0,0.02,0.02,bitcoin,1.9553438691092015,1.87999756767706,0.06969830207514836,3.746349175426473,0.5053475935828877,1.6504791126090748,1149
0.0,0.02,0.02,ethereum,1.6393369769212502,1.8811215246157396,0.1075307122297583,2.429279013886854,0.5243682310469314,1.4716463276683198,1149
0.0,0.02,0.02,binancecoin,1.6448702455891917,1.8623040082526354,0.10399578777918213,2.4944359700444885,0.5040214477211796,1.489942525208351,1149
0.0,0.02,0.02,solana,2.253457495026318,7.451765647056391,0.1281585636185877,4.658127290677037,0.5173642030276047,1.6428805932539523,1149
0.0,0.02,0.03,portfolio,2.844668386074726,2.9830793339417347,0.049773313789513086,7.113625957646782,0.5371681415929204,1.902155856388756,1149
0.0,0.02,0.03,bitcoin,1.9797132888808266,1.921723559488571,0.06969830207514875,3.803521421463553,0.5071301247771836,1.6618247269004491,1149
0.0,0.02,0.03,ethereum,1.6666159480109193,1.9372271327477284,0.1076632334654063,2.4759450478746468,0.526173285198556,1.4813078119292278,1149
0.0,0.02,0.03,binancecoin,1.6814450819250015,1.9361660853459388,0.10270436220236431,2.594513829936159,0.5049151027703307,1.5039374840809592,1149
0.0,0.02,0.03,solana,2.288660534142426,7.754161793631342,0.12571271184182894,4.847076805192479,0.5173642030276047,1.6559850985932765,1149
0.0,0.02,0.05,portfolio,2.8814504320412664,3.062426922417206,0.04977331378951311,7.231573489407745,0.5442477876106194,1.9183651135348694,1149
0.0,0.02,0.05,bitcoin,1.9911744654661272,1.9531186976183994,0.073297792899656,3.6572453753168874,0.5071301247771836,1.667822258492675,1149
0.0,0.02,0.05,ethereum,1.69972618694203,2.0078301060795316,0.10779746979897407,2.534230924653573,0.5288808664259927,1.4933493378642537,1149
0.0,0.02,0.05,binancecoin,1.716678385920736,2.005456851027433,0.10138571084644632,2.692325052016717,0.5058087578194816,1.5161747593278816,1149
0.0,0.02,0.05,solana,2.307473835657766,7.938071804710409,0.12633523502954006,4.881411288302168,0.5155832591273375,1.6631751526642597,1149
0.0,0.02,0.08,portfolio,2.907375388700731,3.1155096970378384,0.049773313789513156,7.309478949233343,0.5451327433628319,1.9307104351214102,1149
0.0,0.02,0.08,bitcoin,2.0144728174845015,1.9883190910170692,0.06969701606580324,3.8935346226798706,0.5071301247771836,1.678179459084947,1149
0.0,0.02,0.08,ethereum,1.7065426717106094,2.0244789293942063,0.10779746979897338,2.5485382014851057,0.5279783393501805,1.4957795801840206,1149
0.0,0.02,0.08,binancecoin,1.738296859959965,2.0482590864987276,0.10005841369394904,2.7675576265942805,0.5067024128686327,1.5243905363697128,1149
0.0,0.02,0.08,solana,2.3276299145058,8.122460907472577,0.12391946835486096,5.035131402449481,0.5164737310774711,1.6709244477407987,1149
0.0,0.02,0.12,portfolio,2.9104207342931394,3.1267938134235918,0.04979579835242313,7.3226306444020155,0.5460176991150443,1.9324366630903766,1149
0.0,0.02,0.12,bitcoin,2.0123157431310514,1.9903035240267029,0.06969701606580314,3.8961906616672324,0.5062388591800356,1.6780940639888415,1149
0.0,0.02,0.12,ethereum,1.7124713849812776,2.0371591983683626,0.10779746979897332,2.559393884048564,0.5288808664259927,1.497916440033751,1149
0.0,0.02,0.12,binancecoin,1.7370056701907957,2.046755273049671,0.10005841369394904,2.7661765573696044,0.5067024128686327,1.5238984999010265,1149
0.0,0.02,0.12,solana,2.3308450478292952,8.180240998986221,0.12390659250106127,5.053816234307035,0.5164737310774711,1.6726511059942741,1149
0.005,0.02,0.0,portfolio,2.9886171475240837,3.2860960063257334,0.04947161880902073,7.600708412709051,0.5486725663716814,1.968686768340154,1149
0.005,0.02,0.0,bitcoin,2.085641618706229,2.116742454832003,0.06789719436389667,4.1703460761040745,0.5106761565836299,1.7104375486757801,1149
0.005,0.02,0.0,ethereum,1.7620318957356271,2.1406858736411816,0.10012758549317412,2.8494673968623516,0.5336927223719676,1.5148690249897518,1149
0.005,0.02,0.0,binancecoin,1.7969151610492544,2.172988884386357,0.09810887795379301,2.937533472688697,0.5089126559714795,1.546629808722363,1149
0.005,0.02,0.0,solana,2.3677216592934323,8.515731777549558,0.12207849535353639,5.234773388436336,0.5195729537366548,1.6863452160960448,1149
0.005,0.02,0.01,portfolio,2.8192194527150307,2.930315257468696,0.049773313789513086,7.034174537158406,0.54070796460177,1.8902500611497572,1149
0.005,0.02,0.01,bitcoin,1.9815021307784275,1.9274261700263846,0.06909918271534414,3.8443309130603,0.5080071174377224,1.6605741686382665,1149
0.005,0.02,0.01,ethereum,1.6545383867225432,1.9122142627514105,0.10048311618996096,2.6292454922779287,0.5283018867924528,1.4763948626353331,1149
0.005,0.02,0.01,binancecoin,1.6737979702121901,1.9155464139893752,0.10399578777918214,2.543486521425323,0.5062388591800356,1.4998388297016367,1149
0.005,0.02,0.01,solana,2.2500748905417267,7.414914719907442,0.13023155076471485,4.572234201375722,0.5186832740213523,1.64120137528033,1149
0.005,0.02,0.02,portfolio,2.87981122772518,3.053551056912969,0.049773313789513114,7.2184696258486065,0.54070796460177,1.9172284130478876,1149
0.005,0.02,0.02,bitcoin,2.0308860133246767,2.0100546944348237,0.06729572111505204,4.062518986412873,0.5088967971530249,1.6824910091145333,1149
0.005,0.02,0.02,ethereum,1.6967550992318452,1.9984614047220166,0.0998585347230017,2.7269863955309592,0.5309973045822103,1.4913029575834977,1149
0.005,0.02,0.02,binancecoin,1.7158404703830865,2.0041019598501975,0.1039957877791814,2.623542858351972,0.5071301247771836,1.5155020935265846,1149
0.005,0.02,0.02,solana,2.285225218076095,7.726053098700895,0.1263608136107909,4.813236040810228,0.5186832740213523,1.6545346847160893,1149
0.005,0.02,0.03,portfolio,2.9199638099154694,3.136832702077739,0.049773313789513156,7.340552316820992,0.54070796460177,1.9362635383269722,1149
0.005,0.02,0.03,bitcoin,2.0552698418095305,2.054167880078362,0.06729572111505198,4.122994360968521,0.5106761565836299,1.6944833568900484,1149
0.005,0.02,0.03,ethereum,1.7192556710103006,2.048253667319313,0.0999921951871441,2.7693854257790185,0.5309973045822103,1.499696244887137,1149
0.005,0.02,0.03,binancecoin,1.7437408126345348,2.063180309767783,0.10270436220236426,2.709579972658134,0.5080213903743316,1.5267665720008752,1149
0.005,0.02,0.03,solana,2.3156240347601136,7.997553199267491,0.12447912055984507,4.973105320479097,0.5186832740213523,1.6659859359332467,1149
0.005,0.02,0.05,portfolio,2.9494346900769703,3.200975592232349,0.049773313789513086,7.433278085775873,0.5469026548672566,1.9495726602902512,1149
0.005,0.02,0.05,bitcoin,2.063875779964335,2.0787487999507195,0.06789719436389717,4.119577555661373,0.5115658362989324,1.7001461438727605,1149
0.005,0.02,0.05,ethereum,1.744832933914869,2.1016608436193733,0.10012758549317244,2.814313746933971,0.5327942497753818,1.5087098584580168,1149
0.005,0.02,0.05,binancecoin,1.7705323477979606,2.1164163359539003,0.10138571084644683,2.792556741636228,0.5080213903743316,1.536360159767995,1149
0.005,0.02,0.05,solana,2.332166185694097,8.16733813738904,0.12510252210778036,5.001494578967593,0.5186832740213523,1.672045709207355,1149
0.005,0.02,0.08,portfolio,2.9692732682977314,3.2436792003520623,0.049773313789513135,7.494399860741743,0.547787610619469,1.9595136887378766,1149
0.005,0.02,0.08,bitcoin,2.077690013096153,2.0967741330013725,0.06789719436389781,4.143724285521106,0.5106761565836299,1.7055464356292707,1149
0.005,0.02,0.08,ethereum,1.7482384899725227,2.1120200343819717,0.10012758549317195,2.8236787923316573,0.531895777178796,1.5100629616776327,1149
0.005,0.02,0.08,binancecoin,1.78964580963069,2.156129712023663,0.09942051928100915,2.8836483484019664,0.5089126559714795,1.5438612400787473,1149
0.005,0.02,0.08,solana,2.351099444554992,8.340444288091158,0.12207849535353621,5.180136112116659,0.5195729537366548,1.6797823491368058,1149
0.005,0.02,0.12,portfolio,2.971726717976544,3.253822989165114,0.04979579835242313,7.50545755883065,0.5486725663716814,1.9609719786091928,1149
0.005,0.02,0.12,bitcoin,2.077135083187624,2.1021713571906018,0.06789719436389684,4.150933056119413,0.5106761565836299,1.7062679002185581,1149
0.005,0.02,0.12,ethereum,1.7520222087991197,2.121149787273627,0.100127585493172,2.83191223150024,0.5327942497753818,1.5114593026590049,1149
0.005,0.02,0.12,binancecoin,1.7888523260663576,2.1557321541807766,0.09942051928100915,2.8832907903724942,0.5089126559714795,1.5435229689220191,1149
0.005,0.02,0.12,solana,2.352957851953438,8.384540801683615,0.1225358676747447,5.174569154328916,0.5195729537366548,1.6808223119338255,1149
0.01,0.02,0.0,portfolio,3.0085699752918726,3.330560933018578,0.04947161880902072,7.663739265072743,0.5504424778761062,1.9773956071871666,1149
0.01,0.02,0.0,bitcoin,2.103185855233565,2.1484925461961932,0.06776873575480702,4.220387246000582,0.5115658362989324,1.7177580799577454,1149
0.01,0.02,0.0,ethereum,1.7759596305395096,2.171189392727795,0.09898188363090411,2.91000571698644,0.5336927223719676,1.5197285961349074,1149
0.01,0.02,0.0,binancecoin,1.807846298385819,2.196821972552901,0.09810887795379272,2.959100838360312,0.5093499554764025,1.5508690997804309,1149
0.01,0.02,0.0,solana,2.3811326108917776,8.64939215605131,0.12099823674081595,5.323012581668113,0.5204626334519573,1.6912798090043364,1149
0.01,0.02,0.01,portfolio,2.8699749981668057,3.034065838409197,0.04977331378951311,7.189623914636725,0.5451327433628319,1.9121342921015585,1149
0.01,0.02,0.01,bitcoin,2.018784375583192,1.9932570071286024,0.06836912665612822,3.975891090530747,0.5097864768683275,1.6775684313596928,1149
0.01,0.02,0.01,ethereum,1.6881949036865656,1.9819896108187662,0.0993378669831776,2.725815093223124,0.5309973045822103,1.4880882733767173,1149
0.01,0.02,0.01,binancecoin,1.70247996568714,1.9717958930538453,0.10333897235921975,2.6110443438722695,0.5075690115761353,1.510034050443979,1149
0.01,0.02,0.01,solana,2.2879941107360877,7.749784207409284,0.12716114210531623,4.790477843363204,0.5213523131672598,1.655295409037471,1149
0.01,0.02,0.02,portfolio,2.9154367054323025,3.129865111982787,0.04977331378951311,7.3304124411215845,0.5451327433628319,1.9330258913177512,1149
0.01,0.02,0.02,bitcoin,2.0575419120063136,2.0579047642839066,0.06776873575480667,4.099272546573676,0.5097864768683275,1.6941041473680059,1149
0.01,0.02,0.02,ethereum,1.722184919003058,2.05308295718397,0.09871249030998491,2.809779579487902,0.531895777178796,1.5001016948826866,1149
0.01,0.02,0.02,binancecoin,1.7308442524338203,2.0342695640249584,0.10333897235922043,2.6672400643743157,0.5075690115761353,1.5208564684445938,1149
0.01,0.02,0.02,solana,2.314630419995392,7.997750098160854,0.12445664006367564,4.9740660445412255,0.5222419928825622,1.6651862388568224,1149
0.01,0.02,0.03,portfolio,2.94739424196526,3.196547752689143,0.04977331378951311,7.426912794275565,0.5451327433628319,1.9476439894583364,1149
0.01,0.02,0.03,bitcoin,2.0748678490851082,2.0882083099207356,0.06776873575480663,4.140096118651968,0.5115658362989324,1.7022136606059568,1149
0.01,0.02,0.03,ethereum,1.7462539222561326,2.107586605962811,0.09884632094829839,2.856222952980177,0.5309973045822103,1.509161905382471,1149
0.01,0.02,0.03,binancecoin,1.755300111701379,2.087565957840496,0.10204660010355777,2.7488486277892585,0.5084594835262689,1.53098792067903,1149
0.01,0.02,0.03,solana,2.3332089292317115,8.169128317884724,0.12199717074133765,5.129374751054095,0.5195729537366548,1.6721462341389857,1149
0.01,0.02,0.05,portfolio,2.976651764177379,3.2596988754008978,0.049773313789513066,7.517205032687084,0.5495575221238939,1.9618101488832187,1149
0.01,0.02,0.05,bitcoin,2.0809966425752755,2.10928318667028,0.0677687357548071,4.168303245845812,0.5124555160142349,1.7068962302735398,1149
0.01,0.02,0.05,ethereum,1.7619227084552023,2.1393023817771106,0.09898188363090357,2.881194838189177,0.5327942497753818,1.5147758041801604,1149
0.01,0.02,0.05,binancecoin,1.784026837864598,2.14450219059357,0.10072698211095252,2.8359100987049066,0.5084594835262689,1.541594786380165,1149
0.01,0.02,0.05,solana,2.356161155359875,8.395217001856524,0.12196207753873371,5.202255212415652,0.5204626334519573,1.6810130450155487,1149
0.01,0.02,0.08,portfolio,2.9912199961022687,3.2912430794050502,0.04977331378951308,7.561915484960772,0.5495575221238939,1.9689190528546605,1149
0.01,0.02,0.08,bitcoin,2.0944023520804995,2.1273434754849587,0.0677687357548068,4.192357060441024,0.5115658362989324,1.7125359020603679,1149
0.01,0.02,0.08,ethereum,1.7643384128886608,2.148144105474556,0.09898188363090304,2.8892064092031675,0.531895777178796,1.5158117464248981,1149
0.01,0.02,0.08,binancecoin,1.8018248404215809,2.1821671441043655,0.09876034996286426,2.926421807429413,0.5093499554764025,1.5486040394552467,1149
0.01,0.02,0.08,solana,2.3653210442132275,8.480441498128995,0.12099823674081615,5.27047475109016,0.5204626334519573,1.6849203005295998,1149
0.01,0.02,0.12,portfolio,2.9954235820982413,3.3055210208456467,0.04979579835242313,7.578645019486022,0.5504424778761062,1.971473561510658,1149
0.01,0.02,0.12,bitcoin,2.096641555822166,2.137383327632037,0.06776873575480721,4.205681894537759,0.5115658362989324,1.7145189965045045,1149
0.01,0.02,0.12,ethereum,1.7672380573378126,2.1542556677221523,0.09898188363090123,2.8947338932567024,0.5327942497753818,1.5167880680343886,1149
0.01,0.02,0.12,binancecoin,1.8010269531887892,2.1817663064896426,0.09876034996286426,2.9260612100954435,0.5093499554764025,1.548262548102407,1149
0.01,0.02,0.12,solana,2.371149219539196,8.557415883038578,0.12099823674081617,5.294501019792167,0.5204626334519573,1.6876079078892383,1149
0.015,0.02,0.0,portfolio,3.0198202150490903,3.3556535343556932,0.049471618809020734,7.699086342758,0.5513274336283186,1.9821769923989978,1149
0.015,0.02,0.0,bitcoin,2.1108193703501046,2.1644252128794204,0.06748247268986401,4.259399084755676,0.5115658362989324,1.7219697318775509,1149
0.015,0.02,0.0,ethereum,1.7835992405636112,2.188036221840464,0.09849330617357976,2.9396463079194914,0.5327942497753818,1.5221077873247044,1149
0.015,0.02,0.0,binancecoin,1.8174964114012504,2.218428282685663,0.09810887795379306,2.9785449055647053,0.5102586975914363,1.5545854872397202,1149
0.015,0.02,0.0,solana,2.3875131164261694,8.707579469107232,0.12064235735836451,5.356695660255256,0.52,1.6934470397202745,1149
0.015,0.02,0.01,portfolio,2.896767295900817,3.0886253812084075,0.049773313789513135,7.270121612866182,0.547787610619469,1.9239670715282446,1149
0.015,0.02,0.01,bitcoin,2.0335857529037695,2.020168261135267,0.06868561526076751,3.9939553688441127,0.5097864768683275,1.6845392952377203,1149
0.015,0.02,0.01,ethereum,1.7069381092409561,2.020414263190051,0.09884845003951696,2.7754612851776237,0.5309973045822103,1.4944846428874663,1149
0.015,0.02,0.01,binancecoin,1.72442607496404,2.015716658126599,0.10267211575248841,2.6678625491145103,0.5089126559714795,1.5180715997580068,1149
0.015,0.02,0.01,solana,2.304888136302613,7.901911084959201,0.12512903068192777,4.916984209451797,0.5191111111111111,1.6613959647112764,1149
0.015,0.02,0.02,portfolio,2.939993944431531,3.182237800503324,0.04977331378951306,7.4063054397741235,0.547787610619469,1.9438741185267085,1149
0.015,0.02,0.02,bitcoin,2.0702624386661035,2.081208159869724,0.0674824726898642,4.148216252146468,0.5097864768683275,1.7008172869747433,1149
0.015,0.02,0.02,ethereum,1.7371503676417772,2.087390125646841,0.09822273353862981,2.855700026033353,0.531895777178796,1.505149438648422,1149
0.015,0.02,0.02,binancecoin,1.7554486064375359,2.084800694180969,0.10267211575248818,2.72965098634251,0.5093666369313113,1.5300073241989132,1149
0.015,0.02,0.02,solana,2.3298022834752374,8.134329918164434,0.1214384791364977,5.141813168445027,0.5208888888888888,1.6707169200761969,1149
0.015,0.02,0.03,portfolio,2.9679567244094534,3.2408317858888056,0.04977331378951313,7.490339327323212,0.547787610619469,1.9566822866788196,1149
0.015,0.02,0.03,bitcoin,2.086574318698125,2.111430441821346,0.06748247268986407,4.188863045132883,0.5115658362989324,1.7082062059848877,1149
0.015,0.02,0.03,ethereum,1.759675485559953,2.134786092874044,0.09835663690008617,2.8953852968592826,0.5300988319856245,1.5137397072483627,1149
0.015,0.02,0.03,binancecoin,1.7738927442769774,2.128098871270426,0.1013787823454539,2.803138407587516,0.5093666369313113,1.5375507106216597,1149
0.015,0.02,0.03,solana,2.3455159222576833,8.286028300653351,0.12020206477887485,5.243609724508613,0.5191111111111111,1.6767348563062348,1149
0.015,0.02,0.05,portfolio,2.9926200937930014,3.294392040568817,0.049773313789513066,7.566364692242698,0.5504424778761062,1.9688182740648024,1149
0.015,0.02,0.05,bitcoin,2.095098877517856,2.1359354870240885,0.06748247268986375,4.221594895343195,0.5124555160142349,1.7146648726028817,1149
0.015,0.02,0.05,ethereum,1.7751042050070454,2.16774575825627,0.0984933061735813,2.9213249568314343,0.531895777178796,1.5191960919832639,1149
0.015,0.02,0.05,binancecoin,1.7971457783732363,2.172729087385198,0.10005818293852345,2.8800740821523716,0.5102586975914363,1.54639596005458,1149
0.015,0.02,0.05,solana,2.3625414394572957,8.451444971099203,0.12081772086003488,5.269245599762165,0.5191111111111111,1.6833382861922814,1149
0.015,0.02,0.08,portfolio,3.0032427098109586,3.3187533467310466,0.04977331378951311,7.6006992975641126,0.5504424778761062,1.9740671744588678,1149
0.015,0.02,0.08,bitcoin,2.1041125073277005,2.1463920041694236,0.06748247268986364,4.235501104499243,0.5115658362989324,1.7176388741583282,1149
0.015,0.02,0.08,ethereum,1.7722557012850326,2.1649185856985813,0.09849330617357914,2.9187648842393936,0.5309973045822103,1.5183107507959368,1149
0.015,0.02,0.08,binancecoin,1.8134793383615049,2.208349466661982,0.09876034996286426,2.94989924027193,0.5102586975914363,1.552986269772409,1149
0.015,0.02,0.08,solana,2.371663203852197,8.537575582694117,0.12064235735836472,5.303922562966491,0.52,1.687079964396483,1149
0.015,0.02,0.12,portfolio,3.00774925181278,3.3334637212091627,0.049795798352423065,7.617917502439552,0.5513274336283186,1.9767853465352456,1149
0.015,0.02,0.12,bitcoin,2.104278287394323,2.153259777102148,0.06748247268986389,4.244614994899585,0.5115658362989324,1.7187191921636917,1149
0.015,0.02,0.12,ethereum,1.7776645066549626,2.177523047243703,0.09849330617358083,2.930164798259577,0.531895777178796,1.5203097989581433,1149
0.015,0.02,0.12,binancecoin,1.811730117153286,2.2055852506228453,0.09876034996286426,2.947427672125319,0.5102586975914363,1.5523026670932978,1149
0.015,0.02,0.12,solana,2.377526412397286,8.615048565076833,0.12064235735836466,5.328062262735479,0.52,1.6897700734987635,1149
0.02,0.02,0.0,portfolio,3.028008916518026,3.3730884208452174,0.049419710487841294,7.731665258070525,0.5513274336283186,1.9860158468612197,1149
0.02,0.02,0.0,bitcoin,2.1167326618497726,2.1746531535519407,0.06735381953281569,4.281067864956497,0.512,1.7242992097598733,1149
0.02,0.02,0.0,ethereum,1.7932491056766255,2.209261891044212,0.09577856377733203,3.0425765958710826,0.5336927223719676,1.5258849699549324,1149
0.02,0.02,0.0,binancecoin,1.8232725883590186,2.231310997907589,0.0981088779537931,2.9900899423107075,0.5093499554764025,1.556412403290825,1149
0.02,0.02,0.0,solana,2.3894115727481378,8.72779585125417,0.12080507516062465,5.355699611724599,0.52,1.6941563044565138,1149
0.02,0.02,0.01,portfolio,2.915381201556146,3.128013138853471,0.04972140546833366,7.335365046337317,0.547787610619469,1.9327774368317339,1149
0.02,0.02,0.01,bitcoin,2.049851404881884,2.0492562159397703,0.0673536616737337,4.112753744445277,0.5102222222222222,1.6923440910527883,1149
0.02,0.02,0.01,ethereum,1.731497542655763,2.072513789289022,0.09583097852034961,2.912825395186763,0.531895777178796,1.5036755310326804,1149
0.02,0.02,0.01,binancecoin,1.7322343425006883,2.0331269318196834,0.10139043356333748,2.71746028248161,0.5084594835262689,1.5205141463664287,1149
0.02,0.02,0.01,solana,2.3106142817507926,7.953964765208424,0.12452705874397695,4.957350544136607,0.52,1.6635298307874007,1149
0.02,0.02,0.02,portfolio,2.954310490872574,3.2130704116140993,0.04972140546833374,7.458416821603104,0.5469026548672566,1.9503324225294683,1149
0.02,0.02,0.02,bitcoin,2.0831744056405688,2.1041674146428244,0.06735381953281556,4.187105608943427,0.5102222222222222,1.7063944252468588,1149
0.02,0.02,0.02,ethereum,1.7544218516744077,2.1240972751443197,0.09550821270322489,2.9716636400022636,0.531895777178796,1.5115534569552997,1149
0.02,0.02,0.02,binancecoin,1.7625578473838441,2.1000592043593405,0.10072906137090079,2.79606739292367,0.5084594835262689,1.5320771339086052,1149
0.02,0.02,0.02,solana,2.334640851183814,8.181690823871135,0.1214339976252655,5.1571840213236975,0.52,1.672392231168633,1149
0.02,0.02,0.03,portfolio,2.979495698596737,3.2666513364199457,0.04972140546833371,7.534939684130647,0.5469026548672566,1.962078335548016,1149
0.02,0.02,0.03,bitcoin,2.096329978083988,2.1302565873064463,0.06735381953281572,4.222076557596815,0.512,1.7123196564959193,1149
0.02,0.02,0.03,ethereum,1.769817592177437,2.1579478805866037,0.0956425191392333,2.999255459252259,0.5309973045822103,1.5177141763838071,1149
0.02,0.02,0.03,binancecoin,1.7859291126497825,2.153092521684184,0.10072920310198075,2.843486703965172,0.5084594835262689,1.541860899532609,1149
0.02,0.02,0.03,solana,2.3479827277731813,8.312713268501657,0.12031802169991748,5.247086500562188,0.5182222222222223,1.6775604931899182,1149
0.02,0.02,0.05,portfolio,3.0023056803055628,3.3150585735456843,0.04972140546833382,7.603431238026219,0.5513274336283186,1.9732394909116089,1149
0.02,0.02,0.05,bitcoin,2.102118559540058,2.1494434511101512,0.06735381953281563,4.247650456451065,0.5128888888888888,1.7172841766114801,1149
0.02,0.02,0.05,ethereum,1.7833101694108198,2.185818044129662,0.09577856377732913,3.0209123657503474,0.531895777178796,1.522406403283458,1149
0.02,0.02,0.05,binancecoin,1.8039617199565572,2.1877888355135258,0.09940764908375599,2.9123869169207786,0.5093499554764025,1.548555953512727,1149
0.02,0.02,0.05,solana,2.3667850787979137,8.493249548219127,0.12080507516062486,5.282916754264381,0.52,1.6848647015874525,1149
0.02,0.02,0.08,portfolio,3.0134037580392774,3.3411975410847647,0.04972140546833381,7.640166270678955,0.5513274336283186,1.9790968374500897,1149
0.02,0.02,0.08,bitcoin,2.113146138992251,2.163108754239902,0.06735381953281526,4.265790681433594,0.512,1.7215552940561745,1149
0.02,0.02,0.08,ethereum,1.7836667230665992,2.1908881718421984,0.0957785637773303,3.0256081431940545,0.531895777178796,1.5228531974749704,1149
0.02,0.02,0.08,binancecoin,1.8192645667294387,2.2211929766335516,0.09810887795379285,2.981025563516192,0.5093499554764025,1.5548126775927706,1149
0.02,0.02,0.08,solana,2.37508557953401,8.568560015855631,0.1208050751606245,5.306438141879877,0.52,1.6883458615476643,1149
0.02,0.02,0.12,portfolio,3.0164931076667094,3.3525838169339526,0.04974389003124374,7.652653661981754,0.5513274336283186,1.9808056566356556,1149
0.02,0.02,0.12,bitcoin,2.1118964130133793,2.1677042568417972,0.06735381953281509,4.271877307656028,0.512,1.7218750596157113,1149
0.02,0.02,0.12,ethereum,1.7873083151245996,2.1986787206410305,0.09577856377733054,3.032812142146896,0.5327942497753818,1.5240809510053852,1149
0.02,0.02,0.12,binancecoin,1.818541360332143,2.2208009545637233,0.09810887795379285,2.980673917724037,0.5093499554764025,1.5544673870757015,1149
0.02,0.02,0.12,solana,2.3786867295333547,8.630383922150017,0.12080507516062435,5.325639550466404,0.52,1.6901452676010464,1149
0.03,0.02,0.0,portfolio,3.0336830308806824,3.3860204732059804,0.04941971048784129,7.749782713772928,0.5513274336283186,1.988804023947626,1149
0.03,0.02,0.0,bitcoin,2.122863352737357,2.1867633377917937,0.06708651833706235,4.314168497626401,0.512,1.727356252283013,1149
0.03,0.02,0.0,ethereum,1.7963460754633374,2.2157739024470384,0.09647870325925023,3.0264490651792952,0.533213644524237,1.5270874606021112,1149
0.03,0.02,0.0,binancecoin,1.8263629142132554,2.237989789625538,0.09810887795379311,2.9960611033203755,0.5093499554764025,1.5574767974423824,1149
0.03,0.02,0.0,solana,2.393006114656361,8.765673284004823,0.12038007883833496,5.3862737542106425,0.5204262877442274,1.6953364574905523,1149
0.03,0.02,0.01,portfolio,2.9340612186808364,3.166901249621292,0.049721405468333715,7.391867446796391,0.5451327433628319,1.9408288818691128,1149
0.03,0.02,0.01,bitcoin,2.0605531421263525,2.06782220181577,0.06768796869205951,4.11757484570592,0.5102222222222222,1.6964178619583963,1149
0.03,0.02,0.01,ethereum,1.7378987048907768,2.085914926451112,0.09653107741748608,2.9043542870044026,0.5314183123877917,1.5060672488898346,1149
0.03,0.02,0.01,binancecoin,1.7398948764724633,2.0511309304443497,0.10139043356333809,2.733800086289865,0.5084594835262689,1.5230201156923884,1149
0.03,0.02,0.01,solana,2.3304244753428964,8.143714943790531,0.1216910159282596,5.134149517773799,0.5195381882770871,1.6709486383993752,1149
0.03,0.02,0.02,portfolio,2.9693778151896386,3.2436640775029035,0.04972140546833371,7.502202306963894,0.5460176991150443,1.9570685746880143,1149
0.03,0.02,0.02,bitcoin,2.089847509651616,2.1170375945889823,0.06708651833706251,4.221137919549759,0.5102222222222222,1.7097611092954184,1149
0.03,0.02,0.02,ethereum,1.760821018002255,2.1376517012778993,0.09620856151822693,2.9627077636598704,0.5323159784560144,1.514081759404695,1149
0.03,0.02,0.02,binancecoin,1.7687118849283074,2.1153553214972987,0.1007199067985029,2.8100654138697982,0.5084594835262689,1.534151571892725,1149
0.03,0.02,0.02,solana,2.3498159597686064,8.32408712309975,0.12037700939341954,5.248143575686693,0.5204262877442274,1.6780361927066054,1149
0.03,0.02,0.03,portfolio,2.993264267769103,3.2950312147268717,0.04972140546833382,7.575167580080669,0.547787610619469,1.9686561530633524,1149
0.03,0.02,0.03,bitcoin,2.102708721821188,2.142402609203591,0.067086518337062,4.255167090138143,0.512,1.715698120483526,1149
0.03,0.02,0.03,ethereum,1.7751633295378388,2.1703111511266826,0.09634276396063851,2.988907438087356,0.5323159784560144,1.5195518974101339,1149
0.03,0.02,0.03,binancecoin,1.793218939729021,2.169395106530933,0.10072920310198052,2.85793956040234,0.5084594835262689,1.5445283040121622,1149
0.03,0.02,0.03,solana,2.3606739589254184,8.438405512493631,0.11989278993958948,5.30576332082315,0.5195381882770871,1.6825798466737127,1149
0.03,0.02,0.05,portfolio,3.011030902773132,3.3339941418296304,0.04972140546833373,7.6300600729945245,0.5504424778761062,1.9770082536263434,1149
0.03,0.02,0.05,bitcoin,2.1126462727028192,2.165799354843969,0.06708651833706272,4.2863660755603705,0.5128888888888888,1.721411423058504,1149
0.03,0.02,0.05,ethereum,1.787117554047038,2.19361793615552,0.09647870325924912,3.006158979858438,0.5305206463195691,1.523940612040123,1149
0.03,0.02,0.05,binancecoin,1.80757022579244,2.197819182080542,0.09940764908375603,2.921327797112607,0.5093499554764025,1.5496628770371248,1149
0.03,0.02,0.05,solana,2.3725061115128208,8.556565617526314,0.1203800788383348,5.321422626875631,0.5195381882770871,1.6868446929120906,1149
0.03,0.02,0.08,portfolio,3.019728858831697,3.3563186054211416,0.04972140546833381,7.66133825348937,0.5513274336283186,1.9823373939883275,1149
0.03,0.02,0.08,bitcoin,2.1167052591805837,2.17705152858046,0.06708651833706263,4.301306509539548,0.512,1.7247480166544435,1149
0.03,0.02,0.08,ethereum,1.78825362644362,2.2005840547194033,0.09647870325925005,3.0125502536721664,0.5323159784560144,1.5245133195607212,1149
0.03,0.02,0.08,binancecoin,1.8188746864115326,2.2216479906065842,0.09810887795379272,2.9814336714750933,0.5093499554764025,1.554538885386283,1149
0.03,0.02,0.08,solana,2.3795039104190847,8.626651368770876,0.12038007883833514,5.343280861358186,0.5204262877442274,1.6900720435836023,1149
0.03,0.02,0.12,portfolio,3.025615021541092,3.3702942675872336,0.049743890031243715,7.67738373118396,0.5513274336283186,1.9851382288077306,1149
0.03,0.02,0.12,bitcoin,2.1191566890703974,2.1816347799449693,0.0670865183370624,4.3073802299905894,0.512,1.7255316041936686,1149
0.03,0.02,0.12,ethereum,1.7910653349475887,2.2065909288089016,0.09647870325924815,3.0180527261632624,0.533213644524237,1.525557464225573,1149
0.03,0.02,0.12,binancecoin,1.8216423656545417,2.227384865445805,0.09810887795379272,2.986575292974697,0.5093499554764025,1.5555124708146955,1149
0.03,0.02,0.12,solana,2.3863301409782425,8.700926891118922,0.12038007883833539,5.366310616155888,0.5204262877442274,1.6928579929264083,1149
0.05,0.02,0.0,portfolio,3.03694191972779,3.393161157584709,0.04941971048784137,7.759768755097838,0.5513274336283186,1.9902895723632568,1149
0.05,0.02,0.0,bitcoin,2.1256566125942724,2.1923341714514404,0.06708651833706274,4.321532514213966,0.512,1.7284282126779609,1149
0.05,0.02,0.0,ethereum,1.797884088799449,2.219242790686773,0.0959805099287084,3.045341356339412,0.533213644524237,1.5275556444087819,1149
0.05,0.02,0.0,binancecoin,1.8279389527045935,2.242224343438718,0.09810887795379311,2.999842019129327,0.5088967971530249,1.5580735829796353,1149
0.05,0.02,0.0,solana,2.39524181837365,8.788458137391668,0.11953488265830793,5.431408653854135,0.5195381882770871,1.696291771056606,1149
0.05,0.02,0.01,portfolio,2.9474962044334547,3.196373699234843,0.049721405468333826,7.434415786883843,0.5460176991150443,1.946847214677169,1149
0.05,0.02,0.01,bitcoin,2.0681246494047483,2.081934402787054,0.06768796869205884,4.136599963918134,0.5102222222222222,1.6997903934947236,1149
0.05,0.02,0.01,ethereum,1.7447173585678624,2.099937548771646,0.09603291296557383,2.932684266950053,0.5314183123877917,1.5084579508840508,1149
0.05,0.02,0.01,binancecoin,1.7518871824991933,2.0793174626763533,0.10073472115901747,2.777191338328998,0.5080071174377224,1.5279216124358648,1149
0.05,0.02,0.01,solana,2.339899643892981,8.233569535839692,0.12113417799336368,5.186548809752133,0.5186500888099467,1.6747535518397563,1149
0.05,0.02,0.02,portfolio,2.9792089357444413,3.2657313719178767,0.04972140546833376,7.53363216207051,0.5460176991150443,1.961576187682355,1149
0.05,0.02,0.02,bitcoin,2.0951169782449717,2.1279413803514156,0.06708651833706271,4.235792602077949,0.5102222222222222,1.7120348573621547,1149
0.05,0.02,0.02,ethereum,1.7654492999773461,2.1476504210414165,0.09571021923401501,2.987506067223992,0.5323159784560144,1.5156506921569333,1149
0.05,0.02,0.02,binancecoin,1.7787001947504286,2.139132134407802,0.09941038887477426,2.8686217718104663,0.5080071174377224,1.5383879080521248,1149
0.05,0.02,0.02,solana,2.355896039541678,8.383658269900039,0.11973564519772922,5.295303799321214,0.5195381882770871,1.6806869329359886,1149
0.05,0.02,0.03,portfolio,2.9997908486127045,3.311069651838383,0.04972140546833372,7.597810042245641,0.547787610619469,1.9716386204339356,1149
0.05,0.02,0.03,bitcoin,2.107121731250428,2.150819418441747,0.06708651833706247,4.266411518347235,0.512,1.71733037181561,1149
0.05,0.02,0.03,ethereum,1.7756981949218085,2.1713766182040106,0.09584449567441829,3.005436286531774,0.5314183123877917,1.519699209842425,1149
0.05,0.02,0.03,binancecoin,1.8010370986711417,2.1891338309963797,0.10007300819999705,2.89421542246316,0.5088967971530249,1.547682799453884,1149
0.05,0.02,0.03,solana,2.3656813387510156,8.491462464378674,0.11907279644057062,5.359204903315062,0.5186500888099467,1.6846306435941778,1149
0.05,0.02,0.05,portfolio,3.016997522323407,3.3479674283781806,0.049721405468333715,7.649652335040702,0.5513274336283186,1.9798609845131092,1149
0.05,0.02,0.05,bitcoin,2.116494377904251,2.173167105074082,0.06708651833706245,4.296153517421051,0.5128888888888888,1.7230856690329135,1149
0.05,0.02,0.05,ethereum,1.7892047078933344,2.1984603512529515,0.0959805099287079,3.0262296883862527,0.5314183123877917,1.5245841661459891,1149
0.05,0.02,0.05,binancecoin,1.8136089762923828,2.2135837921524164,0.0987603499628638,2.9545748562687804,0.5088967971530249,1.552289286921514,1149
0.05,0.02,0.05,solana,2.376379628194255,8.595301850703699,0.11953488265830757,5.371230784635605,0.5195381882770871,1.6884418970340407,1149
0.05,0.02,0.08,portfolio,3.0236459899577244,3.3665820520752145,0.04972140546833371,7.675676107175749,0.5513274336283186,1.9842124862207235,1149
0.05,0.02,0.08,bitcoin,2.119498453898351,2.182605384865925,0.06708651833706211,4.308665598216188,0.512,1.725818850838643,1149
0.05,0.02,0.08,ethereum,1.7897908137270213,2.2040365575148497,0.09598050992870898,3.0313670981978333,0.5323159784560144,1.5249810068874958,1149
0.05,0.02,0.08,binancecoin,1.8205954432122338,2.2280444448293264,0.09876034996286451,2.9674611564907107,0.5088967971530249,1.5554648049731168,1149
0.05,0.02,0.08,solana,2.383294102710686,8.670124756000297,0.11953488265830885,5.394653119395005,0.5195381882770871,1.6915626492164324,1149
0.05,0.02,0.12,portfolio,3.0288909409193447,3.378176119399906,0.04974389003124363,7.6883644400122275,0.5513274336283186,1.9869022395169318,1149
0.05,0.02,0.12,bitcoin,2.1219494246839843,2.187196648287873,0.06708651833706278,4.314741645737706,0.512,1.726602294955152,1149
0.05,0.02,0.12,ethereum,1.792717782017911,2.210070635165674,0.09598050992870856,3.0369184918198737,0.533213644524237,1.526126194732227,1149
0.05,0.02,0.12,binancecoin,1.8233611614353762,2.233792710005849,0.09876034996286451,2.9725710837632917,0.5088967971530249,1.5564386520985478,1149
0.05,0.02,0.12,solana,2.388750995251968,8.723726311114248,0.11953488265830793,5.41134555333207,0.5195381882770871,1.6939256296931613,1149
0.07,0.02,0.0,portfolio,3.03694191972779,3.393161157584709,0.04941971048784137,7.759768755097838,0.5513274336283186,1.9902895723632568,1149
0.07,0.02,0.0,bitcoin,2.1256566125942724,2.1923341714514404,0.06708651833706274,4.321532514213966,0.512,1.7284282126779609,1149
0.07,0.02,0.0,ethereum,1.797884088799449,2.219242790686773,0.0959805099287084,3.045341356339412,0.533213644524237,1.5275556444087819,1149
0.07,0.02,0.0,binancecoin,1.8279389527045935,2.242224343438718,0.09810887795379311,2.999842019129327,0.5088967971530249,1.5580735829796353,1149
0.07,0.02,0.0,solana,2.39524181837365,8.788458137391668,0.11953488265830793,5.431408653854135,0.5195381882770871,1.696291771056606,1149
0.07,0.02,0.01,portfolio,2.9506979537695144,3.2030709922844025,0.04972140546833369,7.444051888177921,0.5460176991150443,1.9482327347427102,1149
0.07,0.02,0.01,bitcoin,2.0681246494047483,2.081934402787054,0.06768796869205884,4.136599963918134,0.5102222222222222,1.6997903934947236,1149
0.07,0.02,0.01,ethereum,1.7472754989357229,2.105424210889264,0.09603291296557491,2.937861288141275,0.5314183123877917,1.5094153653710587,1149
0.07,0.02,0.01,binancecoin,1.7553087405167995,2.0860468056004247,0.098769524483335,2.8386534252145115,0.5080071174377224,1.5290722636622023,1149
0.07,0.02,0.01,solana,2.3422250651022143,8.255993232413154,0.12113417799336347,5.193701445155314,0.5186500888099467,1.6755916539534756,1149
0.07,0.02,0.02,portfolio,2.981280171229949,3.2702528226055714,0.04972140546833368,7.540056268117392,0.5460176991150443,1.9624396213272939,1149
0.07,0.02,0.02,bitcoin,2.0951169782449717,2.1279413803514156,0.06708651833706271,4.235792602077949,0.5102222222222222,1.7120348573621547,1149
0.07,0.02,0.02,ethereum,1.7672871575567013,2.151813847530371,0.09571021923401393,2.991401731006767,0.5323159784560144,1.5163222194180095,1149
0.07,0.02,0.02,binancecoin,1.7816653662750206,2.145910483408764,0.09876952448333524,2.893391745107907,0.5080071174377224,1.5393692496859923,1149
0.07,0.02,0.02,solana,2.356735546894007,8.390709602368888,0.11973564519772878,5.297552286923286,0.5195381882770871,1.6807905211624008,1149
0.07,0.02,0.03,portfolio,3.0014977073742597,3.3142471712036707,0.049721405468333854,7.60228813712217,0.547787610619469,1.9723079527698675,1149
0.07,0.02,0.03,bitcoin,2.107121731250428,2.150819418441747,0.06708651833706247,4.266411518347235,0.512,1.71733037181561,1149
0.07,0.02,0.03,ethereum,1.7768824169873298,2.174165330211967,0.095844495674417,3.008027208986569,0.5314183123877917,1.5200817394248662,1149
0.07,0.02,0.03,binancecoin,1.8031682585990652,2.1937530768427966,0.09876952448333508,2.9365565335346147,0.5088967971530249,1.548339572655713,1149
0.07,0.02,0.03,solana,2.366745891213818,8.497537576340354,0.11907279644057124,5.361135672947314,0.5186500888099467,1.6849088648875774,1149
0.07,0.02,0.05,portfolio,3.019629599127853,3.3534376469598657,0.049721405468333736,7.657308865668659,0.5513274336283186,1.9811087800480944,1149
0.07,0.02,0.05,bitcoin,2.116494377904251,2.173167105074082,0.06708651833706245,4.296153517421051,0.5128888888888888,1.7230856690329135,1149
0.07,0.02,0.05,ethereum,1.7899013330079516,2.199885059796144,0.09598050992870738,3.027542950006472,0.5314183123877917,1.5248765112382658,1149
0.07,0.02,0.05,binancecoin,1.8146649573804108,2.2159067701631012,0.09810887795379285,2.976280994399229,0.5088967971530249,1.5526183723308111,1149
0.07,0.02,0.05,solana,2.380278366802423,8.632373583759865,0.11953488265830822,5.382853360278469,0.5195381882770871,1.6900050415964032,1149
0.07,0.02,0.08,portfolio,3.0246195287533855,3.3685710192636105,0.04972140546833374,7.678451615299882,0.5513274336283186,1.984692822823562,1149
0.07,0.02,0.08,bitcoin,2.119498453898351,2.182605384865925,0.06708651833706211,4.308665598216188,0.512,1.725818850838643,1149
0.07,0.02,0.08,ethereum,1.7897908137270213,2.2040365575148497,0.09598050992870898,3.0313670981978333,0.5323159784560144,1.5249810068874958,1149
0.07,0.02,0.08,binancecoin,1.821651561523821,2.2303778758981325,0.09810887795379354,2.989254919437992,0.5088967971530249,1.555794569995237,1149
0.07,0.02,0.08,solana,2.3850425047277164,8.681277482497201,0.1195348826583078,5.398132208079914,0.5195381882770871,1.6922227074041678,1149
0.07,0.02,0.12,portfolio,3.0308346589092094,3.382479578785226,0.049743890031243666,7.694353350909288,0.5513274336283186,1.9877285258843402,1149
0.07,0.02,0.12,bitcoin,2.1219494246839843,2.187196648287873,0.06708651833706278,4.314741645737706,0.512,1.726602294955152,1149
0.07,0.02,0.12,ethereum,1.793298369810582,2.2114797822283427,0.09598050992870771,3.0382137434519843,0.533213644524237,1.5263178857432902,1149
0.07,0.02,0.12,binancecoin,1.8244173309054184,2.2361302962778526,0.09810887795379354,2.994399593413178,0.5088967971530249,1.5567685159347868,1149
0.07,0.02,0.12,solana,2.3914784346605797,8.750605697180683,0.11953488265830736,5.419689220716504,0.5195381882770871,1.6949572094175445,1149
0.1,0.02,0.0,portfolio,3.03694191972779,3.393161157584709,0.04941971048784137,7.759768755097838,0.5513274336283186,1.9902895723632568,1149
0.1,0.02,0.0,bitcoin,2.1256566125942724,2.1923341714514404,0.06708651833706274,4.321532514213966,0.512,1.7284282126779609,1149
0.1,0.02,0.0,ethereum,1.797884088799449,2.219242790686773,0.0959805099287084,3.045341356339412,0.533213644524237,1.5275556444087819,1149
0.1,0.02,0.0,binancecoin,1.8279389527045935,2.242224343438718,0.09810887795379311,2.999842019129327,0.5088967971530249,1.5580735829796353,1149
0.1,0.02,0.0,solana,2.39524181837365,8.788458137391668,0.11953488265830793,5.431408653854135,0.5195381882770871,1.696291771056606,1149
0.1,0.02,0.01,portfolio,2.9541760406568285,3.210805987931308,0.04972140546833372,7.455166136293116,0.5460176991150443,1.9499390797504574,1149
0.1,0.02,0.01,bitcoin,2.0681246494047483,2.081934402787054,0.06768796869205884,4.136599963918134,0.5102222222222222,1.6997903934947236,1149
0.1,0.02,0.01,ethereum,1.7527588815875659,2.1170353638007526,0.0960329129655727,2.9487936613233647,0.5314183123877917,1.51135292390995,1149
0.1,0.02,0.01,binancecoin,1.757618635069986,2.0905438561233987,0.09810887795379299,2.8619369456663635,0.5080071174377224,1.5298974037503121,1149
0.1,0.02,0.01,solana,2.3440535135759752,8.275981808742879,0.12113417799336305,5.20006593921407,0.5186500888099467,1.6763337356877632,1149
0.1,0.02,0.02,portfolio,2.983694894500839,3.275748423619655,0.04972140546833369,7.547857307543479,0.5460176991150443,1.9635964557666659,1149
0.1,0.02,0.02,bitcoin,2.0951169782449717,2.1279413803514156,0.06708651833706271,4.235792602077949,0.5102222222222222,1.7120348573621547,1149
0.1,0.02,0.02,ethereum,1.7705184818897404,2.158869134061146,0.09571021923401453,2.9979941080375276,0.5323159784560144,1.5174548452626642,1149
0.1,0.02,0.02,binancecoin,1.7829040636413984,2.1482165914461437,0.09810887795379321,2.914981727546706,0.5080071174377224,1.5398729635026445,1149
0.1,0.02,0.02,solana,2.3585304125113637,8.410985852577987,0.11973564519772956,5.304010522793163,0.5195381882770871,1.6815359206915474,1149
0.1,0.02,0.03,portfolio,3.004024263349689,3.319807967933853,0.04972140546833381,7.610118805284789,0.547787610619469,1.973559143143194,1149
0.1,0.02,0.03,bitcoin,2.107121731250428,2.150819418441747,0.06708651833706247,4.266411518347235,0.512,1.71733037181561,1149
0.1,0.02,0.03,ethereum,1.7802987288573493,2.181304224818538,0.09584449567441676,3.01465168916809,0.5314183123877917,1.521217084387772,1149
0.1,0.02,0.03,binancecoin,1.8044081782376433,2.196094255868323,0.09810887795379294,2.9584441639274237,0.5088967971530249,1.5488481936493608,1149
0.1,0.02,0.03,solana,2.368818524097805,8.518281620089072,0.11907279644057134,5.367721209884433,0.5186500888099467,1.6857651196791341,1149
0.1,0.02,0.05,portfolio,3.0208518036912433,3.3568271615851977,0.049721405468333736,7.662049318103972,0.5513274336283186,1.9816231682275034,1149
0.1,0.02,0.05,bitcoin,2.116494377904251,2.173167105074082,0.06708651833706245,4.296153517421051,0.5128888888888888,1.7230856690329135,1149
0.1,0.02,0.05,ethereum,1.7918950813389734,2.20462965367206,0.09598050992870819,3.031913112322339,0.5314183123877917,1.5255230199846044,1149
0.1,0.02,0.05,binancecoin,1.8146649573804108,2.2159067701631012,0.09810887795379285,2.976280994399229,0.5088967971530249,1.5526183723308111,1149
0.1,0.02,0.05,solana,2.3815376102057604,8.647888949156624,0.1195348826583074,5.387707308962682,0.5195381882770871,1.6904839411839507,1149
0.1,0.02,0.08,portfolio,3.0254348072154684,3.3705762555599286,0.04972140546833374,7.681248827711088,0.5513274336283186,1.9850840390402815,1149
0.1,0.02,0.08,bitcoin,2.119498453898351,2.182605384865925,0.06708651833706211,4.308665598216188,0.512,1.725818850838643,1149
0.1,0.02,0.08,ethereum,1.7908608446841427,2.2064242293140905,0.09598050992870866,3.033564747974181,0.5323159784560144,1.525303948954265,1149
0.1,0.02,0.08,binancecoin,1.821651561523821,2.2303778758981325,0.09810887795379354,2.989254919437992,0.5088967971530249,1.555794569995237,1149
0.1,0.02,0.08,solana,2.386158247662689,8.691915194989498,0.11953488265830882,5.401447724095442,0.5195381882770871,1.6926529995267785,1149
0.1,0.02,0.12,portfolio,3.0315423661329994,3.3844827793868424,0.049743890031243666,7.697139539958691,0.5513274336283186,1.988031356370411,1149
0.1,0.02,0.12,bitcoin,2.1219494246839843,2.187196648287873,0.06708651833706278,4.314741645737706,0.512,1.726602294955152,1149
0.1,0.02,0.12,ethereum,1.7943684216413651,2.213873000773819,0.09598050992870953,3.040412511916858,0.533213644524237,1.5266410339532104,1149
0.1,0.02,0.12,binancecoin,1.8244173309054184,2.2361302962778526,0.09810887795379354,2.994399593413178,0.5088967971530249,1.5567685159347868,1149
0.1,0.02,0.12,solana,2.392380245060886,8.761127341730175,0.11953488265830765,5.4229503692577605,0.5195381882770871,1.695277108195769,1149
0.0,0.03,0.0,portfolio,2.9315843172736997,3.032665586077461,0.049471618809020776,7.231378947428808,0.552212389380531,1.9610079637032858,1149
0.0,0.03,0.0,bitcoin,2.0111145823527288,1.9721013478325067,0.06824741276138724,3.95401455689622,0.5057777777777778,1.6890943412107948,1149
0.0,0.03,0.0,ethereum,1.6617265789981808,1.8786386027313395,0.1401106662157572,1.8626964479480188,0.5325022261798753,1.4881698685485345,1149
0.0,0.03,0.0,binancecoin,1.7808141320846915,2.0542074202416867,0.09652057287600922,2.8746566416267516,0.5107334525939177,1.5504741181279458,1149
0.0,0.03,0.0,solana,2.3131993683405554,7.875021782590025,0.12391946835485895,4.9563327418235135,0.5186500888099467,1.6823984921802355,1149
0.0,0.03,0.01,portfolio,2.7150978552571883,2.6192564443217177,0.04977331378951305,6.5480698929289165,0.5415929203539823,1.8617034331452624,1149
0.0,0.03,0.01,bitcoin,1.874472821846948,1.7379628641207576,0.07185380034580939,3.440359496543151,0.5048888888888889,1.625888452201411,1149
0.0,0.03,0.01,ethereum,1.5229613202762238,1.615967610869626,0.14933367177585255,1.5722986111341855,0.5244879786286732,1.438647261221637,1149
0.0,0.03,0.01,binancecoin,1.6100451078984435,1.723827102806919,0.10231837114240455,2.402186472811537,0.5044722719141324,1.485811877748982,1149
0.0,0.03,0.01,solana,2.179139884384871,6.721394227628419,0.13225128100826616,4.276969762628443,0.5195381882770871,1.6305107588828647,1149
0.0,0.03,0.02,portfolio,2.798502838024592,2.7738753448306634,0.04977331378951311,6.793609927154803,0.5451327433628319,1.8988541310246188,1149
0.0,0.03,0.02,bitcoin,1.9446320404636284,1.8474700620396098,0.06824870077459981,3.779946493223456,0.5048888888888889,1.6562282239668638,1149
0.0,0.03,0.02,ethereum,1.5768779220049238,1.714356013623103,0.1454228855260141,1.6836171783680465,0.5289403383793411,1.4574813784335405,1149
0.0,0.03,0.02,binancecoin,1.679382148164292,1.8570582421805137,0.1023183711424045,2.5303789167833277,0.5080500894454383,1.5115893777854286,1149
0.0,0.03,0.02,solana,2.2209418979676383,7.061550277862965,0.12815856361858657,4.529609358929875,0.5195381882770871,1.646382927779169,1149
0.0,0.03,0.03,portfolio,2.8490394968711263,2.8661142945795266,0.049773313789513114,6.936370695073218,0.5460176991150443,1.9220678615538744,1149
0.0,0.03,0.03,bitcoin,1.9660858941699666,1.88367619812691,0.06824870077459974,3.8310954727484634,0.5066666666666667,1.6663964628057235,1149
0.0,0.03,0.03,ethereum,1.6048231731667402,1.7667864728405855,0.1431639904581929,1.7467436141981494,0.5289403383793411,1.4676429951592778,1149
0.0,0.03,0.03,binancecoin,1.724859931217814,1.9444346082623798,0.10104622229425735,2.6448216591433162,0.5089445438282647,1.5295360718912892,1149
0.0,0.03,0.03,solana,2.255448790232713,7.344264214661452,0.1257127118418294,4.713140139158111,0.5195381882770871,1.6595654720597712,1149
0.0,0.03,0.05,portfolio,2.8832734102964506,2.9374177039454175,0.04977331378951311,7.0449176197276895,0.552212389380531,1.9378567875175499,1149
0.0,0.03,0.05,bitcoin,1.9776735050574366,1.9147299499081911,0.07185380034580983,3.6801701593423646,0.5066666666666667,1.6725289385974618,1149
0.0,0.03,0.05,ethereum,1.640671564490762,1.8367046510476386,0.14201494319390728,1.8091884707108548,0.5316117542297417,1.480714610218616,1149
0.0,0.03,0.05,binancecoin,1.7505750906628335,1.9955383368533184,0.09974770473605199,2.7272881518963694,0.5098389982110912,1.5389432620224583,1149
0.0,0.03,0.05,solana,2.273715809196659,7.511876050967354,0.12633523502954064,4.745018782070672,0.5177619893428064,1.6666701831404043,1149
0.0,0.03,0.08,portfolio,2.908758620579634,2.986203052434126,0.049773313789513135,7.118303790431651,0.552212389380531,1.9501242594589734,1149
0.0,0.03,0.08,bitcoin,2.0010889501334783,1.9494727595928727,0.06824741276138743,3.9228518167008017,0.5066666666666667,1.6831108918439341,1149
0.0,0.03,0.08,ethereum,1.6442103381034547,1.8463365691125926,0.14145474276452008,1.8229617979175292,0.5307212822796082,1.4821537491137224,1149
0.0,0.03,0.08,binancecoin,1.7726514583995279,2.036046805408961,0.09844081030718412,2.8016193509097285,0.5107334525939177,1.5472845195467504,1149
0.0,0.03,0.08,solana,2.294129432771485,7.688968520292102,0.12391946835486156,4.895945345996685,0.5186500888099467,1.6746417656577455,1149
0.0,0.03,0.12,portfolio,2.9114764713264707,2.996914288603036,0.04979579835242297,7.13110098898542,0.552212389380531,1.9519531323252053,1149
0.0,0.03,0.12,bitcoin,1.9989249173209886,1.9514313961798195,0.06824741276138765,3.9255564981899878,0.5057777777777778,1.6830197494182175,1149
0.0,0.03,0.12,ethereum,1.6519314384215324,1.8608444532624442,0.14145474276451822,1.8328827441534967,0.5316117542297417,1.4848536760780118,1149
0.0,0.03,0.12,binancecoin,1.7693296881051446,2.0322604387196805,0.09974770473605271,2.7614124073344803,0.5107334525939177,1.5462341768587138,1149
0.0,0.03,0.12,solana,2.2970235174765268,7.7407754853731525,0.1239065925010625,4.913371497836513,0.5186500888099467,1.676305947030609,1149
0.005,0.03,0.0,portfolio,2.9919658120700716,3.151266229383115,0.049471618809020776,7.406408020594859,0.5557522123893806,1.9900176848001974,1149
0.005,0.03,0.0,bitcoin,2.0736900325106813,2.078512671167917,0.067196895287527,4.162189786019707,0.5119787045252884,1.7165558169049386,1149
0.005,0.03,0.0,ethereum,1.6996494025317772,1.9528453485546056,0.1280950238229366,2.0925267987655665,0.5390763765541741,1.5013417590441684,1149
0.005,0.03,0.0,binancecoin,1.8358559495279092,2.1680061108800435,0.09652057287600944,2.981272865871993,0.5129348795718108,1.5719607789309928,1149
0.005,0.03,0.0,solana,2.3321860691990675,8.041888965154277,0.12207849535353567,5.085204769321737,0.5217391304347826,1.6896384348427316,1149
0.005,0.03,0.01,portfolio,2.8225217315587456,2.814764749064628,0.04977331378951311,6.8572279291572364,0.5486725663716814,1.909508023549202,1149
0.005,0.03,0.01,bitcoin,1.9725324247659473,1.896800617409795,0.06839978670602581,3.8410097001565457,0.5093167701863354,1.6674625405526156,1149
0.005,0.03,0.01,ethereum,1.5912605227235967,1.7413578919771888,0.13604340641521281,1.8195804511158562,0.5346358792184724,1.4621804600708057,1149
0.005,0.03,0.01,binancecoin,1.711995799674981,1.9151910401136396,0.10231837114240451,2.5848542727171266,0.5093666369313113,1.523530365600374,1149
0.005,0.03,0.01,solana,2.2176129460841905,7.027915448742517,0.1302315507647143,4.446384915000564,0.520851818988465,1.6447732418235976,1149
0.005,0.03,0.02,portfolio,2.881472012106419,2.9290323745108577,0.04977331378951309,7.032232446753298,0.5504424778761062,1.9361843397063485,1149
0.005,0.03,0.02,bitcoin,2.0224946995455637,1.978390976637376,0.06659497014522392,4.060969707567682,0.5102040816326531,1.6898095537617284,1149
0.005,0.03,0.02,ethereum,1.6328052100514174,1.8193771545702266,0.13049789844049678,1.955923279972659,0.5373001776198935,1.476891047308407,1149
0.005,0.03,0.02,binancecoin,1.7512814976477031,1.997870017247514,0.10231837114240465,2.6608889707129246,0.5111507582515611,1.538376610143131,1149
0.005,0.03,0.02,solana,2.250946241317254,7.305861106124629,0.1263608136107907,4.67622248531772,0.520851818988465,1.6576097419536588,1149
0.005,0.03,0.03,portfolio,2.9250158289472363,3.012367384617244,0.04977331378951305,7.1573734633838635,0.5495575221238939,1.9572379398732538,1149
0.005,0.03,0.03,bitcoin,2.0431063301031798,2.016635824359954,0.06659497014522298,4.11442845525217,0.5119787045252884,1.7002341850665932,1149
0.005,0.03,0.03,ethereum,1.6550213585341003,1.863530315681163,0.13064543218016503,1.9865153311948396,0.5364120781527532,1.4852018575109964,1149
0.005,0.03,0.03,binancecoin,1.7898851575672834,2.074951209080015,0.10104622229425732,2.7646891323626384,0.512042818911686,1.5541898221292318,1149
0.005,0.03,0.03,solana,2.280643126656576,7.558956807431837,0.12447912055984543,4.8313259495244205,0.520851818988465,1.6691041580670138,1149
0.005,0.03,0.05,portfolio,2.951995551177564,3.070098551198206,0.04977331378951314,7.242881485033002,0.5548672566371682,1.9701227616352786,1149
0.005,0.03,0.05,bitcoin,2.0518155444585413,2.0409850442718653,0.06719689528752715,4.111030841843075,0.5128660159716061,1.706037504442225,1149
0.005,0.03,0.05,ethereum,1.6830119907413548,1.9180002247562111,0.12944756237558028,2.0451927848523006,0.5381882770870338,1.4953135596391036,1149
0.005,0.03,0.05,binancecoin,1.8090077264523923,2.1139533316199723,0.09974770473605206,2.8361842498169585,0.512042818911686,1.5614887264299604,1149
0.005,0.03,0.05,solana,2.2963008701607315,7.709386481746044,0.12510252210777922,4.856258952303291,0.520851818988465,1.6749305797337266,1149
0.005,0.03,0.08,portfolio,2.9721457245471616,3.110211233333289,0.04977331378951313,7.301738168813773,0.5557522123893806,1.980338833887191,1149
0.005,0.03,0.08,bitcoin,2.065697162618372,2.058789279624225,0.06719689528752615,4.135363266624756,0.5119787045252884,1.7115604723245816,1149
0.005,0.03,0.08,ethereum,1.683878696531673,1.923285457032513,0.1294578817921938,2.048907928689636,0.5373001776198935,1.4958159416814532,1149
0.005,0.03,0.08,binancecoin,1.8285201359638978,2.1513642080602122,0.09781230920048897,2.9267018536308207,0.5129348795718108,1.5690741695200685,1149
0.005,0.03,0.08,solana,2.316366687900241,7.8828203915260495,0.12207849535353586,5.033622808925577,0.5217391304347826,1.6832319281000756,1149
0.005,0.03,0.12,portfolio,2.9741412463908863,3.1195133493694636,0.04979579835242311,7.312019791735897,0.5557522123893806,1.981842182705384,1149
0.005,0.03,0.12,bitcoin,2.065141137041939,2.064120301772005,0.06719689528752716,4.142627474629994,0.5119787045252884,1.712292571513308,1149
0.005,0.03,0.12,ethereum,1.6911531884563502,1.9371687898502596,0.12945788179219464,2.059069160447509,0.5381882770870338,1.4984825409890528,1149
0.005,0.03,0.12,binancecoin,1.8248857886027217,2.1463974348109542,0.09974770473605225,2.865455151186128,0.5129348795718108,1.5678331994367036,1149
0.005,0.03,0.12,solana,2.3173253965217486,7.91723073972914,0.12253586767474482,5.026011819927701,0.5217391304347826,1.6839550087487969,1149
0.01,0.03,0.0,portfolio,3.011678264376585,3.193098194839097,0.04947161880902078,7.467211818499881,0.5575221238938053,1.9986720574930001,1149
0.01,0.03,0.0,bitcoin,2.0928929907477736,2.112535176848637,0.06706849635818064,4.216207629103643,0.5119787045252884,1.7249559029592187,1149
0.01,0.03,0.0,ethereum,1.7112941937219854,1.9768449888720556,0.1266634986027578,2.133965190265157,0.5381882770870338,1.5054205692448026,1149
0.01,0.03,0.0,binancecoin,1.8481114343442624,2.194206549923148,0.0965205728760093,3.005395167061958,0.5129118432769367,1.5767905800126933,1149
0.01,0.03,0.0,solana,2.344464147665083,8.157682321684437,0.12099823674081536,5.168041283536864,0.5226264418811003,1.6943476423181094,1149
0.01,0.03,0.01,portfolio,2.8734022778394417,2.9134379836197972,0.04977331378951315,7.008585227949499,0.5539823008849557,1.9317001059438395,1149
0.01,0.03,0.01,bitcoin,2.009938671218074,1.9618741352599054,0.06766933823918653,3.9736108592987223,0.5102040816326531,1.684823134788395,1149
0.01,0.03,0.01,ethereum,1.623728464757114,1.804004908526779,0.13424875789684962,1.890070602990844,0.5364120781527532,1.473485241710344,1149
0.01,0.03,0.01,binancecoin,1.7421983921305335,1.9734035732133188,0.10167153850425777,2.655347540019295,0.5111308993766697,1.5344111376736325,1149
0.01,0.03,0.01,solana,2.254227254595536,7.333621318049973,0.12716114210531726,4.655950020083005,0.5235137533274179,1.658831175172309,1149
0.01,0.03,0.02,portfolio,2.917106685768808,3.0013326414622696,0.04977331378951309,7.140920249050964,0.5530973451327433,1.9520875638452937,1149
0.01,0.03,0.02,bitcoin,2.0508675648024877,2.028327540686188,0.06706849635818057,4.10150164420753,0.5102040816326531,1.7025912932983425,1149
0.01,0.03,0.02,ethereum,1.6562660992319858,1.8663585619649856,0.12971268416570117,2.002902708353871,0.5373001776198935,1.4851262033287913,1149
0.01,0.03,0.02,binancecoin,1.768421622861042,2.0314929699540136,0.10167153850425759,2.7084643944606412,0.5111308993766697,1.5447404780361926,1149
0.01,0.03,0.02,solana,2.278248105361606,7.545776147632473,0.12445664006367563,4.827850126665186,0.5244010647737356,1.6677379061444992,1149
0.01,0.03,0.03,portfolio,2.951988710981355,3.068117585930514,0.049773313789513156,7.239963133063317,0.5530973451327433,1.9685615526587097,1149
0.01,0.03,0.03,bitcoin,2.06219641828328,2.0501615725591025,0.0670684963581809,4.131480306470325,0.5119787045252884,1.7081232754025595,1149
0.01,0.03,0.03,ethereum,1.6799926840746857,1.9146519775835396,0.1292180943129499,2.0463604160741906,0.5355239786856127,1.4939991520857512,1149
0.01,0.03,0.03,binancecoin,1.802777154823098,2.1017645545014303,0.10039847299772142,2.806814005807803,0.5120213713268033,1.55899764830246,1149
0.01,0.03,0.03,solana,2.2972044072994526,7.710895119851635,0.12199717074133773,4.980372138320585,0.5217391304347826,1.675106729510291,1149
0.01,0.03,0.05,portfolio,2.9791339989366836,3.125757480597824,0.04977331378951315,7.324428380412057,0.5566371681415929,1.9824063566906756,1149
0.01,0.03,0.05,bitcoin,2.0705925272131562,2.073773607940504,0.06706849635818095,4.163712249116654,0.5128660159716061,1.7138414504672708,1149
0.01,0.03,0.05,ethereum,1.6978741140717974,1.9487543657147035,0.12801825780226098,2.090770209271825,0.5373001776198935,1.5006269378433037,1149
0.01,0.03,0.05,binancecoin,1.8238769428515995,2.144345011906756,0.09909901978091501,2.882355161118488,0.5120213713268033,1.5673700075623649,1149
0.01,0.03,0.05,solana,2.319238928043841,7.914967563247732,0.12196207753873416,5.0489199458025915,0.5226264418811003,1.6837896575224007,1149
0.01,0.03,0.08,portfolio,2.9940160151353186,3.1550475942813803,0.04977331378951311,7.366997453193164,0.5575221238938053,1.989796718606452,1149
0.01,0.03,0.08,bitcoin,2.084066865508031,2.0916276391681317,0.06706849635818024,4.187956050160369,0.5119787045252884,1.7196171392207285,1149
0.01,0.03,0.08,ethereum,1.698206399842674,1.952642907444977,0.1280285941616704,2.093463611210438,0.5364120781527532,1.5009025312595925,1149
0.01,0.03,0.08,binancecoin,1.8420392343608416,2.1797165370124194,0.09716222967854742,2.972314056588635,0.5129118432769367,1.5744319187079903,1149
0.01,0.03,0.08,solana,2.3294618954468294,8.004934301858,0.12099823674081729,5.118578566553092,0.5226264418811003,1.6881511256764867,1149
0.01,0.03,0.12,portfolio,2.9973903977340464,3.1678693993193425,0.04979579835242307,7.382223615712465,0.5575221238938053,1.992232003927158,1149
0.01,0.03,0.12,bitcoin,2.086315764234316,2.1015528311511646,0.06706849635818034,4.201386129015569,0.5119787045252884,1.7216400413211073,1149
0.01,0.03,0.12,ethereum,1.703160561206919,1.9622930579426217,0.12802859416166965,2.1005540084085546,0.5373001776198935,1.5027491303631477,1149
0.01,0.03,0.12,binancecoin,1.8383955347775975,2.1747050784841053,0.09909901978091436,2.909724986144457,0.5129118432769367,1.573183712145897,1149
0.01,0.03,0.12,solana,2.334414088156807,8.0703929385024,0.12099823674081608,5.139854906028467,0.5226264418811003,1.6905696758230333,1149
0.015,0.03,0.0,portfolio,3.023404590476479,3.2176285572234873,0.049471618809020776,7.5026473530673305,0.5575221238938053,2.003916862682414,1149
0.015,0.03,0.0,bitcoin,2.1000115118573595,2.1273274498164008,0.06706793473437465,4.236141991713188,0.5119787045252884,1.728997961236099,1149
0.015,0.03,0.0,ethereum,1.719805017440313,1.994198557671469,0.1253403167767601,2.1694211405841752,0.5381882770870338,1.5081417786106186,1149
0.015,0.03,0.0,binancecoin,1.8574002200409636,2.2145486607479246,0.0965205728760095,3.0240175069834367,0.5138269402319358,1.5804940146338113,1149
0.015,0.03,0.0,solana,2.351238504509923,8.216478978696752,0.12064235735836394,5.202209863128633,0.5226264418811003,1.6966037260154678,1149
0.015,0.03,0.01,portfolio,2.9007221926926343,2.9660902578483195,0.049773313789513156,7.088134200692314,0.5557522123893806,1.944217488192622,1149
0.015,0.03,0.01,bitcoin,2.0242611979087495,1.9875876291407404,0.06827161214590843,3.973825693224867,0.5102040816326531,1.6916954942896145,1149
0.015,0.03,0.01,ethereum,1.6428936875065872,1.840443238737735,0.13174687805958338,1.9529489570394944,0.5364120781527532,1.4800846116545046,1149
0.015,0.03,0.01,binancecoin,1.7647857526274282,2.0182271961218867,0.10039163449419125,2.7307814204094054,0.5124777183600713,1.5430259439774359,1149
0.015,0.03,0.01,solana,2.2708387692987864,7.475123185029135,0.12512903068192852,4.7786338726589115,0.5217391304347826,1.6647886990345686,1149
0.015,0.03,0.02,portfolio,2.944143028200898,3.056076821726969,0.04977331378951313,7.222200811227492,0.5548672566371682,1.9644169321051794,1149
0.015,0.03,0.02,bitcoin,2.063100417390393,2.050470656644894,0.06706793473437513,4.131938082623662,0.5102040816326531,1.70921057055127,1149
0.015,0.03,0.02,ethereum,1.6727403393609899,1.901394749351652,0.1274485269939806,2.064858578470725,0.5373001776198935,1.4907503686143746,1149
0.015,0.03,0.02,binancecoin,1.7981139755226827,2.090881170692987,0.09972930838225053,2.815742780162171,0.5129348795718108,1.5559271633883278,1149
0.015,0.03,0.02,solana,2.2938803428431505,7.678861230940086,0.12143847913649752,4.992592611804542,0.5235137533274179,1.673455383875476,1149
0.015,0.03,0.03,portfolio,2.971953616148076,3.1086476055859427,0.04977331378951309,7.299452301213853,0.5548672566371682,1.9777799582121087,1149
0.015,0.03,0.03,bitcoin,2.0734060938205454,2.0721560814833735,0.06706793473437529,4.1615452488738605,0.5119787045252884,1.713982227226272,1149
0.015,0.03,0.03,ethereum,1.6943572323419007,1.941671600070043,0.12789878292476317,2.087497054053735,0.5355239786856127,1.498953406836491,1149
0.015,0.03,0.03,binancecoin,1.8172365796880243,2.133227271988346,0.09974098982148177,2.85379375535242,0.5129348795718108,1.5643047245610366,1149
0.015,0.03,0.03,solana,2.3099546296848605,7.825375697250898,0.1202020647788759,5.093102148559802,0.5217391304347826,1.6798559700489741,1149
0.015,0.03,0.05,portfolio,2.995680377168461,3.1595660087141226,0.04977331378951315,7.373543461432747,0.5575221238938053,1.990069252704292,1149
0.015,0.03,0.05,bitcoin,2.0842124679828844,2.099171719877682,0.06706793473437488,4.198202392714568,0.5128660159716061,1.721528066178328,1149
0.015,0.03,0.05,ethereum,1.7120260324547305,1.977001645577654,0.12669712855594148,2.1335144778963167,0.5373001776198935,1.5054338143015487,1149
0.015,0.03,0.05,binancecoin,1.8366744179851064,2.171261537540961,0.09844058688571306,2.9260722945625286,0.5138269402319358,1.5722033152049595,1149
0.015,0.03,0.05,solana,2.3260137670101333,7.971800898533992,0.12081772086003335,5.115394595152412,0.5217391304347826,1.686209983651943,1149
0.015,0.03,0.08,portfolio,3.006515412066827,3.181904390042704,0.049773313789513086,7.405824649089615,0.5575221238938053,1.9954192794785257,1149
0.015,0.03,0.08,bitcoin,2.0932718297889106,2.109505651286439,0.06706793473437478,4.212158412065062,0.5119787045252884,1.724571951047253,1149
0.015,0.03,0.08,ethereum,1.7069947776900753,1.9699023824313349,0.1267074805758422,2.1280917701124165,0.5364120781527532,1.5037415331691995,1149
0.015,0.03,0.08,binancecoin,1.853355288002753,2.2045971436599556,0.0971622296785477,2.995008401042686,0.5138269402319358,1.5788285991367494,1149
0.015,0.03,0.08,solana,2.336198992714138,8.062717528324386,0.12064235735836425,5.152520913637896,0.5226264418811003,1.690400498924024,1149
0.015,0.03,0.12,portfolio,3.01073359253644,3.1958974457761373,0.049795798352423065,7.422624405301189,0.5575221238938053,1.9982714559093175,1149
0.015,0.03,0.12,bitcoin,2.0934376778826564,2.116292910699064,0.06706793473437485,4.221304947210536,0.5119787045252884,1.7256709023747876,1149
0.015,0.03,0.12,ethereum,1.7145126022161141,1.985679232405202,0.12670748057584158,2.1397421501009,0.5373001776198935,1.5066384569163245,1149
0.015,0.03,0.12,binancecoin,1.850195372604882,2.1995292717575583,0.0984405868857129,2.951563496461997,0.5138269402319358,1.5777557231566701,1149
0.015,0.03,0.12,solana,2.341185201278682,8.128629156339894,0.12064235735836401,5.17390063122432,0.5226264418811003,1.692820861221754,1149
0.02,0.03,0.0,portfolio,3.030778295716961,3.232317717949149,0.0494197104878413,7.5316924091957365,0.5575221238938053,2.00741232433595,1149
0.02,0.03,0.0,bitcoin,2.1048188629355757,2.1347301716446645,0.06693922438631913,4.254237127184347,0.5124113475177305,1.7308332611459534,1149
0.02,0.03,0.0,ethereum,1.7286096783977825,2.0121015377922276,0.12270815335885922,2.2295177522777885,0.5381882770870338,1.5116527310451688,1149
0.02,0.03,0.0,binancecoin,1.8633101366662312,2.2274158466306586,0.09652057287600996,3.035749420425564,0.5129118432769367,1.5824119256396503,1149
0.02,0.03,0.0,solana,2.352599144291735,8.230798095167373,0.12080507516062508,5.199790871484966,0.5226264418811003,1.6971753477585245,1149
0.02,0.03,0.01,portfolio,2.917785114015398,3.0002478104913797,0.0497214054683337,7.146754125346098,0.5548672566371682,1.9522920640508543,1149
0.02,0.03,0.01,bitcoin,2.0376717619903273,2.011098648825049,0.06693906645706328,4.085611095890462,0.5106382978723404,1.6982268175210085,1149
0.02,0.03,0.01,ethereum,1.666300631049135,1.8863931546865529,0.12817518778582954,2.041954205485355,0.5364120781527532,1.4888781710753407,1149
0.02,0.03,0.01,binancecoin,1.7720083816175862,2.033513421451005,0.09975227286542146,2.7624445340138184,0.5120213713268033,1.5452390080216234,1149
0.02,0.03,0.01,solana,2.2760537320016248,7.520181960357151,0.12452705874397693,4.816665923542719,0.5226264418811003,1.6668282151609957,1149
0.02,0.03,0.02,portfolio,2.955917788507981,3.0801976651256933,0.049721405468333646,7.265319218140065,0.5548672566371682,1.969972337716248,1149
0.02,0.03,0.02,bitcoin,2.0710274155280133,2.0650599002838423,0.06693922438631912,4.1598580247187655,0.5106382978723404,1.7125066029059042,1149
0.02,0.03,0.02,ethereum,1.6887090729033845,1.932794277466651,0.12547758964473846,2.1210860889013374,0.5364120781527532,1.4966954484392314,1149
0.02,0.03,0.02,binancecoin,1.8030880170965886,2.101658898789311,0.09910103714507774,2.843464328385807,0.5120213713268033,1.5572169314601294,1149
0.02,0.03,0.02,solana,2.2982032229823726,7.719256161128834,0.12143399762526723,5.006255361005683,0.5226264418811003,1.6750208769436459,1149
0.02,0.03,0.03,portfolio,2.983128811101356,3.1324469502840273,0.04972140546833367,7.341828078248007,0.5548672566371682,1.9832559366458113,1149
0.02,0.03,0.03,bitcoin,2.0843093603814777,2.090891916252446,0.0669392243863192,4.195044971193337,0.5124113475177305,1.7185820559203486,1149
0.02,0.03,0.03,ethereum,1.7036967606389444,1.9614119941939787,0.12460710072099536,2.157567191198558,0.5355239786856127,1.5026686696419471,1149
0.02,0.03,0.03,binancecoin,1.8296011018717224,2.1583002918894914,0.09910116577233771,2.894898763913951,0.5120213713268033,1.5688754224468855,1149
0.02,0.03,0.03,solana,2.311889435933234,7.846065537589075,0.12031802169991788,5.095076942334471,0.520851818988465,1.680547555320198,1149
0.02,0.03,0.05,portfolio,3.004567510325035,3.17741797857171,0.04972140546833381,7.407076959860065,0.5575221238938053,1.994091668336825,1149
0.02,0.03,0.05,bitcoin,2.090128923462488,2.109837494857584,0.06693922438631883,4.220705941902969,0.5132978723404256,1.7236568675539434,1149
0.02,0.03,0.05,ethereum,1.7193614086883329,1.991967167540675,0.12472449393233309,2.1784653022401783,0.5364120781527532,1.508366897441054,1149
0.02,0.03,0.05,binancecoin,1.8436421261531195,2.1863142825346364,0.09779983862579956,2.958928114158115,0.5129118432769367,1.5744705763903957,1149
0.02,0.03,0.05,solana,2.329737880820293,8.006729231511748,0.12080507516062552,5.127348888296116,0.5226264418811003,1.6876224445460977,1149
0.02,0.03,0.08,portfolio,3.015641037844821,3.200993139743866,0.04972140546833377,7.441063546121223,0.5575221238938053,2.0000504466002718,1149
0.02,0.03,0.08,bitcoin,2.1012134517157124,2.1233309494031825,0.06693922438631934,4.238907929194553,0.5124113475177305,1.7280296292222876,1149
0.02,0.03,0.08,ethereum,1.7168959444560619,1.9909207658078758,0.12407943144216686,2.1890044133735036,0.5364120781527532,1.5077382305453821,1149
0.02,0.03,0.08,binancecoin,1.859274624435418,2.217425594920243,0.09652057287600939,3.0266437869438643,0.5129118432769367,1.580745961324242,1149
0.02,0.03,0.08,solana,2.339089393973597,8.087359035556974,0.12080507516062466,5.153577081610955,0.5226264418811003,1.6915456646302829,1149
0.02,0.03,0.12,portfolio,3.0189192968360286,3.212691684478912,0.04974389003124367,7.454502228850653,0.5575221238938053,2.0021071787400357,1149
0.02,0.03,0.12,bitcoin,2.099957601434032,2.127868661072244,0.06693922438631898,4.245015278648989,0.5124113475177305,1.728349993014674,1149
0.02,0.03,0.12,ethereum,1.7240126632530586,2.004857076048281,0.12407943144216659,2.199458576220039,0.5373001776198935,1.510439794742373,1149
0.02,0.03,0.12,binancecoin,1.8571613112089884,2.214716192690274,0.09779983862579948,2.984612986627756,0.5129118432769367,1.5800281786547787,1149
0.02,0.03,0.12,solana,2.3418049340582066,8.13836298824586,0.12080507516062468,5.170074568405555,0.5226264418811003,1.693048484307933,1149
0.03,0.03,0.0,portfolio,3.035502089560311,3.2429180866684995,0.049419710487841384,7.546930154925859,0.5566371681415929,2.009535423484254,1149
0.03,0.03,0.0,bitcoin,2.110981416301913,2.14668806376223,0.06667180436546256,4.287398921991803,0.5124113475177305,1.7339587598592638,1149
0.03,0.03,0.0,ethereum,1.731828634602182,2.0184081736374644,0.12207306363284354,2.245903869292167,0.5377107364685004,1.5128571821903973,1149
0.03,0.03,0.0,binancecoin,1.8635693184421482,2.228061886768017,0.09652057287600897,3.0363374970422106,0.5129118432769367,1.5824739828172003,1149
0.03,0.03,0.0,solana,2.3562212737230888,8.266740351710439,0.12038007883833475,5.229681175290587,0.5230496453900709,1.698388353554864,1149
0.03,0.03,0.01,portfolio,2.93447010697519,3.0332477938175346,0.04972140546833368,7.195915094134992,0.5539823008849557,1.9596194666459896,1149
0.03,0.03,0.01,bitcoin,2.0484293846288595,2.029432304978026,0.06727352208701744,4.090518007845897,0.5106382978723404,1.702385698011566,1149
0.03,0.03,0.01,ethereum,1.672075756828364,1.8971575237704563,0.12689915564798473,2.0706076606795434,0.5359361135758651,1.4909337866343775,1149
0.03,0.03,0.01,binancecoin,1.7737564364848828,2.039352147156173,0.09975227286542118,2.767838457246652,0.5120213713268033,1.5457430778112728,1149
0.03,0.03,0.01,solana,2.2960136335158987,7.700739522389547,0.12169101592825944,4.989522556891686,0.5221631205673759,1.6744613029277378,1149
0.03,0.03,0.02,portfolio,2.9691719114129502,3.1056290244745686,0.049721405468333646,7.302653413325572,0.5530973451327433,1.975785888680655,1149
0.03,0.03,0.02,bitcoin,2.077735555940976,2.077767936672709,0.06667180436546274,4.1939517223665,0.5106382978723404,1.7159483640615314,1149
0.03,0.03,0.02,ethereum,1.6948914523263707,1.9443616570732614,0.12484450477097336,2.140601635827565,0.5368234250221828,1.4990404239025545,1149
0.03,0.03,0.02,binancecoin,1.8038443092053915,2.1055514926357564,0.09909217139932708,2.8472774254453515,0.5120213713268033,1.5574965825587954,1149
0.03,0.03,0.02,solana,2.3134873552533253,7.854480689289089,0.12037700939341898,5.0953748952382485,0.5230496453900709,1.6808250065333408,1149
0.03,0.03,0.03,portfolio,2.9949593273456507,3.1560941077325175,0.049721405468333764,7.376206679793152,0.5539823008849557,1.988670063914719,1149
0.03,0.03,0.03,bitcoin,2.090721481271445,2.1028851953493586,0.06667180436546355,4.2281950649412385,0.5124113475177305,1.7220376492879623,1149
0.03,0.03,0.03,ethereum,1.7092106299864716,1.9731857544342208,0.12397338568227696,2.177506595709828,0.5368234250221828,1.5045285460574778,1149
0.03,0.03,0.03,binancecoin,1.8308825242853304,2.162733870372778,0.09910116577233738,2.898894580884208,0.5120213713268033,1.5692455821597062,1149
0.03,0.03,0.03,solana,2.324675827829846,7.965459509663797,0.11989278993958956,5.152765414236095,0.5221631205673759,1.6857113626147273,1149
0.03,0.03,0.05,portfolio,3.0124724347956264,3.1938408618149454,0.04972140546833373,7.4307683978066565,0.5566371681415929,1.9973328394448784,1149
0.03,0.03,0.05,bitcoin,2.1007111659296007,2.125987714248178,0.0666718043654632,4.259501102401924,0.5132978723404256,1.7278764130011237,1149
0.03,0.03,0.05,ethereum,1.7232998941564448,1.9994855753774274,0.12409086387699397,2.1952314345139383,0.5350488021295474,1.5099076170838557,1149
0.03,0.03,0.05,binancecoin,1.8443455464778598,2.1903243104658094,0.09779983862579955,2.962565335727448,0.5129118432769367,1.574549271802738,1149
0.03,0.03,0.05,solana,2.3355055176665687,8.066798930715382,0.12038007883833517,5.165077280443451,0.5221631205673759,1.6896573484932331,1149
0.03,0.03,0.08,portfolio,3.021428749077543,3.2144691502235068,0.049721405468333715,7.460424094384585,0.5566371681415929,2.00284957671247,1149
0.03,0.03,0.08,bitcoin,2.1047914337799476,2.137098385808926,0.06667180436546309,4.274492800994075,0.5124113475177305,1.7312907626608476,1149
0.03,0.03,0.08,ethereum,1.7217439932370087,2.000221564027783,0.12344533441273994,2.2072655458430663,0.5368234250221828,1.5095108169381948,1149
0.03,0.03,0.08,binancecoin,1.8569792695831817,2.214144428293639,0.0965205728760087,3.023648346457679,0.5129118432769367,1.5797169348684157,1149
0.03,0.03,0.08,solana,2.3435538296340357,8.142530477974065,0.12038007883833539,5.189676842490664,0.5230496453900709,1.6933194227463353,1149
0.03,0.03,0.12,portfolio,3.025858032422488,3.2261958041570127,0.049743890031243694,7.473852354582049,0.5566371681415929,2.005271707901771,1149
0.03,0.03,0.12,bitcoin,2.107255582809783,2.141624000306518,0.06667180436546348,4.280587361999539,0.5124113475177305,1.7320892820334695,1149
0.03,0.03,0.12,ethereum,1.727229259226086,2.0111485436856893,0.12344533441273801,2.215487706116444,0.5368234250221828,1.511643187466004,1149
0.03,0.03,0.12,binancecoin,1.8548683440539664,2.2114377891423715,0.09779983862579956,2.981657274020107,0.5129118432769367,1.5790004367974406,1149
0.03,0.03,0.12,solana,2.34949885691043,8.205301883093412,0.12038007883833576,5.209946329916969,0.5230496453900709,1.6958388587113236,1149
0.05,0.03,0.0,portfolio,3.038629906593375,3.2491859314772604,0.049419710487841356,7.555926037025772,0.5566371681415929,2.0109920357392883,1149
0.05,0.03,0.0,bitcoin,2.1137891782461944,2.152188841173008,0.06667180436546324,4.29478820648393,0.5124113475177305,1.7350523964475093,1149
0.05,0.03,0.0,ethereum,1.7333951828880394,2.021664161444403,0.12158898279714259,2.257323646036424,0.5377107364685004,1.513338476353564,1149
0.05,0.03,0.0,binancecoin,1.8644632160371954,2.230350072390307,0.09652057287600897,3.0384196450730063,0.5124555160142349,1.5828080709956562,1149
0.05,0.03,0.0,solana,2.3584734012340585,8.288361116008755,0.11953488265830636,5.273628231331375,0.5221631205673759,1.699371363331488,1149
0.05,0.03,0.01,portfolio,2.947690347252515,3.0605020210400777,0.049721405468333646,7.236280242826376,0.5539823008849557,1.9656343353272063,1149
0.05,0.03,0.01,bitcoin,2.0560405651573133,2.0433679096852946,0.06727352208701662,4.109607537440026,0.5106382978723404,1.705830965038693,1149
0.05,0.03,0.01,ethereum,1.678996324900301,1.9102985862686004,0.12707142405119554,2.077668906582717,0.5359361135758651,1.4933697905792098,1149
0.05,0.03,0.01,binancecoin,1.784236029379879,2.0636104320372803,0.09910650978450969,2.8083427412227415,0.5115658362989324,1.5501627722714315,1149
0.05,0.03,0.01,solana,2.3055582727425756,7.786241028628151,0.12113417799336255,5.040945071424901,0.5212765957446809,1.6783779971689523,1149
0.05,0.03,0.02,portfolio,2.9786057267887642,3.125702041018453,0.049721405468333715,7.331994080555359,0.5530973451327433,1.9800879357038204,1149
0.05,0.03,0.02,bitcoin,2.08303273245258,2.088534352280341,0.06667180436546333,4.2086566143867365,0.5106382978723404,1.7182690107899727,1149
0.05,0.03,0.02,ethereum,1.6996068588695916,1.953755826759107,0.124361952082417,2.1560292927193903,0.5368234250221828,1.5006476449674648,1149
0.05,0.03,0.02,binancecoin,1.8122781070800156,2.125389959629487,0.09780249113848646,2.9031445713054147,0.5115658362989324,1.5612193059541128,1149
0.05,0.03,0.02,solana,2.3196127695994795,7.911051543037905,0.11973564519772956,5.141502136794151,0.5221631205673759,1.683552193703158,1149
0.05,0.03,0.03,portfolio,3.0014197877262707,3.170937655923316,0.04972140546833374,7.397708521733037,0.5539823008849557,1.9916823717940202,1149
0.05,0.03,0.03,bitcoin,2.095157555587971,2.111196158655149,0.06667180436546308,4.239478075781966,0.5124113475177305,1.7237027652910248,1149
0.05,0.03,0.03,ethereum,1.7097523124049971,1.9741846313298095,0.12414623135868876,2.1752285542956273,0.5359361135758651,1.5046789138506773,1149
0.05,0.03,0.03,binancecoin,1.8380720775402972,2.1803769576626837,0.09845493564117934,2.9338840392813643,0.5124555160142349,1.5722532226927275,1149
0.05,0.03,0.03,solana,2.3297232867130617,8.015857847942703,0.11907279644057105,5.2049638651805425,0.5212765957446809,1.6878210706235863,1149
0.05,0.03,0.05,portfolio,3.018311598972942,3.2066844084335564,0.04972140546833366,7.4492459133759095,0.5566371681415929,2.0001287534708183,1149
0.05,0.03,0.05,bitcoin,2.1045792954603546,2.133262811030848,0.06667180436546284,4.269322127585532,0.5132978723404256,1.7295867526510418,1149
0.05,0.03,0.05,ethereum,1.7254232125217963,2.004022002493095,0.12360789563778174,2.2072212676892122,0.5359361135758651,1.5105680096380896,1149
0.05,0.03,0.05,binancecoin,1.8497448656221034,2.204022753630042,0.09716222967854814,2.994486036499083,0.5124555160142349,1.5770106377184088,1149
0.05,0.03,0.05,solana,2.339407853764712,8.10354996153639,0.11953488265830765,5.213640214997253,0.5221631205673759,1.691300557135359,1149
0.05,0.03,0.08,portfolio,3.0251025569007095,3.223464393032706,0.04972140546833372,7.473320388738383,0.5566371681415929,2.004586872287771,1149
0.05,0.03,0.08,bitcoin,2.1075991343331797,2.1425823993451756,0.06667180436546306,4.281877140666267,0.5124113475177305,1.7323832270563573,1149
0.05,0.03,0.08,ethereum,1.7238650834517562,2.0047591042539326,0.1229620102345208,2.2193721996634785,0.5377107364685004,1.5101705015082039,1149
0.05,0.03,0.08,binancecoin,1.8569341498223166,2.216280555650082,0.09716222967854814,3.0056177552387773,0.5124555160142349,1.5800506720946967,1149
0.05,0.03,0.08,solana,2.347376465496441,8.183817603943451,0.11953488265830793,5.239810069331875,0.5221631205673759,1.6948522239552346,1149
0.05,0.03,0.12,portfolio,3.0295071865307883,3.2332032546678455,0.04974389003124364,7.483874351888126,0.5566371681415929,2.0070665696970633,1149
0.05,0.03,0.12,bitcoin,2.1100628148844933,2.1471159251442637,0.06667180436546329,4.287974036727098,0.5124113475177305,1.733181597154044,1149
0.05,0.03,0.12,ethereum,1.7287949804006832,2.0143967004554506,0.1229620102345205,2.2266452961289627,0.5368234250221828,1.5121243197025533,1149
0.05,0.03,0.12,binancecoin,1.857015186769865,2.2160290648245957,0.09714997385943433,3.005768841833313,0.5124555160142349,1.5798712173683085,1149
0.05,0.03,0.12,solana,2.3519360313456827,8.226936469785214,0.1195348826583082,5.253794566632304,0.5221631205673759,1.696937759294222,1149
0.07,0.03,0.0,portfolio,3.038629906593375,3.2491859314772604,0.049419710487841356,7.555926037025772,0.5566371681415929,2.0109920357392883,1149
0.07,0.03,0.0,bitcoin,2.1137891782461944,2.152188841173008,0.06667180436546324,4.29478820648393,0.5124113475177305,1.7350523964475093,1149
0.07,0.03,0.0,ethereum,1.7333951828880394,2.021664161444403,0.12158898279714259,2.257323646036424,0.5377107364685004,1.513338476353564,1149
0.07,0.03,0.0,binancecoin,1.8644632160371954,2.230350072390307,0.09652057287600897,3.0384196450730063,0.5124555160142349,1.5828080709956562,1149
0.07,0.03,0.0,solana,2.3584734012340585,8.288361116008755,0.11953488265830636,5.273628231331375,0.5221631205673759,1.699371363331488,1149
0.07,0.03,0.01,portfolio,2.9509192999260936,3.0669278023658553,0.04972140546833367,7.245766385038709,0.5539823008849557,1.967076288999369,1149
0.07,0.03,0.01,bitcoin,2.0560405651573133,2.0433679096852946,0.06727352208701662,4.109607537440026,0.5106382978723404,1.705830965038693,1149
0.07,0.03,0.01,ethereum,1.6815781685268687,1.915403401193887,0.12707142405119676,2.081493006586857,0.5359361135758651,1.4943381369758058,1149
0.07,0.03,0.01,binancecoin,1.7876891684700809,2.0701920063337367,0.09717111441666651,2.870470837026458,0.5115658362989324,1.551356754416458,1149
0.07,0.03,0.01,solana,2.3079009117541305,7.807578389231981,0.12113417799336461,5.048020228661412,0.5212765957446809,1.679240316201369,1149
0.07,0.03,0.02,portfolio,2.9807648075731192,3.1300297537835977,0.04972140546833382,7.33830527605845,0.5530973451327433,1.9810960442223575,1149
0.07,0.03,0.02,bitcoin,2.08303273245258,2.088534352280341,0.06667180436546333,4.2086566143867365,0.5106382978723404,1.7182690107899727,1149
0.07,0.03,0.02,ethereum,1.7014640533377723,1.9576278679615151,0.12436195208241518,2.158959506776184,0.5368234250221828,1.501328206559938,1149
0.07,0.03,0.02,binancecoin,1.8152582349294968,2.1320256456963533,0.09717111441666687,2.9281556124709565,0.5115658362989324,1.562230734104527,1149
0.07,0.03,0.02,solana,2.320457456544789,7.917747736065165,0.11973564519772913,5.143725284011647,0.5221631205673759,1.6836581538637803,1149
0.07,0.03,0.03,portfolio,3.0031455674552903,3.1739774159881575,0.049721405468333806,7.402104439692359,0.5539823008849557,1.9923802274818825,1149
0.07,0.03,0.03,bitcoin,2.095157555587971,2.111196158655149,0.06667180436546308,4.239478075781966,0.5124113475177305,1.7237027652910248,1149
0.07,0.03,0.03,ethereum,1.7109505766922515,1.9767766351939406,0.12414623135869003,2.1771832834967637,0.5359361135758651,1.5050684102530087,1149
0.07,0.03,0.03,binancecoin,1.8402190399693859,2.18490588871851,0.0971711144166668,2.976786627754027,0.5124555160142349,1.5729307659629184,1149
0.07,0.03,0.03,solana,2.330791842820296,8.021628544088014,0.11907279644057152,5.20687298804161,0.5212765957446809,1.6881075286168639,1149
0.07,0.03,0.05,portfolio,3.021005586830514,3.211960334955715,0.04972140546833379,7.456823425507771,0.5566371681415929,2.001437981320258,1149
0.07,0.03,0.05,bitcoin,2.1045792954603546,2.133262811030848,0.06667180436546284,4.269322127585532,0.5132978723404256,1.7295867526510418,1149
0.07,0.03,0.05,ethereum,1.7261248881779303,2.0053480215736985,0.12360789563778524,2.2082179954206627,0.5359361135758651,1.5108631022650665,1149
0.07,0.03,0.05,binancecoin,1.8508078733010596,2.2062998880864537,0.09652057287600958,3.01647722572908,0.5124555160142349,1.5773501400651777,1149
0.07,0.03,0.05,solana,2.343333756719536,8.138721796595721,0.1195348826583086,5.2251294566005715,0.5221631205673759,1.692908928392344,1149
0.07,0.03,0.08,portfolio,3.0263358152399302,3.225839979906211,0.04972140546833367,7.4767226391344055,0.5566371681415929,2.005241449733718,1149
0.07,0.03,0.08,bitcoin,2.1075991343331797,2.1425823993451756,0.06667180436546306,4.281877140666267,0.5124113475177305,1.7323832270563573,1149
0.07,0.03,0.08,ethereum,1.72456582066013,2.0060854487019992,0.12296201023452186,2.220374216845527,0.5377107364685004,1.5104651945603709,1149
0.07,0.03,0.08,binancecoin,1.8579979242099025,2.2185664018621396,0.09652057287600958,3.027684692950778,0.5124555160142349,1.5803909102328995,1149
0.07,0.03,0.08,solana,2.3491324381067398,8.194409463771414,0.11953488265830775,5.2432500085563,0.5221631205673759,1.6955323112208787,1149
0.07,0.03,0.12,portfolio,3.0307830517555314,3.2361206959222635,0.04974389003124374,7.488043033803433,0.5566371681415929,2.0076104240527592,1149
0.07,0.03,0.12,bitcoin,2.1100628148844933,2.1471159251442637,0.06667180436546329,4.287974036727098,0.5124113475177305,1.733181597154044,1149
0.07,0.03,0.12,ethereum,1.7287949804006832,2.0143967004554506,0.1229620102345205,2.2266452961289627,0.5368234250221828,1.5121243197025533,1149
0.07,0.03,0.12,binancecoin,1.8565462544685853,2.215953760350392,0.09717111441666683,3.0050466232291435,0.5124555160142349,1.5796740365712254,1149
0.07,0.03,0.12,solana,2.354682822949483,8.252442575124412,0.1195348826583094,5.262042818246186,0.5221631205673759,1.697998916334769,1149
0.1,0.03,0.0,portfolio,3.038629906593375,3.2491859314772604,0.049419710487841356,7.555926037025772,0.5566371681415929,2.0109920357392883,1149
0.1,0.03,0.0,bitcoin,2.1137891782461944,2.152188841173008,0.06667180436546324,4.29478820648393,0.5124113475177305,1.7350523964475093,1149
0.1,0.03,0.0,ethereum,1.7333951828880394,2.021664161444403,0.12158898279714259,2.257323646036424,0.5377107364685004,1.513338476353564,1149
0.1,0.03,0.0,binancecoin,1.8644632160371954,2.230350072390307,0.09652057287600897,3.0384196450730063,0.5124555160142349,1.5828080709956562,1149
0.1,0.03,0.0,solana,2.3584734012340585,8.288361116008755,0.11953488265830636,5.273628231331375,0.5221631205673759,1.699371363331488,1149
0.1,0.03,0.01,portfolio,2.9544584826855727,3.07438734566317,0.04972140546833377,7.256763966880495,0.5539823008849557,1.968862689911236,1149
0.1,0.03,0.01,bitcoin,2.0560405651573133,2.0433679096852946,0.06727352208701662,4.109607537440026,0.5106382978723404,1.705830965038693,1149
0.1,0.03,0.01,ethereum,1.687158894202272,1.9263040680242778,0.12380755203635108,2.144729501477074,0.5359361135758651,1.4963176230482174,1149
0.1,0.03,0.01,binancecoin,1.790021110678328,2.074590165107,0.09652057287600883,2.8939783234440197,0.5115658362989324,1.5522151092204888,1149
0.1,0.03,0.01,solana,2.3097447731908187,7.8265986011631075,0.12113417799336186,5.054315781791101,0.5212765957446809,1.6800037928381697,1149
0.1,0.03,0.02,portfolio,2.9832149701885764,3.1353316384065284,0.04972140546833377,7.346030094054279,0.5530973451327433,1.9823059113012511,1149
0.1,0.03,0.02,bitcoin,2.08303273245258,2.088534352280341,0.06667180436546333,4.2086566143867365,0.5106382978723404,1.7182690107899727,1149
0.1,0.03,0.02,ethereum,1.7047539152491253,1.9642484721815903,0.12240184986059445,2.19861577380292,0.5368234250221828,1.5024864932346473,1149
0.1,0.03,0.02,binancecoin,1.8165104905756724,2.134282455177601,0.09652057287600958,2.9499937479024543,0.5115658362989324,1.5627576064496744,1149
0.1,0.03,0.02,solana,2.322267994046328,7.937002775572781,0.1197356451977294,5.150110735766356,0.5221631205673759,1.6844245790250927,1149
0.1,0.03,0.03,portfolio,3.005713664226233,3.1793440162850812,0.04972140546833384,7.409859196504768,0.5539823008849557,1.9936920614985616,1149
0.1,0.03,0.03,bitcoin,2.095157555587971,2.111196158655149,0.06667180436546308,4.239478075781966,0.5124113475177305,1.7237027652910248,1149
0.1,0.03,0.03,ethereum,1.714426447528005,1.983471590388517,0.12217638193541552,2.2174100877558867,0.5359361135758651,1.5062299508795216,1149
0.1,0.03,0.03,binancecoin,1.8414732160674145,2.1872008015384,0.09652057287600935,2.9989602676105678,0.5124555160142349,1.5734638108708894,1149
0.1,0.03,0.03,solana,2.332879913490238,8.041333131271683,0.11907279644057114,5.213384691410611,0.5212765957446809,1.6889886471795659,1149
0.1,0.03,0.05,portfolio,3.022246620467151,3.2152396976833852,0.04972140546833379,7.461529653484412,0.5566371681415929,2.001975333432789,1149
0.1,0.03,0.05,bitcoin,2.1045792954603546,2.133262811030848,0.06667180436546284,4.269322127585532,0.5132978723404256,1.7295867526510418,1149
0.1,0.03,0.05,ethereum,1.728157956216281,2.009804167826367,0.12230843502168111,2.2350617057863125,0.5359361135758651,1.5115277149490893,1149
0.1,0.03,0.05,binancecoin,1.8508078733010596,2.2062998880864537,0.09652057287600958,3.01647722572908,0.5124555160142349,1.5773501400651777,1149
0.1,0.03,0.05,solana,2.344604841779528,8.15344201136943,0.11953488265830746,5.229927720847403,0.5221631205673759,1.693401107266729,1149
0.1,0.03,0.08,portfolio,3.0271670420880166,3.2277797006233087,0.04972140546833367,7.479499546818646,0.5566371681415929,2.005652155705674,1149
0.1,0.03,0.08,bitcoin,2.1075991343331797,2.1425823993451756,0.06667180436546306,4.281877140666267,0.5124113475177305,1.7323832270563573,1149
0.1,0.03,0.08,ethereum,1.72565555865344,2.0083256058672267,0.12230843502168286,2.2339397848766493,0.5377107364685004,1.5107971382892225,1149
0.1,0.03,0.08,binancecoin,1.8579979242099025,2.2185664018621396,0.09652057287600958,3.027684692950778,0.5124555160142349,1.5803909102328995,1149
0.1,0.03,0.08,solana,2.350255904351466,8.204512209466762,0.11953488265830771,5.246528215760598,0.5221631205673759,1.6959751173777544,1149
0.1,0.03,0.12,portfolio,3.031933123007239,3.2388156545907822,0.04974389003124367,7.491891823170237,0.5566371681415929,2.0081719468934227,1149
0.1,0.03,0.12,bitcoin,2.1100628148844933,2.1471159251442637,0.06667180436546329,4.287974036727098,0.5124113475177305,1.733181597154044,1149
0.1,0.03,0.12,ethereum,1.7298847297035642,2.0166430512271147,0.12230843502168003,2.2402454048233116,0.5368234250221828,1.5124565455935826,1149
0.1,0.03,0.12,binancecoin,1.8578032692737363,2.2182710449957455,0.09652057287600967,3.0274152282427575,0.5124555160142349,1.5802113754306775,1149
0.1,0.03,0.12,solana,2.3555924158869734,8.262426663807107,0.11953488265830785,5.265266673234691,0.5221631205673759,1.6983276758331216,1149
