engine,sl,ee,tp,is_sr,oos_sr,is_dd,oos_dd,is_calmar,oos_calmar,is_ret,oos_ret
close_only,0.0,1.0,0.0,3.2577642558070434,2.9165294826631825,0.0351254219176029,0.0473177236370025,10.13725266061862,6.005410972353177,3.010062371818038,0.5911925954039263
close_only,0.0,1.0,0.01,3.030630233133917,2.808874324114045,0.037304586014443,0.0483478431338594,8.731615587957814,4.681094246480216,2.6168944313285447,0.4606644789948526
close_only,0.0,1.0,0.02,3.113451110777389,2.7629071730396992,0.0368552789596101,0.0478364728514702,9.133891506065806,5.566158461503672,2.754518310724672,0.5502547879850941
close_only,0.0,1.0,0.03,3.166690555894876,2.805146028081883,0.0362855959590753,0.0478876328357454,9.461748631669655,5.6498972319569845,2.8410064988367747,0.5600338895103527
close_only,0.0,1.0,0.05,3.2038803574204224,2.8511907816595405,0.0355911836739796,0.0476533820797773,9.793442555967006,5.800776553323493,2.9097313624063763,0.5734373021577213
close_only,0.0,1.0,0.08,3.23517219657191,2.884896899756925,0.0354629164237273,0.0473177236370019,9.939292337552416,5.92546349626881,2.961765935040787,0.5824984279657492
close_only,0.0,1.0,0.12,3.2368094221621395,2.903221258955232,0.0355911836739794,0.0473177236370019,9.922864494949025,5.972026090584859,2.970992660909717,0.5875593664137082
close_only,0.005,1.0,0.0,3.3619693336268157,2.9825084975761977,0.0350668373919392,0.0460268191908514,11.48145698904742,6.337281370975239,3.677074341921713,0.6085466326460629
close_only,0.005,1.0,0.01,3.1449567146124204,2.7787192576541524,0.0372162039264801,0.0467287851117737,9.145608715575625,5.737669843544396,2.802563011966793,0.5544612910234028
close_only,0.005,1.0,0.02,3.23701920653676,2.8587383040795618,0.0365981611038637,0.0463682496179309,10.49474601725436,5.976729682465294,3.401896698643529,0.575049043831092
close_only,0.005,1.0,0.03,3.282755100755805,2.8976784609116204,0.0360283260226823,0.0463682496179304,10.840868854981482,6.065585460898614,3.4967954835682877,0.5844985789303985
close_only,0.005,1.0,0.05,3.316450048264552,2.931678252529136,0.0355326274280862,0.0462509352521425,11.141919116304887,6.176186268947965,3.5758209123135343,0.5946276793432586
close_only,0.005,1.0,0.08,3.340010479195517,2.9564800880574027,0.0354043455307875,0.0460268191908516,11.276068318571642,6.269566797067788,3.625655485107589,0.6013460753253479
close_only,0.005,1.0,0.12,3.3414067016150417,2.971627105269417,0.0355326274280863,0.0460268191908516,11.25296059055395,6.30974109844276,3.635090343058227,0.6056162868032902
close_only,0.01,1.0,0.0,3.384675396000984,3.010847832353981,0.0350366189585032,0.0453833914340421,11.590909465846448,6.4969945457912575,3.730339018329162,0.6158873752304486
close_only,0.01,1.0,0.01,3.111115408375359,2.8343052609708046,0.0367263372815525,0.0463859064432011,9.462614299503263,5.913372146875493,2.896094180032603,0.5685657795174699
close_only,0.01,1.0,0.02,3.2801399167977854,2.908287336453627,0.0363926294805211,0.0456130501366452,10.73519626716643,6.195938367297704,3.4983241305056296,0.5876351504736073
close_only,0.01,1.0,0.03,3.3150064964469794,2.933550382782437,0.035822672831034,0.045613050136646,11.044615303779551,6.256102069653361,3.5720254794308834,0.5939493915658822
close_only,0.01,1.0,0.05,3.345273751688056,2.965168302961392,0.0355024235816144,0.0454956428673362,11.277317045211658,6.35996800746849,3.643019114041977,0.6031527697416457
close_only,0.01,1.0,0.08,3.364921130877077,2.987739729726203,0.0353741341292347,0.045383391434042,11.391127859506115,6.433483538716913,3.682137842481983,0.6092136790240363
close_only,0.01,1.0,0.12,3.368439056615422,2.999124571263448,0.0355024235816142,0.045383391434042,11.379132164062884,6.467803065099455,3.697915244850458,0.6128183699631768
close_only,0.015,1.0,0.0,3.398487433805427,3.0239716965337227,0.0350366189585031,0.0452291299908949,11.647870951675708,6.553007118705206,3.76102882217318,0.6194377715400001
close_only,0.015,1.0,0.01,3.266541607981474,2.874495339918244,0.0363272088618706,0.0456230476937836,10.694388853410691,6.111613726907667,3.4661931216514974,0.5789447672402825
close_only,0.015,1.0,0.02,3.3078326125685757,2.933861737613,0.0362156963005698,0.0454588193129904,10.90270152315099,6.283178310685022,3.560107546552594,0.5945619768265269
close_only,0.015,1.0,0.03,3.340420837600809,2.957677766231471,0.0356456349982482,0.0454588193129911,11.206643695625727,6.342297673622494,3.629366344551704,0.6007579407475978
close_only,0.015,1.0,0.05,3.3641235392875584,2.982659887779627,0.0353252725162284,0.045341393070434,11.4103640083677,6.426952101400093,3.6840087763184712,0.6079038900904352
close_only,0.015,1.0,0.08,3.3805391185119182,3.001734884692892,0.0353741341292348,0.0452291299908941,11.461035403697288,6.492917781012983,3.7198857858828687,0.6131383567120237
close_only,0.015,1.0,0.12,3.3839000339611403,3.0127367718964777,0.0353252725162282,0.0452291299908941,11.500640725968973,6.525207611658051,3.7327475384922257,0.6165220252309382
close_only,0.02,1.0,0.0,3.4056436394108323,3.0345299371833816,0.0350366189585032,0.0449448186793034,11.676556505175144,6.620074455962156,3.7765428040913696,0.6221095737501672
close_only,0.02,1.0,0.01,3.285317642545189,2.904918011291134,0.0357056305574728,0.0451781008052627,10.958220574210868,6.247735239147294,3.5070049605725666,0.5868195557992102
close_only,0.02,1.0,0.02,3.3233963151490475,2.9533511323876427,0.0355501179497945,0.0451745699244727,11.170962786045145,6.371719158870591,3.594194488677936,0.599665050815704
close_only,0.02,1.0,0.03,3.350358810056363,2.9757361077152336,0.0355501179497945,0.0451749074626356,11.281236761427644,6.4244268270214135,3.653265582950004,0.6051670435560832
close_only,0.02,1.0,0.05,3.373006095622648,2.9962368466554663,0.0352126439373988,0.0450571151884995,11.483632564462892,6.498951908939108,3.7037506388818535,0.6111820920143181
close_only,0.02,1.0,0.08,3.388911431757786,3.014164336480412,0.0353741341292349,0.0449448186793027,11.496026053778316,6.562817273619427,3.7388686652957777,0.6161399677672403
close_only,0.02,1.0,0.12,3.393390317030193,3.0218237182592502,0.0352126439373986,0.0449448186793027,11.576219308114528,6.589147344306554,3.7537453642000767,0.6188838665289262
close_only,0.03,1.0,0.0,3.4149505796152737,3.045522643271376,0.0350366189585033,0.0445918509171775,11.715909767331404,6.698488399837199,3.797890371390847,0.6248036571127282
close_only,0.03,1.0,0.01,3.30362701318424,2.929943732039638,0.0355366574279314,0.0448308454411487,11.082445272247057,6.361533654748768,3.5449844429235142,0.593564890820282
close_only,0.03,1.0,0.02,3.3398217794642977,2.9697098658229133,0.0354382314784179,0.0448216870734441,11.271014933692015,6.462984350827086,3.628716400070039,0.6039172441742509
close_only,0.03,1.0,0.03,3.3653646802092254,2.989220781650853,0.0354382314784178,0.0448220247363546,11.37464841190412,6.510604146631285,3.6843620054770856,0.6088555241480182
close_only,0.03,1.0,0.05,3.386814229689832,3.0126086081472563,0.0354382314784179,0.0447041889287387,11.464175893151683,6.589386115231168,3.732852671738176,0.6152327548579557
close_only,0.03,1.0,0.08,3.397576497689244,3.024815883036532,0.0352622476578583,0.0445918509171779,11.569857411284158,6.641191464720581,3.759135369975387,0.618872238726256
close_only,0.03,1.0,0.12,3.403696838433408,3.032810220406368,0.0352126439373987,0.0445918509171779,11.615696107509484,6.667288617442958,3.77518764386384,0.6215725924703208
close_only,0.05,1.0,0.0,3.4186643650245805,3.044711930098622,0.0350366189585033,0.0448113591324701,11.732241976723492,6.664520517695509,3.8067717783707824,0.6246833641893303
close_only,0.05,1.0,0.01,3.319901414562856,2.9440456570267988,0.0352622476578585,0.0449400414343985,11.242387677017106,6.381818903875287,3.583750765228329,0.5972657187717536
close_only,0.05,1.0,0.02,3.3497928643328585,2.9761326064108857,0.0352622476578585,0.045041142483112,11.376238622848682,6.450911660890407,3.6548171711797632,0.6059377728390145
close_only,0.05,1.0,0.03,3.372746323907739,2.993167914726982,0.0352622476578583,0.045041480068443,11.467037942148552,6.4904469088462085,3.703513434215159,0.610060475189985
close_only,0.05,1.0,0.05,3.393810943964401,3.01300666506225,0.0352622476578586,0.0449236713339976,11.560161659051015,6.55919438030328,3.753868469372927,0.6154411439139329
close_only,0.05,1.0,0.08,3.402408231027564,3.0318507203843303,0.0352622476578584,0.0448113591324708,11.594367042994628,6.623443692624895,3.772469741056836,0.6204092683145825
close_only,0.05,1.0,0.12,3.408094396237172,3.032903326303858,0.0350366189585033,0.0448113591324708,11.692987490884889,6.636372088055392,3.785446919008206,0.6217539239200176
close_only,0.07,1.0,0.0,3.4187142756213795,3.0450462550821773,0.0350366189585033,0.044756305924749,11.732792157519208,6.673618807668453,3.8070711883514976,0.6247770043635403
close_only,0.07,1.0,0.01,3.323100962739968,2.9510691828969065,0.0351496117206934,0.0448849956434042,11.291429828936655,6.408230081822049,3.5906021758799342,0.5991892030456794
close_only,0.07,1.0,0.02,3.352566161395143,2.9848960305553813,0.0351496117206935,0.0449861025191741,11.424002621495042,6.479540247492774,3.660841480258304,0.6080941976140075
close_only,0.07,1.0,0.03,3.375130120814574,2.9991626330528707,0.0351496117206932,0.0449864401239606,11.513273626179863,6.512690943432949,3.708609446907088,0.6115495474201937
close_only,0.07,1.0,0.05,3.395487575412639,3.017681728214701,0.0351496117206934,0.0448686245994966,11.602857088966218,6.578709504013523,3.75692794927054,0.6166337171421625
close_only,0.07,1.0,0.08,3.403505058027008,3.033608055652519,0.0351496117206935,0.0447563059247494,11.636785163371345,6.636874681532651,3.7753284012166457,0.6209580793728406
close_only,0.07,1.0,0.12,3.4091040165460877,3.035795770715063,0.0350366189585033,0.0447563059247494,11.698916496976128,6.651936022310399,3.788663086026638,0.6225229471442406
close_only,0.1,1.0,0.0,3.4187142756213795,3.04560711865221,0.0350366189585033,0.0446448880786734,11.732792157519208,6.692100705083529,3.8070711883514976,0.6249665153284407
close_only,0.1,1.0,0.01,3.3280919591285056,2.9554231453587896,0.0351496117206934,0.0446612629574466,11.31151539318587,6.452648995434,3.6011903809590398,0.6004581800616624
close_only,0.1,1.0,0.02,3.3563193739933754,2.9885395862341144,0.0351496117206935,0.0447623935171841,11.43930648002299,6.521374465378122,3.669003423781107,0.60907264480127
close_only,0.1,1.0,0.03,3.3790178299795555,3.0028073380837133,0.0351496117206932,0.0447627312010539,11.528627963751193,6.554701440037153,3.716863764035693,0.6125300970199283
close_only,0.1,1.0,0.05,3.3973273217140063,3.019014184229184,0.0351496117206934,0.0446448880786739,11.610742826709291,6.6153375113257695,3.761199731053802,0.617012408506129
close_only,0.1,1.0,0.08,3.4049511738621634,3.0341698322776995,0.0351496117206935,0.0446448880786732,11.642856314275429,6.6552625651910535,3.7786268639498832,0.6211471449054442
close_only,0.1,1.0,0.12,3.410449415405397,3.0363569730159767,0.0350366189585033,0.0446448880786732,11.704577696688,6.670362442011891,3.7917355570697433,0.6227121952001056
close_only,0.0,0.005,0.0,3.1751061307367405,2.845264708808636,0.0494716188090206,0.040427433041886,8.400703401467592,8.595826908655722,3.877665441871617,0.7400340895646138
close_only,0.0,0.005,0.01,2.8178495635328407,2.586849573314751,0.0497733137895131,0.0410338070597857,6.865332693131728,7.560266180188456,2.819998685697906,0.6516917209635771
close_only,0.0,0.005,0.02,2.8865152652621373,2.663349901330254,0.049773313789513,0.0408887661672377,7.093505440685145,7.856117633792071,2.9696652276141675,0.677537984012242
close_only,0.0,0.005,0.03,2.9327744365031405,2.7166491172309626,0.049773313789513,0.0407306206018993,7.229796373582024,8.058916783085687,3.0612223094950712,0.6941233033511212
close_only,0.0,0.005,0.05,3.1184607134718614,2.771234451950053,0.049773313789513,0.0405793726137246,8.162225960583648,8.29907590241818,3.7327132609979534,0.7143759385806558
close_only,0.0,0.005,0.08,3.1485706129465063,2.814247187184937,0.0497733137895131,0.0408829071783398,8.262117017885261,8.374029127663988,3.809488171141126,0.7276978522710258
close_only,0.0,0.005,0.12,3.1571774372406023,2.8309353912220225,0.049795798352423,0.040427433041886,8.291850004004036,8.539348868396392,3.835435815872183,0.7345625160865767
close_only,0.005,0.005,0.0,3.2313694306695884,2.89421612787093,0.0494716188090207,0.0404352158891805,8.579071233511034,8.77110028752858,4.017844041494234,0.7572295893628889
close_only,0.005,0.005,0.01,3.0493128400157907,2.675744334005535,0.0497733137895131,0.0410415886760401,7.93311314264771,7.867404019689757,3.5602327982448703,0.6814633161699515
close_only,0.005,0.005,0.02,3.1090950877213626,2.7432151665231523,0.0497733137895131,0.040896546504723,8.12794002176043,8.134959494455606,3.706583326594546,0.7046722371446126
close_only,0.005,0.005,0.03,3.149758837040025,2.787927324703789,0.0497733137895131,0.0407384022222658,8.26015980058904,8.314010906663968,3.807974603312913,0.7189713119287655
close_only,0.005,0.005,0.05,3.185801016706632,2.8313174968870283,0.049773313789513,0.0405871554610191,8.374667154282744,8.508396374573305,3.8971539340877337,0.7348203124509103
close_only,0.005,0.005,0.08,3.208860735448616,2.866608596914892,0.0497733137895131,0.0408906875633533,8.454191752293434,8.55883723655541,3.959844351421795,0.7459609664901223
close_only,0.005,0.005,0.12,3.215235497060655,2.8812076620735128,0.0497957983524231,0.0404352158891805,8.475561719028535,8.719304128642355,3.97983900440682,0.7521874769191381
close_only,0.01,0.005,0.0,3.250577581146981,2.915832688533467,0.0494716188090207,0.0404352158891805,8.64377829207672,8.8487627498045,4.069467027065349,0.7648021927659796
close_only,0.01,0.005,0.01,3.100912906183643,2.734361403762629,0.049773313789513,0.0408893513017865,8.100235223766525,8.099781167043506,3.685551388124772,0.7011179284609335
close_only,0.01,0.005,0.02,3.150330290003106,2.795456352507073,0.049773313789513,0.0407442861046125,8.26411583848592,8.342985570529803,3.81103429579695,0.721904364854068
close_only,0.01,0.005,0.03,3.1813258961200352,2.8229304853167787,0.049773313789513,0.0407384022222658,8.364642034241655,8.438444948145644,3.889295103898447,0.7310794715211912
close_only,0.01,0.005,0.05,3.214224659109791,2.8609843395605274,0.0497733137895131,0.0405871554610192,8.469159285323542,8.615658285227228,3.9717132042417536,0.74526045428043
close_only,0.01,0.005,0.08,3.230942497180884,2.8908551527437027,0.049773313789513,0.0407384022222658,8.525853547026712,8.674208523852585,4.016871437112771,0.7541281663281836
close_only,0.01,0.005,0.12,3.238397256975732,2.90202326582726,0.049795798352423,0.0404352158891805,8.552428541199081,8.794821306774015,4.0412480898192165,0.7595409513090963
close_only,0.015,0.005,0.0,3.2610861985531145,2.9276639798655637,0.0494716188090207,0.0404352158891804,8.67694408638489,8.894838053553988,4.096086746642712,0.7693019417677958
close_only,0.015,0.005,0.01,3.127630802855495,2.7599575278916086,0.0497733137895131,0.0410480425799253,8.183777496236585,8.164699682123588,3.749195951164469,0.7105044087350616
close_only,0.015,0.005,0.02,3.17247660409645,2.815618847986241,0.0497733137895131,0.0407442861046125,8.336045213372005,8.42163384050492,3.866931748360338,0.7295598600488944
close_only,0.015,0.005,0.03,3.20322129590276,2.847747760026006,0.049773313789513,0.0407384022222659,8.43526909701531,8.534820243512023,3.944870865327565,0.7404843002654153
close_only,0.015,0.005,0.05,3.229723864516995,2.8782666544485047,0.049773313789513,0.040587155461019,8.517564721056196,8.684446010660857,4.010249296618952,0.751970994553838
close_only,0.015,0.005,0.08,3.2427164296084543,2.904046139977218,0.049773313789513,0.040738058811149,8.56536668936894,8.724852274865986,4.048533412901494,0.7590903279598153
close_only,0.015,0.005,0.12,3.2499369567692096,2.91448786571206,0.049795798352423,0.0404352158891804,8.589684948377112,8.844708187988866,4.071224208614419,0.7644064743714418
close_only,0.02,0.005,0.0,3.267401886838406,2.9360423548657564,0.0494197104878413,0.0404352158891805,8.708003357804783,8.922089729905993,4.113742010756731,0.771965849913925
close_only,0.02,0.005,0.01,3.145778611577961,2.7852160891525526,0.0497214054683338,0.0410480425799254,8.253061188110319,8.248792276578913,3.7958424416314775,0.7187263085087092
close_only,0.02,0.005,0.02,3.1855550760997,2.8352683276197865,0.0497214054683337,0.0407442861046126,8.389569669291042,8.492844376805293,3.901982298426492,0.7365048968565262
close_only,0.02,0.005,0.03,3.2121208430085626,2.8644199577938787,0.0497214054683338,0.0407384022222659,8.475939487147375,8.58644679474476,3.9700789125631584,0.7455319740084918
close_only,0.02,0.005,0.05,3.237770000309975,2.891541398435811,0.0497214054683338,0.0405871554610192,8.552851695308318,8.725559692749947,4.031338425572675,0.755987486545519
close_only,0.02,0.005,0.08,3.250866090844029,2.913436665008448,0.0497214054683336,0.0407380588111492,8.60262167361293,8.755304399148462,4.071292564419477,0.7620815142318109
close_only,0.02,0.005,0.12,3.2564798496075604,2.9235205698245545,0.0497438900312437,0.0404352158891805,8.62158607123581,8.875009766585729,4.08972938502435,0.7673648480358781
close_only,0.03,0.005,0.0,3.2733510412529734,2.941377930862737,0.0494197104878413,0.0404352158891805,8.726988889306892,8.942353950270215,4.129054537441219,0.7739479187608698
close_only,0.03,0.005,0.01,3.1657080311664614,2.80712005969506,0.0497214054683336,0.0410480425799253,8.317875632343913,8.33694711790265,3.8460116840365712,0.7273649146796741
close_only,0.03,0.005,0.02,3.203100863669345,2.8589371299123654,0.0497214054683337,0.0405923714171213,8.443377765387353,8.61335702538277,3.944320095306777,0.745144046621665
close_only,0.03,0.005,0.03,3.225863315469025,2.884737420917405,0.0497214054683338,0.0405864866029603,8.519609573455762,8.692215319810753,4.00478963681296,0.7527156820802405
close_only,0.03,0.005,0.05,3.2477172755584096,2.90181739417359,0.0497214054683336,0.0404352158891805,8.586672057865911,8.800879624027605,4.058461727091342,0.7601314949197977
close_only,0.03,0.005,0.08,3.256765407743857,2.9198512641208816,0.0497214054683338,0.0407380588111491,8.620980099714187,8.779898816699184,4.086092632721316,0.7644990342303752
close_only,0.03,0.005,0.12,3.266356608483332,2.928862354279396,0.0497438900312436,0.0404352158891805,8.649085728726847,8.895246247325066,4.1119844092684215,0.7693418299131594
close_only,0.05,0.005,0.0,3.2760529461324728,2.9448214332699005,0.0494197104878413,0.0404352158891805,8.73594039322711,8.954976910858448,4.13628665879973,0.7751831033207435
close_only,0.05,0.005,0.01,3.177300452014328,2.834494199067555,0.0497214054683337,0.0407379433017877,8.357965100954395,8.49434295033785,3.8772471660816255,0.7365221001898083
close_only,0.05,0.005,0.02,3.2098248378633345,2.8685847413839656,0.0497214054683336,0.0405923714171213,8.467177908887884,8.649506999706869,3.963137554847633,0.7486694959512186
close_only,0.05,0.005,0.03,3.232130251922707,2.8909214084565,0.0497214054683336,0.0405864866029603,8.541470534026132,8.718228748415214,4.022236525559109,0.7552569579864219
close_only,0.05,0.005,0.05,3.253037777573816,2.9098517060579563,0.0497214054683337,0.0404352158891805,8.608806488346696,8.831736976951419,4.076274834776837,0.7631407811656448
close_only,0.05,0.005,0.08,3.260735680651727,2.9295870656009053,0.0497214054683337,0.0405861192393104,8.636133545541126,8.84702295504969,4.098334316964566,0.7678561618272639
close_only,0.05,0.005,0.12,3.2693516268426577,2.9335502927774613,0.0497438900312436,0.0404352158891805,8.66025835147039,8.91102260764511,4.1210479015452215,0.7708837925861223
close_only,0.07,0.005,0.0,3.2760529461324728,2.944871982994809,0.0494197104878413,0.0404352158891805,8.73594039322711,8.957753114134182,4.13628665879973,0.7754548141716446
close_only,0.07,0.005,0.01,3.1821592822142697,2.835680738351102,0.0497214054683336,0.0407379433017877,8.374629083309125,8.500919312239581,3.890276960743165,0.7371640319207846
close_only,0.07,0.005,0.02,3.214030073290276,2.86863835921618,0.0497214054683336,0.0405923714171213,8.482237134226615,8.6517508048077,3.975072901336493,0.7488884265012612
close_only,0.07,0.005,0.03,3.234458593088478,2.8900189393254934,0.0497214054683337,0.0405864866029603,8.54945132538042,8.714911952373008,4.028617686754062,0.7549328425902673
close_only,0.07,0.005,0.05,3.2555860823232754,2.9098517060579563,0.0497214054683337,0.0404352158891805,8.616723610991023,8.831736976951419,4.082658167483864,0.7631407811656448
close_only,0.07,0.005,0.08,3.261876197419629,2.927406774972797,0.0497214054683337,0.0405861192393104,8.64067224571672,8.843287528266721,4.10200537059089,0.7674899363294065
close_only,0.07,0.005,0.12,3.271221762518666,2.933603354969053,0.0497438900312436,0.0404352158891805,8.66645301918688,8.913795188452655,4.126078563744359,0.7711548453813095
close_only,0.1,0.005,0.0,3.2760529461324728,2.944871982994809,0.0494197104878413,0.0404352158891805,8.73594039322711,8.957753114134182,4.13628665879973,0.7754548141716446
close_only,0.1,0.005,0.01,3.185556558296988,2.846895853784669,0.0497214054683337,0.0407379433017877,8.38611866249603,8.544688996926167,3.8992766352842265,0.7414392672127565
close_only,0.1,0.005,0.02,3.2163876966019096,2.8743347887119217,0.0497214054683336,0.0405923714171213,8.490303975713708,8.678746929676144,3.981475570409617,0.7515234599400815
close_only,0.1,0.005,0.03,3.236931130864169,2.8971121437196667,0.0497214054683338,0.0405864866029603,8.557549613766154,8.742151187660383,4.035099262723232,0.757595463083691
close_only,0.1,0.005,0.05,3.2567669113031386,2.914572556014136,0.0497214054683337,0.0404352158891805,8.621627843151634,8.84546380485747,4.086615441158461,0.7644802181981261
close_only,0.1,0.005,0.08,3.262670068404195,2.9308675960986594,0.0497214054683337,0.0405861192393104,8.643566308999649,8.856846140609017,4.104347263696896,0.7688194052612705
close_only,0.1,0.005,0.12,3.2719049082623632,2.9353682949353224,0.0497438900312436,0.0404352158891805,8.66933664399574,8.920611484404072,4.128421658213647,0.7718213008885635
close_only,0.0,0.01,0.0,3.0396796061003104,3.166555570522725,0.0494716188090206,0.040427433041886,7.83390961976008,9.840197722826945,3.452407477490733,0.8626027950695463
close_only,0.0,0.01,0.01,2.812747053302593,2.9038533611491077,0.049773313789513,0.0410338070597856,7.0800826241683,8.725127959486363,2.9607360279821093,0.7653419252626297
close_only,0.0,0.01,0.02,2.8964247187330057,2.981837385905393,0.049773313789513,0.0408887661672378,7.338037461285605,9.04548614812798,3.135103770295359,0.794016670316462
close_only,0.0,0.01,0.03,2.945136984900223,3.0340801762932377,0.049773313789513,0.0407306206018992,7.485602039074345,9.254600086204732,3.2375116882293344,0.8112913513927524
close_only,0.0,0.01,0.05,2.985366180165768,3.0892700431192783,0.049773313789513,0.0405793726137246,7.614592968143192,9.508733042883431,3.3286418760372847,0.8331254131127019
close_only,0.0,0.01,0.08,3.011902569178164,3.12856431025914,0.049773313789513,0.0408829071783396,7.698530673707049,9.575140360652853,3.388759370486187,0.8469085335251265
close_only,0.0,0.01,0.12,3.0208677510545505,3.1522197010418123,0.0497957983524231,0.0404274330418859,7.728422094178396,9.779388172238075,3.4128488815984293,0.8565237318322534
close_only,0.005,0.01,0.0,3.0969635031389253,3.2163291387896256,0.0494716188090207,0.0404352158891806,8.0100134146484,10.028436395764608,3.5813038273114817,0.8816729831277659
close_only,0.005,0.01,0.01,2.9194014580410133,2.992148462655753,0.0497733137895131,0.0410415886760399,7.404718788797571,9.04854263419187,3.181137595805496,0.797685636058882
close_only,0.005,0.01,0.02,2.979581677172108,3.0617689378909527,0.0497733137895131,0.0408965465047231,7.591527554595207,9.343221968919051,3.3122352203198027,0.8239170523433894
close_only,0.005,0.01,0.03,3.02005037338434,3.1052597006985865,0.0497733137895131,0.0407384022222657,7.717351361737958,9.526622831459989,3.402328051742943,0.8386341978457938
close_only,0.005,0.01,0.05,3.0537030391512783,3.1554618433503423,0.0497733137895131,0.0405871554610192,7.822981506929493,9.755499715583754,3.479090488694492,0.8579878356712558
close_only,0.005,0.01,0.08,3.073422340935353,3.181611591991595,0.049773313789513,0.0408906875633532,7.887542411801108,9.772894929309338,3.5265194184609534,0.8670756484726887
close_only,0.005,0.01,0.12,3.080162039156804,3.2033071514257587,0.0497957983524231,0.0404352158891804,7.910311631527643,9.972464874522938,3.545983956212579,0.8760497636336861
close_only,0.01,0.01,0.0,3.116900640426659,3.2351201225757142,0.0494716188090207,0.0404352158891803,8.074318308920352,10.100546599433848,3.6290898373613594,0.8889290354302017
close_only,0.01,0.01,0.01,2.970382130963261,3.04421068626016,0.049773313789513,0.0408893513017865,7.562732892861562,9.27416933499468,3.2918214710130185,0.8168387470229126
close_only,0.01,0.01,0.02,3.01860146367824,3.1106639684884345,0.0497733137895131,0.0407442861046124,7.71487917418434,9.552130090805056,3.4005438745538354,0.8413295241426171
close_only,0.01,0.01,0.03,3.050702634688852,3.135440835336063,0.0497733137895131,0.0407384022222658,7.813925894897196,9.640002521291253,3.472469036739656,0.8500125176147533
close_only,0.01,0.01,0.05,3.081779878716856,3.1781816703904493,0.0497733137895131,0.040587155461019,7.910652645234407,9.84227560979616,3.5435920391528235,0.8667030072835349
close_only,0.01,0.01,0.08,3.0964493407079314,3.204022944907242,0.049773313789513,0.0407384022222659,7.959201905373571,9.890476997436371,3.579621390887759,0.8752639043666353
close_only,0.01,0.01,0.12,3.1038232549717257,3.221276938061516,0.0497957983524231,0.0404352158891804,7.984916785644033,10.042358393310511,3.601489587985067,0.883072872950248
close_only,0.015,0.01,0.0,3.127250073344319,3.247165254539468,0.0494716188090206,0.0404352158891803,8.106896347026474,10.149247231585372,3.653447129795984,0.8938368027257866
close_only,0.015,0.01,0.01,2.997147856106438,3.0755237479550845,0.0497733137895131,0.0410480425799254,7.643857161001345,9.360868375868202,3.34952787553247,0.829164798854898
close_only,0.015,0.01,0.02,3.040790027866806,3.132302930574125,0.0497733137895131,0.0407442861046124,7.784888764816139,9.640751705289532,3.4512886465636115,0.8502277521362895
close_only,0.015,0.01,0.03,3.070851553210848,3.163765596778058,0.049773313789513,0.0407384022222658,7.8760694728789105,9.752651690162027,3.518062441315699,0.8613496040199802
close_only,0.015,0.01,0.05,3.097110395941848,3.195430578376411,0.049773313789513,0.040587155461019,7.958164918323534,9.914484809069355,3.57884949900182,0.8739695473252624
close_only,0.015,0.01,0.08,3.1081948898689093,3.220650767867816,0.0497733137895131,0.0407380588111492,7.996957127862537,9.956192931509282,3.607794129454609,0.8819066608806796
close_only,0.015,0.01,0.12,3.1152270442388144,3.233908141749979,0.0497957983524231,0.0404352158891803,8.021501010000422,10.09500980286641,3.628900550543524,0.8883714412909562
close_only,0.02,0.01,0.0,3.133965300211968,3.254446220607218,0.0494197104878413,0.0404352158891806,8.136889313442884,10.173381451369172,3.6695429596360167,0.8962710873582651
close_only,0.02,0.01,0.01,3.017022138621714,3.100674748148919,0.0497214054683338,0.0410480425799254,7.715012273835155,9.445428571905506,3.3948369707529507,0.8376920671127677
close_only,0.02,0.01,0.02,3.0542427810595973,3.149694370757653,0.0497214054683337,0.0407442861046125,7.83698108426591,9.702799600561574,3.483354812615449,0.8564695753232168
close_only,0.02,0.01,0.03,3.080976535600947,3.177821142692581,0.0497214054683338,0.0407384022222657,7.918364383222614,9.795266940898516,3.543187895918193,0.8656467638365475
close_only,0.02,0.01,0.05,3.106065693163558,3.20865284736212,0.0497214054683338,0.040587155461019,7.99440302269908,9.9563710969002,3.59965316164886,0.878190609566045
close_only,0.02,0.01,0.08,3.117268672545196,3.2293963017253104,0.0497214054683337,0.0407380588111492,8.035111395410743,9.983980463137092,3.630106963901394,0.8847223393189827
close_only,0.02,0.01,0.12,3.1224902764718974,3.240038408027459,0.0497438900312436,0.0404352158891804,8.053702020110753,10.115571781821007,3.64680542373023,0.8904425592263456
close_only,0.03,0.01,0.0,3.1401574955116955,3.2595638899624984,0.0494197104878413,0.0404352158891804,8.156335599879242,10.194378490171212,3.684153775991569,0.8983901159257621
close_only,0.03,0.01,0.01,3.0348150178297546,3.12300497682918,0.0497214054683336,0.0410480425799254,7.771223618214639,9.540149674767298,3.4354607123316594,0.8472657194521114
close_only,0.03,0.01,0.02,3.071195215441435,3.1759899208258617,0.0497214054683336,0.0405923714171214,7.887110000973119,9.841343092539182,3.520136378350528,0.8667364091511867
close_only,0.03,0.01,0.03,3.094860977605612,3.1984567676947666,0.0497214054683338,0.0405864866029604,7.961598382697396,9.912390962203462,3.5752260882733715,0.8737422041401974
close_only,0.03,0.01,0.05,3.116497733115287,3.2193942902006496,0.0497214054683337,0.0404352158891804,8.028410321980578,10.043208892932151,3.625083120661973,0.8831584082745925
close_only,0.03,0.01,0.08,3.1242053538326213,3.2351945328605685,0.0497214054683338,0.0407380588111491,8.059264470938427,10.008271980095095,3.648250059912847,0.8871853621692072
close_only,0.03,0.01,0.12,3.131932211079582,3.245163725365068,0.0497438900312436,0.0404352158891805,8.079825767823175,10.136534676790914,3.666495401325228,0.8925551383051249
close_only,0.05,0.01,0.0,3.1433599552720013,3.2621260277303272,0.0494197104878413,0.0404352158891804,8.166558101735735,10.204171169064452,3.691848671640128,0.8993787700337754
close_only,0.05,0.01,0.01,3.047604383453505,3.145621095331543,0.0497214054683336,0.0407379433017875,7.812013875896605,9.691606401333894,3.465122777950831,0.8551910118488528
close_only,0.05,0.01,0.02,3.078826565655162,3.1809909819416347,0.0497214054683336,0.0405923714171215,7.911710789949532,9.860477649241195,3.5382728989559835,0.8686609478864367
close_only,0.05,0.01,0.03,3.1021530614383144,3.2034054135588144,0.0497214054683337,0.0405864866029604,7.985896992894402,9.9329553716235,3.5933096269493987,0.8758138706922396
close_only,0.05,0.01,0.05,3.122081171390925,3.225033074522138,0.0497214054683337,0.0404352158891804,8.04834248380637,10.066749361824357,3.640038916077927,0.8855266008741502
close_only,0.05,0.01,0.08,3.128535612717956,3.245070090206322,0.0497214054683337,0.0405861192393104,8.07395130581295,10.077574123443751,3.6593094923746783,0.890403430715017
close_only,0.05,0.01,0.12,3.135441837383512,3.2484932668587554,0.0497438900312436,0.0404352158891805,8.092214050731133,10.149801701302923,3.6758554283914986,0.8938927128071226
close_only,0.07,0.01,0.0,3.1433599552720013,3.262105896791195,0.0494197104878413,0.0404352158891804,8.166558101735735,10.20705032395304,3.691848671640128,0.8996694903661264
close_only,0.07,0.01,0.01,3.052569904257344,3.149720952338985,0.0497214054683337,0.0407379433017875,7.828361879836032,9.70998291658454,3.47705417555658,0.8570406174426022
close_only,0.07,0.01,0.02,3.0831337578410563,3.183068078331951,0.0497214054683336,0.0405923714171215,7.926480912163832,9.871485363976184,3.5491891861739893,0.869768509931784
close_only,0.07,0.01,0.03,3.1045521840608625,3.204514742127467,0.0497214054683338,0.0405864866029604,7.9937268939666435,9.938208431147874,3.5991486756239617,0.8763432353538096
close_only,0.07,0.01,0.05,3.1246972613853896,3.225033074522138,0.0497214054683338,0.0404352158891804,8.056108971019672,10.066749361824357,3.6458765925363146,0.8855266008741502
close_only,0.07,0.01,0.08,3.12973122591989,3.243466380545128,0.0497214054683336,0.0405861192393104,8.078404857881399,10.076655961637575,3.662667147248048,0.8903105816196784
close_only,0.07,0.01,0.12,3.137371181722332,3.2484761589412936,0.0497438900312436,0.0404352158891805,8.098289989446686,10.152676375363717,3.680451486973622,0.8941825934394623
close_only,0.1,0.01,0.0,3.1433599552720013,3.262105896791195,0.0494197104878413,0.0404352158891804,8.166558101735735,10.20705032395304,3.691848671640128,0.8996694903661264
close_only,0.1,0.01,0.01,3.0560175042264195,3.1607061220467845,0.0497214054683337,0.0407379433017875,7.839631132266626,9.754952002418507,3.485293387937836,0.8615703663609822
close_only,0.1,0.01,0.02,3.085527016895094,3.1884869676546166,0.0497214054683337,0.0405923714171215,7.934390967247621,9.899198423239428,3.555043764285248,0.8725582529489389
close_only,0.1,0.01,0.03,3.107059215540689,3.2114591868905142,0.0497214054683338,0.0405864866029604,8.001668162845949,9.966173864823896,3.605076692703694,0.8791625462222996
close_only,0.1,0.01,0.05,3.125902255630174,3.2298275850483007,0.0497214054683338,0.0404352158891804,8.060917501803806,10.08098129883416,3.64949379529306,0.8869590129548637
close_only,0.1,0.01,0.08,3.130538059083499,3.2468837117707747,0.0497214054683336,0.0405861192393104,8.081242326985258,10.090714025565372,3.664807377854359,0.8917324336699681
close_only,0.1,0.01,0.12,3.1380685861551103,3.2502225967095986,0.0497438900312436,0.0404352158891805,8.101116665983582,10.159743664118183,3.682590888439396,0.8948953422002128
close_only,0.0,0.015,0.0,3.0165727418530977,3.222874253446544,0.0494716188090207,0.0402859752204682,7.861291178968727,9.99322213639804,3.4722607758533712,0.8744310637514598
close_only,0.0,0.015,0.01,2.791655629141097,2.9632317036900315,0.049773313789513,0.041201727643806,7.106253876559469,8.823671725347156,2.9781603553191265,0.7787041510350403
close_only,0.0,0.015,0.02,2.874498674947417,3.0376307106932146,0.0497733137895131,0.0410504071542721,7.364162506905595,9.129321157738854,3.153091948126252,0.8059613669827608
close_only,0.0,0.015,0.03,2.921483318012328,3.091881422983719,0.0497733137895131,0.0405890691200448,7.508544626121853,9.411242302450274,3.2536097536888784,0.823642700253457
close_only,0.0,0.015,0.05,2.963504482529202,3.14764284897812,0.0497733137895131,0.0405884662436261,7.644217222972829,9.631497763120697,3.3497853425446182,0.8455977216519808
close_only,0.0,0.015,0.08,2.988416855564952,3.1858271691997806,0.0497733137895131,0.0408939443008537,7.724191800282167,9.6931639626301,3.407267737902437,0.8590847953358018
close_only,0.0,0.015,0.12,2.996646303608032,3.208464023560406,0.049795798352423,0.0402859752204682,7.752640897760303,9.931989614966929,3.430398048329507,0.8683132874690607
close_only,0.005,0.015,0.0,3.0706198501305213,3.2736827974199385,0.0494716188090207,0.0402860982601565,8.029673991513011,10.187269465570136,3.595872852351216,0.8938825274567692
close_only,0.005,0.015,0.01,2.895518904783561,3.05138403750841,0.049773313789513,0.0412018441810425,7.425854133529022,9.145076837833528,3.1958116780389947,0.8109210791376107
close_only,0.005,0.015,0.02,2.954114430764033,3.1185957341258983,0.049773313789513,0.041050522495677,7.610189799797596,9.429051447970329,3.325506101908875,0.8360966102149616
close_only,0.005,0.015,0.03,2.993486870593547,3.163614968470465,0.0497733137895131,0.0405891998087737,7.734397281317592,9.68732821454499,3.4146454646763376,0.8512032354099575
close_only,0.005,0.015,0.05,3.027641373119328,3.215073371330728,0.0497733137895131,0.0405885828266259,7.842480994058783,9.88383332162826,3.493374470657666,0.8709184259643599
close_only,0.005,0.015,0.08,3.047005131424404,3.239932347053184,0.049773313789513,0.0408940737668798,7.906579472660265,9.895941468765487,3.5405793510335,0.879643079993687
close_only,0.005,0.015,0.12,3.052683151669873,3.2605952650015904,0.049795798352423,0.0402860982601565,7.926861433893305,10.130893684337538,3.558251515480918,0.8882227110487253
close_only,0.01,0.015,0.0,3.0893261464522768,3.2929418533638994,0.0494716188090207,0.0402860982601565,8.09090599572662,10.260802733730428,3.641479315594624,0.9012766084085552
close_only,0.01,0.015,0.01,2.94433146487407,3.103074104923574,0.0497733137895131,0.0410491698399218,7.579729732940023,9.36813121216328,3.3038621020444747,0.8299224039069237
close_only,0.01,0.015,0.02,2.9903348543257966,3.1683564190644566,0.0497733137895131,0.0407456984645006,7.727045226938502,9.67509716982494,3.4093295614897308,0.8537153398860335
close_only,0.01,0.015,0.03,3.022411087358223,3.194511332193579,0.0497733137895131,0.0405891998087739,7.826934265807188,9.802449253209437,3.481983139111186,0.8627503787838553
close_only,0.01,0.015,0.05,3.0541751604191063,3.238283129501048,0.049773313789513,0.0405885828266261,7.92658623407576,9.97182162898256,3.5553921806333406,0.8797841054323436
close_only,0.01,0.015,0.08,3.0687632477736626,3.262953938379817,0.0497733137895131,0.0407413262610122,7.975197027263595,10.015281186663302,3.5915403962843246,0.8879778206640772
close_only,0.01,0.015,0.12,3.075068556143816,3.27900649791304,0.0497957983524231,0.0402860982601563,7.998417871691378,10.202191297584736,3.611590567506641,0.8953819052778367
close_only,0.015,0.015,0.0,3.099686129591473,3.305015324591269,0.0494716188090207,0.0402860982601564,8.124378656893422,10.310013913013997,3.666559137676037,0.9062324271761532
close_only,0.015,0.015,0.01,2.970971199337732,3.134982888357832,0.0497733137895131,0.0410491698399219,7.662005432601233,9.489913933852373,3.3625198552169757,0.8422117714540291
close_only,0.015,0.015,0.02,3.0130879617613733,3.190389957716636,0.049773313789513,0.0407456984645007,7.800030750673042,9.76454011536166,3.462323786438308,0.8627242351468121
close_only,0.015,0.015,0.03,3.042575096309124,3.222462458293666,0.0497733137895131,0.0405891998087739,7.890427459759635,9.91385418626864,3.528647999415901,0.8739563257087826
close_only,0.015,0.015,0.05,3.0697397924342167,3.253831126348802,0.0497733137895131,0.0405885828266259,7.975750245018769,10.037707333675955,3.5919530676357425,0.8864353959833111
close_only,0.015,0.015,0.08,3.080507819596698,3.279275227645048,0.0497733137895131,0.0407399360157034,8.013841630056518,10.079426906006011,3.620436948907837,0.8944558041217001
close_only,0.015,0.015,0.12,3.0864771620057367,3.291657941518966,0.0497957983524231,0.0402860982601563,8.035888386726597,10.255381564081938,3.6397152381837374,0.900731032861253
close_only,0.02,0.015,0.0,3.107420063598311,3.312377169157932,0.0494197104878412,0.0402860982601564,8.158086067386286,10.334322389556398,3.685470724956607,0.9086826126055296
close_only,0.02,0.015,0.01,2.991918783871917,3.161124722332625,0.0497214054683337,0.0410491698399215,7.737507689344475,9.577015530649412,3.411059312754409,0.8510246708862172
close_only,0.02,0.015,0.02,3.0273519818877155,3.2078029415331324,0.0497214054683337,0.0407456984645007,7.855338924356815,9.826794513831274,3.4967974633394823,0.8690065350164518
close_only,0.02,0.015,0.03,3.0543719490679835,3.236689348661518,0.0497214054683336,0.0405891998087739,7.93822284881506,9.95678010609962,3.557882021666787,0.8782824158343183
close_only,0.02,0.015,0.05,3.079692331691925,3.26805196629692,0.0497214054683338,0.040588582826626,8.01567310354408,10.082024722752331,3.615545668356443,0.8909154218876265
close_only,0.02,0.015,0.08,3.090588445564723,3.288127816968053,0.0497214054683337,0.0407399360157036,8.05568571876759,10.1073126709637,3.645558307537967,0.8972902478719533
close_only,0.02,0.015,0.12,3.0947572459794657,3.2978384724408705,0.0497438900312437,0.0402860982601564,8.071771135993238,10.276090040673504,3.660417536734638,0.9028154812685248
close_only,0.03,0.015,0.0,3.113605772824702,3.317664034744716,0.0494197104878413,0.0402860982601562,8.178157034751312,10.35548791039039,3.700591610547381,0.9108171851749856
close_only,0.03,0.015,0.01,3.0101914380196235,3.1819367709240884,0.0497214054683337,0.0410491698399217,7.7956934308028,9.66549710893514,3.453236269096476,0.8599970682322002
close_only,0.03,0.015,0.02,3.045139110063998,3.233917976550668,0.0497214054683336,0.0405943753718848,7.908871418388641,9.96380451928572,3.5361767246053333,0.8791189103433115
close_only,0.03,0.015,0.03,3.0688390521022995,3.2564216929281327,0.0497214054683338,0.0404378520283763,7.983605151503395,10.070593418367736,3.5916016109113,0.8859795217696083
close_only,0.03,0.015,0.05,3.089877590690503,3.277472141413802,0.0497214054683337,0.040437234948899,8.049300077588558,10.16481256029934,3.640758381324492,0.8954578253336949
close_only,0.03,0.015,0.08,3.0976340665079976,3.2940933211841976,0.0497214054683338,0.0407399360157035,8.080473404335768,10.131706515676845,3.664227323363143,0.8997713597152508
close_only,0.03,0.015,0.12,3.104819533484108,3.3031326120214834,0.0497438900312436,0.0402860982601564,8.100003056536437,10.297221140487078,3.681747949669975,0.9049435564812052
close_only,0.05,0.015,0.0,3.116774683164293,3.320202132582396,0.0494197104878413,0.0402860982601562,8.18838737930889,10.365345987309778,3.7083134986511928,0.9118117619789337
close_only,0.05,0.015,0.01,3.022851274671224,3.204653534011247,0.0497214054683338,0.0407397013148193,7.836545052816024,9.818028637054718,3.4830359075569444,0.8679754453788757
close_only,0.05,0.015,0.02,3.052722296706748,3.2389120320924905,0.0497214054683336,0.0405943753718846,7.933520183885759,9.983000821822236,3.554398971426532,0.881055655355742
close_only,0.05,0.015,0.03,3.0760718783802266,3.2613555112380808,0.0497214054683337,0.0404378520283762,8.007923796183197,10.091300882270776,3.6097506113858016,0.8880642140130841
close_only,0.05,0.015,0.05,3.095419460311389,3.283090589584783,0.0497214054683336,0.040437234948899,8.069247269674072,10.188428319665354,3.655765040843418,0.8978408600668655
close_only,0.05,0.015,0.08,3.101925191231738,3.303972603533477,0.0497214054683337,0.0405885883016679,8.095171282075606,10.201418969145656,3.675324759287189,0.9030094760286944
close_only,0.05,0.015,0.12,3.1083015296295837,3.306440329848262,0.0497438900312436,0.0402860982601564,8.112400317472728,10.310578703242651,3.6911386526183145,0.9062893390150888
close_only,0.07,0.015,0.0,3.116774683164293,3.320154298222938,0.0494197104878413,0.0402860982601562,8.18838737930889,10.3682452172335,3.7083134986511928,0.9121043093943284
close_only,0.07,0.015,0.01,3.0277695936000466,3.2087582192287374,0.0497214054683337,0.0407397013148193,7.852907418404418,9.83647184728603,3.495015171410137,0.86983773738318
close_only,0.07,0.015,0.02,3.0569919710873945,3.2409772825844083,0.0497214054683336,0.0405943753718846,7.94830180089104,9.994046652519192,3.565354048034826,0.8821705038630825
close_only,0.07,0.015,0.03,3.078447529444033,3.262466051536152,0.0497214054683338,0.0404378520283762,8.015759835341466,10.096591762635764,3.615610559959606,0.8885970357867607
close_only,0.07,0.015,0.05,3.098004833294642,3.283090589584783,0.0497214054683336,0.040437234948899,8.077019522314204,10.188428319665354,3.661622502486805,0.8978408600668655
close_only,0.07,0.015,0.08,3.103112601610447,3.302312003017853,0.0497214054683336,0.0405885883016679,8.09962818702219,10.20049683163958,3.6786939552996536,0.9029159327117922
close_only,0.07,0.015,0.12,3.110210355928672,3.30639561790123,0.0497438900312437,0.0402860982601564,8.118480606240158,10.313473420723724,3.6957497336054175,0.9065810413836012
close_only,0.1,0.015,0.0,3.116774683164293,3.320154298222938,0.0494197104878413,0.0402860982601562,8.18838737930889,10.3682452172335,3.7083134986511928,0.9121043093943284
close_only,0.1,0.015,0.01,3.031183860223219,3.219802841576294,0.0497214054683337,0.0407397013148193,7.864186570823247,9.881605583763571,3.503287437771444,0.8743987014185937
close_only,0.1,0.015,0.02,3.059362420227268,3.2463865874106053,0.0497214054683336,0.0405943753718846,7.956218011944903,10.02185716677042,3.5712294295118268,0.8849787509762184
close_only,0.1,0.015,0.03,3.0809284609483605,3.269453983689248,0.0497214054683338,0.0404378520283762,8.023707329611247,10.12475854111007,3.6215597953861223,0.8914347586771503
close_only,0.1,0.015,0.05,3.0992036816957085,3.2879526875188785,0.0497214054683336,0.040437234948899,8.081831622695717,10.202709517253505,3.665251964748895,0.8992826271434844
close_only,0.1,0.015,0.08,3.1039128119796566,3.3057488126622605,0.0497214054683336,0.0405885883016679,8.102467792328362,10.214604437883605,3.680841542439051,0.9043472662433104
close_only,0.1,0.015,0.12,3.110904462361229,3.3081530638417016,0.0497438900312437,0.0402860982601564,8.121309306528465,10.320591832174545,3.697896127792161,0.907298455469878
close_only,0.0,0.02,0.0,2.929318597427889,3.007833160961564,0.0494716188090207,0.0412828059832355,7.423561238831464,9.011650594384651,3.163034204762736,0.7992918891143981
close_only,0.0,0.02,0.01,2.712090834031349,2.75148917464146,0.049773313789513,0.0422320114142148,6.716186683733802,7.915235622684617,2.724575326617774,0.7084383182845468
close_only,0.0,0.02,0.02,2.797250009146376,2.8296975555553177,0.0497733137895131,0.0420816721484187,6.972997177770537,8.216885942319188,2.8900602181933173,0.7358950012637062
close_only,0.0,0.02,0.03,2.844668386074726,2.881973174459128,0.049773313789513,0.0416021362205143,7.113625957646782,8.475727383066,2.9830793339417347,0.7522871289589452
close_only,0.0,0.02,0.05,2.8814504320412664,2.9349973669683718,0.0497733137895131,0.0416091456796533,7.231573489407745,8.678151164920788,3.062426922417206,0.7727490641654537
close_only,0.0,0.02,0.08,2.907375388700731,2.972366071034056,0.0497733137895131,0.0419066163392003,7.309478949233343,8.737550955788585,3.1155096970378384,0.7850339078230391
close_only,0.0,0.02,0.12,2.9104207342931394,2.9950056325408827,0.0497957983524231,0.0412828059832355,7.322630644402015,8.958546101423982,3.126793813423592,0.7939562374397298
close_only,0.005,0.02,0.0,2.988617147524084,3.055523321257211,0.0494716188090207,0.0412829205155247,7.600708412709051,9.185651909301365,3.2860960063257334,0.8168283979362341
close_only,0.005,0.02,0.01,2.8192194527150307,2.83625666145251,0.049773313789513,0.0422321187234014,7.034174537158406,8.21004392207419,2.930315257468696,0.7381648132825003
close_only,0.005,0.02,0.02,2.87981122772518,2.905532777870138,0.0497733137895131,0.0420817781236508,7.2184696258486065,8.483339023956272,3.053551056912969,0.7628531877092508
close_only,0.005,0.02,0.03,2.919963809915469,2.948865846862847,0.0497733137895131,0.0416022434362719,7.340552316820992,8.720068546401501,3.136832702077739,0.7768244351525067
close_only,0.005,0.02,0.05,2.9494346900769703,2.997454319069613,0.049773313789513,0.0416092613941672,7.433278085775873,8.899619965848162,3.200975592232349,0.7951060644706105
close_only,0.005,0.02,0.08,2.9692732682977314,3.0233519023996167,0.0497733137895131,0.0419067223337989,7.494399860741743,8.92012360978085,3.2436792003520623,0.8036463261317599
close_only,0.005,0.02,0.12,2.971726717976544,3.0440211728045226,0.0497957983524231,0.0412829205155247,7.50545755883065,9.137230568336504,3.253822989165114,0.8119411315157916
close_only,0.01,0.02,0.0,3.0085699752918726,3.07632223207303,0.0494716188090207,0.0412829205155247,7.663739265072743,9.261064627896944,3.330560933018578,0.8244520585711401
close_only,0.01,0.02,0.01,2.8699749981668057,2.894796369664618,0.0497733137895131,0.0420796624724825,7.189623914636725,8.43904483451173,3.034065838409197,0.7583157962326676
close_only,0.01,0.02,0.02,2.9154367054323025,2.958400090402458,0.0497733137895131,0.0417773548582791,7.330412441121584,8.724581877717723,3.129865111982787,0.7809806749291495
close_only,0.01,0.02,0.03,2.94739424196526,2.9834178968770653,0.0497733137895131,0.0416022434362721,7.426912794275565,8.84201707383944,3.196547752689143,0.7891285791717215
close_only,0.01,0.02,0.05,2.976651764177379,3.023216468901342,0.049773313789513,0.0416092613941674,7.517205032687084,8.991858998154456,3.2596988754008978,0.8044545948473223
close_only,0.01,0.02,0.08,2.9912199961022687,3.0478187816490854,0.049773313789513,0.041754214286704,7.561915484960772,9.036347128800724,3.2912430794050502,0.8121708418726241
close_only,0.01,0.02,0.12,2.9954235820982413,3.063998542757569,0.0497957983524231,0.0412829205155247,7.578645019486022,9.2105129204201,3.3055210208456467,0.8193400318269459
close_only,0.015,0.02,0.0,3.0198202150490903,3.0889985749107565,0.0494716188090207,0.0412829205155248,7.699086342758,9.308165876257233,3.355653534355693,0.8292211158390086
close_only,0.015,0.02,0.01,2.896767295900817,2.923709660368531,0.0497733137895131,0.0420796624724823,7.270121612866182,8.547968446908438,3.0886253812084075,0.7693766899566736
close_only,0.015,0.02,0.02,2.939993944431531,2.9794377629350346,0.049773313789513,0.0417773548582792,7.4063054397741235,8.805029174384874,3.182237800503324,0.7891360647143391
close_only,0.015,0.02,0.03,2.9679567244094534,3.0111664949008308,0.0497733137895131,0.0416022434362723,7.490339327323212,8.945712479809066,3.2408317858888056,0.7996218745865069
close_only,0.015,0.02,0.05,2.992620093793001,3.038618472033848,0.049773313789513,0.0416092613941677,7.566364692242698,9.05205834253643,3.294392040568817,0.8105679512686683
close_only,0.015,0.02,0.08,3.003242709810958,3.0645026361786263,0.0497733137895131,0.0417542142867042,7.600699297564112,9.097347429103584,3.3187533467310466,0.8183994422311616
close_only,0.015,0.02,0.12,3.00774925181278,3.077521243048423,0.049795798352423,0.0412829205155248,7.617917502439552,9.261449364247689,3.3334637212091627,0.8244909903060533
close_only,0.02,0.02,0.0,3.028008916518026,3.097033055237715,0.0494197104878412,0.041282920515525,7.731665258070525,9.336538484733234,3.373088420845217,0.8320966490550266
close_only,0.02,0.02,0.01,2.915381201556146,2.953257763306254,0.0497214054683336,0.0420796624724823,7.335365046337317,8.642980111953122,3.128013138853471,0.7790509989717596
close_only,0.02,0.02,0.02,2.954310490872574,2.9979363940964743,0.0497214054683337,0.0417773548582792,7.458416821603104,8.869854317627972,3.2130704116141,0.7957202598143018
close_only,0.02,0.02,0.03,2.979495698596737,3.0254315191166974,0.0497214054683337,0.0416022434362721,7.534939684130647,8.989328287171222,3.2666513364199457,0.8040439687978649
close_only,0.02,0.02,0.05,3.0023056803055628,3.0551362432376035,0.0497214054683338,0.0416022434362722,7.603431238026219,9.104529734347452,3.3150585735456843,0.8157480288904337
close_only,0.02,0.02,0.08,3.0134037580392774,3.074131434917084,0.0497214054683338,0.0417533335859467,7.640166270678955,9.12926891044401,3.3411975410847647,0.821643108772071
close_only,0.02,0.02,0.12,3.0164931076667094,3.0844000783956744,0.0497438900312437,0.041282920515525,7.652653661981754,9.286381521357796,3.352583816933953,0.8270147098438365
close_only,0.03,0.02,0.0,3.0336830308806824,3.101911197708056,0.0494197104878412,0.0412829205155247,7.749782713772928,9.355381087271187,3.3860204732059804,0.834007478355834
close_only,0.03,0.02,0.01,2.9340612186808364,2.973079205683306,0.0497214054683337,0.0420796624724824,7.391867446796391,8.725043241555253,3.166901249621292,0.7874264500467958
close_only,0.03,0.02,0.02,2.9693778151896386,3.022832285390922,0.0497214054683337,0.0416262102600984,7.502202306963894,8.995087801476318,3.2436640775029035,0.8051540886613104
close_only,0.03,0.02,0.03,2.993264267769103,3.043942102593604,0.0497214054683338,0.0414510712170102,7.575167580080669,9.092387772577712,3.295031214726872,0.8111535906479934
close_only,0.03,0.02,0.05,3.011030902773132,3.065094916754738,0.0497214054683337,0.0414510712170102,7.6300600729945245,9.182515720884927,3.3339941418296304,0.8202905458393706
close_only,0.03,0.02,0.08,3.019728858831697,3.079704176111598,0.0497214054683338,0.0417533335859464,7.66133825348937,9.15121285301905,3.3563186054211416,0.8238879643366674
close_only,0.03,0.02,0.12,3.025615021541092,3.0892858110587835,0.0497438900312437,0.0412829205155247,7.67738373118396,9.305196570337126,3.3702942675872336,0.8289203003955106
close_only,0.05,0.02,0.0,3.03694191972779,3.10483882869668,0.0494197104878413,0.0412829205155247,7.759768755097838,9.366004735513522,3.393161157584709,0.8350852283516195
close_only,0.05,0.02,0.01,2.9474962044334547,2.997175662406532,0.0497214054683338,0.0417702801825203,7.434415786883843,8.870193834889783,3.196373699234843,0.7956020797335561
close_only,0.05,0.02,0.02,2.9792089357444413,3.029354744459455,0.0497214054683337,0.0416262102600984,7.53363216207051,9.01844245129626,3.2657313719178767,0.8075260542181006
close_only,0.05,0.02,0.03,2.9997908486127045,3.0504385965280427,0.0497214054683337,0.0414510712170102,7.597810042245641,9.11752848014361,3.311069651838383,0.8137001610901422
close_only,0.05,0.02,0.05,3.016997522323407,3.071192851112848,0.0497214054683337,0.0414510712170102,7.649652335040702,9.206890569722724,3.3479674283781806,0.8227652547983124
close_only,0.05,0.02,0.08,3.0236459899577244,3.0898418697993173,0.0497214054683337,0.0416021588187497,7.675676107175749,9.21614685510389,3.3665820520752145,0.8271193321782138
close_only,0.05,0.02,0.12,3.0288909409193447,3.092990555531013,0.0497438900312436,0.0412829205155247,7.6883644400122275,9.319160963220009,3.378176119399906,0.8303352086252644
close_only,0.07,0.02,0.0,3.03694191972779,3.1048068130508746,0.0494197104878413,0.0412829205155247,7.759768755097838,9.36876770276926,3.393161157584709,0.8353655742902497
close_only,0.07,0.02,0.01,2.9506979537695144,3.001387608000022,0.0497214054683336,0.0417702801825203,7.444051888177921,8.888422583976164,3.2030709922844025,0.7974551875925588
close_only,0.07,0.02,0.02,2.981280171229949,3.0315363843899568,0.0497214054683336,0.0416262102600984,7.540056268117392,9.029609160592674,3.270252822605572,0.8086606853836673
close_only,0.07,0.02,0.03,3.00149770737426,3.0515644422019994,0.0497214054683338,0.0414510712170102,7.60228813712217,9.122579550578296,3.3142471712036707,0.8142119969321555
close_only,0.07,0.02,0.05,3.019629599127853,3.071192851112848,0.0497214054683337,0.0414510712170102,7.657308865668659,9.206890569722724,3.3534376469598657,0.8227652547983124
close_only,0.07,0.02,0.08,3.024619528753385,3.08830716834828,0.0497214054683337,0.0416021588187497,7.678451615299882,9.215888997345631,3.3685710192636105,0.8270930200826667
close_only,0.07,0.02,0.12,3.030834658909209,3.092961231247578,0.0497438900312436,0.0412829205155247,7.694353350909288,9.321920077207269,3.382479578785226,0.8306148289034618
close_only,0.1,0.02,0.0,3.03694191972779,3.1048068130508746,0.0494197104878413,0.0412829205155247,7.759768755097838,9.36876770276926,3.393161157584709,0.8353655742902497
close_only,0.1,0.02,0.01,2.9541760406568285,3.012458253255496,0.0497214054683337,0.0417702801825203,7.455166136293116,8.931516837371115,3.210805987931308,0.801839593951448
close_only,0.1,0.02,0.02,2.983694894500839,3.0370581197247675,0.0497214054683336,0.0416262102600984,7.547857307543479,9.056154704031202,3.275748423619655,0.8113592539447774
close_only,0.1,0.02,0.03,3.004024263349689,3.058556170093752,0.0497214054683338,0.0414510712170102,7.610118805284789,9.149469665677602,3.319807967933853,0.8169379521328493
close_only,0.1,0.02,0.05,3.0208518036912437,3.075960655739983,0.0497214054683337,0.0414510712170102,7.662049318103972,9.22052294713348,3.3568271615851977,0.8241499878326091
close_only,0.1,0.02,0.08,3.0254348072154684,3.0917498769552387,0.0497214054683337,0.0416021588187497,7.681248827711088,9.229354815533537,3.370576255559929,0.8284673212064795
close_only,0.1,0.02,0.12,3.0315423661329994,3.094718763261465,0.0497438900312436,0.0412829205155247,7.697139539958691,9.328716174210088,3.3844827793868424,0.8313036581933257
close_only,0.0,0.03,0.0,2.9315843172737,2.975875353546173,0.0494716188090207,0.040670604949904,7.231378947428808,8.171497222678413,3.032665586077461,0.7038361200149255
close_only,0.0,0.03,0.01,2.7150978552571883,2.7346946232224,0.049773313789513,0.041620299259898,6.5480698929289165,7.221894642592058,2.6192564443217177,0.6291731512494179
close_only,0.0,0.03,0.02,2.798502838024592,2.8209879909291256,0.0497733137895131,0.0414698718748407,6.793609927154803,7.516390893720644,2.7738753448306634,0.6551518771574663
close_only,0.0,0.03,0.03,2.8490394968711263,2.8646681028413816,0.0497733137895131,0.040990123785529,6.936370695073218,7.72366915061279,2.8661142945795266,0.6666303443978454
close_only,0.0,0.03,0.05,2.8832734102964506,2.9029294615112304,0.0497733137895131,0.0409970436143522,7.0449176197276895,7.868990539607045,2.937417703945417,0.6807896575992349
close_only,0.0,0.03,0.08,2.908758620579634,2.939870055903289,0.0497733137895131,0.0412947983387244,7.118303790431651,7.922293913090527,2.986203052434126,0.6915301194367853
close_only,0.0,0.03,0.12,2.9114764713264707,2.963783581755184,0.0497957983524229,0.040670604949904,7.13110098898542,8.125161743191933,2.996914288603036,0.6993632210564242
close_only,0.005,0.03,0.0,2.991965812070072,3.034579310974204,0.0494716188090207,0.0406552206500072,7.406408020594859,8.368096669496587,3.151266229383115,0.7225674712210646
close_only,0.005,0.03,0.01,2.8225217315587456,2.826566022987345,0.0497733137895131,0.0416049179306134,6.8572279291572364,7.512011329685408,2.814764749064628,0.6571041075245598
close_only,0.005,0.03,0.02,2.881472012106419,2.905255861436564,0.049773313789513,0.0414544894826885,7.032232446753298,7.787969917047022,2.9290323745108577,0.681358409530942
close_only,0.005,0.03,0.03,2.9250158289472363,2.939332055889349,0.049773313789513,0.0409747348826805,7.157373463383864,7.974446421744026,3.012367384617244,0.69058649930409
close_only,0.005,0.03,0.05,2.951995551177564,2.975312268863899,0.0497733137895131,0.0409816633276506,7.242881485033002,8.105433263635078,3.070098551198206,0.7034428500483203
close_only,0.005,0.03,0.08,2.9721457245471616,3.002139439903012,0.0497733137895131,0.0412794131370103,7.301738168813773,8.126821035029106,3.110211233333289,0.7112788487937458
close_only,0.005,0.03,0.12,2.9741412463908863,3.023930536558859,0.0497957983524231,0.0406552206500072,7.312019791735897,8.326366154186548,3.119513349369464,0.7185199968541762
close_only,0.01,0.03,0.0,3.011678264376585,3.058945046180347,0.0494716188090207,0.0406552206500073,7.467211818499881,8.446499356871037,3.193098194839097,0.7301836898195826
close_only,0.01,0.03,0.01,2.8734022778394417,2.8810029576886045,0.0497733137895131,0.0414523618426847,7.008585227949499,7.708480239568532,2.913437983619797,0.6735498939747382
close_only,0.01,0.03,0.02,2.917106685768808,2.950446342240562,0.049773313789513,0.0411498668670466,7.140920249050964,7.9877337618748445,3.0013326414622696,0.6951881912075522
close_only,0.01,0.03,0.03,2.951988710981355,2.971792555346319,0.0497733137895131,0.0409747348826808,7.239963133063317,8.079524625605671,3.068117585930514,0.7007894464166564
close_only,0.01,0.03,0.05,2.979133998936684,3.006506781324875,0.0497733137895131,0.0409816633276502,7.324428380412057,8.205036905764135,3.125757480597824,0.7131489897011731
close_only,0.01,0.03,0.08,2.9940160151353186,3.0305789838700465,0.0497733137895131,0.0411268052356503,7.366997453193164,8.243457324505929,3.1550475942813803,0.7197524814663967
close_only,0.01,0.03,0.12,2.9973903977340464,3.047376789323829,0.049795798352423,0.0406552206500073,7.382223615712465,8.402674751533405,3.1678693993193425,0.7259245546448809
close_only,0.015,0.03,0.0,3.023404590476479,3.0712797448578986,0.0494716188090207,0.0406552206500072,7.50264735306733,8.481307343994652,3.2176285572234877,0.7335699885591296
close_only,0.015,0.03,0.01,2.9007221926926343,2.9171782206267207,0.0497733137895131,0.0414523618426849,7.088134200692314,7.822429167100624,2.9660902578483195,0.6846925396349728
close_only,0.015,0.03,0.02,2.944143028200898,2.9746758953054298,0.0497733137895131,0.0411498668670468,7.222200811227492,8.06313046402645,3.056076821726969,0.7025467595958883
close_only,0.015,0.03,0.03,2.971953616148076,3.000891102569955,0.049773313789513,0.040974734882681,7.299452301213853,8.172657269706718,3.1086476055859427,0.7098561770812153
close_only,0.015,0.03,0.05,2.995680377168461,3.0232764440252606,0.0497733137895131,0.0409816633276504,7.373543461432747,8.257594709437596,3.159566008714122,0.718280880872679
close_only,0.015,0.03,0.08,3.006515412066827,3.047242015564956,0.049773313789513,0.0411268052356503,7.405824649089615,8.292159850038892,3.181904390042704,0.7245330182766772
close_only,0.015,0.03,0.12,3.01073359253644,3.060601082099404,0.049795798352423,0.0406552206500072,7.422624405301189,8.44129082969,3.1958974457761373,0.7296772405558103
close_only,0.02,0.03,0.0,3.030778295716961,3.079256959068113,0.0494197104878413,0.0406552206500073,7.531692409195736,8.514444306234996,3.232317717949149,0.7367965606385676
close_only,0.02,0.03,0.01,2.917785114015398,2.949970897334719,0.0497214054683337,0.0414523618426849,7.146754125346098,7.9308800384555695,3.00024781049138,0.6953292400064666
close_only,0.02,0.03,0.02,2.955917788507981,2.99233056578365,0.0497214054683336,0.0411498668670468,7.265319218140065,8.126866955871625,3.0801976651256933,0.7087787870333708
close_only,0.02,0.03,0.03,2.983128811101356,3.016173107557482,0.0497214054683336,0.0409747348826808,7.341828078248007,8.226025563575734,3.1324469502840278,0.7150617599760591
close_only,0.02,0.03,0.05,3.004567510325035,3.0380238311568597,0.0497214054683338,0.0409747348826809,7.407076959860065,8.307654854676274,3.17741797857171,0.7230380679272475
close_only,0.02,0.03,0.08,3.015641037844821,3.0570206314038426,0.0497214054683337,0.0411259043092347,7.441063546121223,8.328724041043078,3.200993139743866,0.7281081692603693
close_only,0.02,0.03,0.12,3.018919296836029,3.067306111806361,0.0497438900312436,0.0406552206500073,7.454502228850653,8.47103151685903,3.212691684478912,0.7325699857120604
close_only,0.03,0.03,0.0,3.035502089560311,3.0851585112520805,0.0494197104878413,0.0406552206500073,7.546930154925859,8.528311029364739,3.2429180866684995,0.7381475961975721
close_only,0.03,0.03,0.01,2.93447010697519,2.970688973995419,0.0497214054683336,0.0414523618426847,7.195915094134992,7.9982650770652866,3.0332477938175346,0.7019538252233719
close_only,0.03,0.03,0.02,2.9691719114129502,3.009176180510309,0.0497214054683336,0.0409986410500791,7.302653413325572,8.208913664918132,3.105629024474569,0.7138591641254697
close_only,0.03,0.03,0.03,2.9949593273456507,3.027936685126548,0.0497214054683337,0.040823481444632,7.376206679793152,8.293201513772866,3.156094107732517,0.718632315242465
close_only,0.03,0.03,0.05,3.0124724347956264,3.053066501983392,0.0497214054683337,0.0408234814446318,7.430768397806656,8.380912005830538,3.1938408618149454,0.7271800379764188
close_only,0.03,0.03,0.08,3.021428749077543,3.063638290543665,0.0497214054683337,0.0411259043092347,7.460424094384585,8.345721040100987,3.2144691502235068,0.7297795601837644
close_only,0.03,0.03,0.12,3.025858032422488,3.0732081891241245,0.0497438900312436,0.0406552206500073,7.473852354582049,8.484880478531569,3.2261958041570127,0.7339177742784759
close_only,0.05,0.03,0.0,3.038629906593375,3.0869165520650568,0.0494197104878413,0.0406552206500073,7.555926037025772,8.533747763246712,3.2491859314772604,0.7386774297794445
close_only,0.05,0.03,0.01,2.947690347252515,2.9840297702964143,0.0497214054683336,0.0411428797630293,7.236280242826376,8.096240388717444,3.0605020210400777,0.705648451812146
close_only,0.05,0.03,0.02,2.978605726788764,3.0132738310053804,0.0497214054683337,0.0409986410500791,7.331994080555359,8.222027547479927,3.125702041018453,0.7151397521927183
close_only,0.05,0.03,0.03,3.0014197877262707,3.033618557927457,0.0497214054683337,0.040823481444632,7.397708521733037,8.313294380567088,3.170937655923316,0.7205887135695885
close_only,0.05,0.03,0.05,3.018311598972942,3.0569496549657726,0.0497214054683336,0.0408234814446318,7.449245913375909,8.396016866991348,3.2066844084335564,0.7286540398239267
close_only,0.05,0.03,0.08,3.025102556900709,3.073365703027512,0.0497214054683337,0.0409746483218817,7.473320388738383,8.402794836827827,3.223464393032706,0.7323543679743678
close_only,0.05,0.03,0.12,3.0295071865307883,3.075795311781321,0.0497438900312436,0.0406552206500073,7.483874351888126,8.493621519738575,3.233203254667845,0.7347687062146695
close_only,0.07,0.03,0.0,3.038629906593375,3.0868127735819284,0.0494197104878413,0.0406552206500073,7.555926037025772,8.53647424860466,3.2491859314772604,0.738943165805843
close_only,0.07,0.03,0.01,2.9509192999260936,2.9927060684029594,0.0497214054683336,0.0411428797630293,7.245766385038709,8.12798694339685,3.0669278023658557,0.70875333201873
close_only,0.07,0.03,0.02,2.9807648075731192,3.022823482908528,0.0497214054683338,0.0409986410500791,7.33830527605845,8.253652257120741,3.1300297537835977,0.7182297629911889
close_only,0.07,0.03,0.03,3.0031455674552903,3.0405953857249197,0.0497214054683338,0.040823481444632,7.402104439692359,8.33434385870044,3.173977415988157,0.7226393568086391
close_only,0.07,0.03,0.05,3.021005586830514,3.059874736963387,0.0497214054683337,0.0408234814446318,7.456823425507771,8.405342710744684,3.211960334955715,0.7295643883194614
close_only,0.07,0.03,0.08,3.0263358152399302,3.0751418183548505,0.0497214054683336,0.0409746483218817,7.476722639134405,8.413896704147204,3.225839979906211,0.7334431967470814
close_only,0.07,0.03,0.12,3.0307830517555314,3.07706796394569,0.0497438900312437,0.0406552206500073,7.488043033803433,8.501026744062186,3.2361206959222635,0.7354897484328113
close_only,0.1,0.03,0.0,3.038629906593375,3.0868127735819284,0.0494197104878413,0.0406552206500073,7.555926037025772,8.53647424860466,3.2491859314772604,0.738943165805843
close_only,0.1,0.03,0.01,2.9544584826855727,2.9954396769235268,0.0497214054683337,0.0411428797630293,7.256763966880495,8.137750532231696,3.07438734566317,0.709708755668538
close_only,0.1,0.03,0.02,2.9832149701885764,3.024883229835297,0.0497214054683337,0.0409986410500791,7.346030094054279,8.260227886006678,3.1353316384065284,0.7188725818223807
close_only,0.1,0.03,0.03,3.005713664226233,3.042658083390676,0.0497214054683338,0.040823481444632,7.409859196504768,8.340956821718464,3.179344016285081,0.7232838253434999
close_only,0.1,0.03,0.05,3.022246620467151,3.059874736963387,0.0497214054683337,0.0408234814446318,7.461529653484412,8.405342710744684,3.215239697683385,0.7295643883194614
close_only,0.1,0.03,0.08,3.027167042088017,3.0751418183548505,0.0497214054683336,0.0409746483218817,7.479499546818646,8.413896704147204,3.2277797006233087,0.7334431967470814
close_only,0.1,0.03,0.12,3.031933123007239,3.07706796394569,0.0497438900312436,0.0406552206500073,7.491891823170237,8.501026744062186,3.2388156545907822,0.7354897484328113
intrabar,0.0,1.0,0.0,3.2577642558070434,2.9165294826631825,0.0351254219176029,0.0473177236370025,10.13725266061862,6.005410972353177,3.010062371818038,0.5911925954039263
intrabar,0.0,1.0,0.01,1.7616475245999008,1.39188261518407,0.0304225094736446,0.0356436477638237,2.1317470134457226,1.4399344440861548,0.3317663066593226,0.0974085207854773
intrabar,0.0,1.0,0.02,2.512698186333153,2.527104253042689,0.0338443306468655,0.0263795924610489,3.914231414503523,4.553329006357163,0.7633722205833351,0.23449030568426
intrabar,0.0,1.0,0.03,2.531103610916668,2.579762160385888,0.0326818751317057,0.0402919706704934,4.733606002909681,3.564594243645103,0.92679273375789,0.2830415271325737
intrabar,0.0,1.0,0.05,3.144257058868267,2.7288636164361675,0.0333313110613166,0.0362506043218351,7.938731532893657,4.911660163172886,1.9165604611337987,0.3556939109053332
intrabar,0.0,1.0,0.08,3.113636487436568,3.0781151877294866,0.0364364450894025,0.0341566007909522,7.892110024222323,6.725109254374278,2.1658336287294118,0.4681634229617197
intrabar,0.0,1.0,0.12,3.3493345116684123,3.2167699263018403,0.0384491981623369,0.0446237616897876,8.94969891375483,5.339576058038012,2.851232503421689,0.4872112070758925
intrabar,0.005,1.0,0.0,1.102691959803826,1.7476433634798607,0.050672043438621,0.0356652990774084,1.7430361189317298,3.999935426610936,0.4709518792743639,0.281030315985959
intrabar,0.005,1.0,0.01,-4.584499670731848,-7.474505420701687,0.1503419150562007,0.1505001581302916,-0.2334759681774041,-0.5586758280649093,-0.1503419150562007,-0.1505001581302916
intrabar,0.005,1.0,0.02,-3.138398128137009,-3.674185360780565,0.1491799187919858,0.1355617831214019,-0.2329081999424297,-0.5511917199665567,-0.1489116568800252,-0.1343068048994086
intrabar,0.005,1.0,0.03,-1.74603076701345,-1.5850075747772896,0.1479860261559261,0.0950032094048878,-0.2320736196861857,-0.5372593661683699,-0.1472960381213403,-0.0927124465958689
intrabar,0.005,1.0,0.05,-0.4106712427861178,0.1300612854545958,0.0950255614659305,0.0432708343776396,-0.1446327737718007,0.1059781610996196,-0.0611502729591832,0.0085331517453628
intrabar,0.005,1.0,0.08,-0.2888155538191907,0.8052742401647678,0.0789025392729682,0.0557726151404602,-0.1401508527845359,0.7161708922203148,-0.0494373862371618,0.0754467805879757
intrabar,0.005,1.0,0.12,0.392469103425009,1.1773150872985412,0.0733475839294188,0.0524584814971976,0.2647180224604958,1.310675431885016,0.091640011998948,0.1314403291463188
intrabar,0.01,1.0,0.0,2.322021432798145,2.711061478234114,0.0468549326577662,0.0348784466145799,5.134003922889982,7.285762765506902,1.6720337969267902,0.5227451660423146
intrabar,0.01,1.0,0.01,-3.7395719354723744,-5.774311831947649,0.1518231668825301,0.1504594168616194,-0.2319623004909703,-0.5586699035073285,-0.1508076594173119,-0.1504594168616194
intrabar,0.01,1.0,0.02,-2.169944012140967,-1.6405087316123963,0.1505313407037178,0.0901533522604715,-0.2298309980261776,-0.4995558768623408,-0.1483146560896278,-0.0820216008503496
intrabar,0.01,1.0,0.03,-1.5443916145655363,0.3753221672622822,0.148157921445503,0.0506752698339659,-0.2275111261623991,0.2943222658404918,-0.1447320611639833,0.0278759554152105
intrabar,0.01,1.0,0.05,0.3210272852136793,1.8141656308691247,0.0936380822588676,0.0369094104065303,0.1340210402232322,2.7091605367937084,0.0585113768065408,0.1936235448108325
intrabar,0.01,1.0,0.08,1.0803552988117635,1.7830706884331955,0.078827427041909,0.0281982371436462,0.7171895429103986,3.672131875848839,0.2849838552429764,0.200795811368857
intrabar,0.01,1.0,0.12,1.6771833908807394,2.634305254848544,0.0646803683588349,0.0342409433841185,1.860983864216283,5.915559016149407,0.6790485399037243,0.4085292740218837
intrabar,0.015,1.0,0.0,2.7952769362480225,3.042076184734417,0.0435768892123022,0.037073003597607,7.355883158599349,6.620315267823349,2.5528704471685573,0.5032278707625952
intrabar,0.015,1.0,0.01,-3.182075145516396,-4.805127663955722,0.1511832701945216,0.1506791793926,-0.2318884954980165,-0.5587018643839579,-0.1501669965920566,-0.1506791793926
intrabar,0.015,1.0,0.02,-1.836212205220912,-1.433783530171968,0.1510578169743635,0.0851082898209616,-0.2298989020675129,-0.4982657818887322,-0.1488425061977141,-0.0773207805467929
intrabar,0.015,1.0,0.03,-1.2254980934313726,0.9026931650880684,0.14025106827333,0.044950435492139,-0.2263621332658315,0.8409761585401666,-0.136793408935487,0.0713395179055331
intrabar,0.015,1.0,0.05,0.7232384943730553,2.3206152883879367,0.0995265409264498,0.0348339234696241,0.3294113232384571,3.613357444607813,0.1584542749786519,0.2462901988014374
intrabar,0.015,1.0,0.08,1.6830499155619492,3.027619779785761,0.0799998101850213,0.0276250780768824,1.3176406992355074,7.51802878046127,0.5792385272443263,0.4197125877052194
intrabar,0.015,1.0,0.12,2.162463672189481,2.96843124308406,0.0565482118053686,0.0303550365484643,3.4243033048922458,7.06748792621136,1.2413155010032355,0.4346987902088668
intrabar,0.02,1.0,0.0,3.0057500229672045,3.119554229399475,0.0351254219176026,0.0328171715310317,10.01263857074329,7.711263538623776,2.951383691739895,0.5203687994990129
intrabar,0.02,1.0,0.01,-2.995600740676404,-4.063136747004552,0.1520678470926337,0.1498038280774783,-0.2319905208441626,-0.5585746056493021,-0.1510526325788028,-0.1498038280774783
intrabar,0.02,1.0,0.02,-1.6119881528855646,-1.220982306295112,0.1510057241234821,0.0788753245717066,-0.2298921855680799,-0.4726554719958057,-0.1487902774107746,-0.0681276694347503
intrabar,0.02,1.0,0.03,-0.5081460959062787,0.8006371233933427,0.12862746316669,0.052187259203688,-0.1336229978155446,0.705393149113521,-0.07600489282949,0.0694428643745619
intrabar,0.02,1.0,0.05,1.403671798061416,2.15960503495136,0.0653018044823079,0.0421328002901922,1.2339340082839412,2.94833766669822,0.4238233189063629,0.2429091275981187
intrabar,0.02,1.0,0.08,2.388373950142189,3.0745207635739358,0.0490648864812077,0.0365039600825439,3.985489561995873,5.916105793176778,1.2577091227956951,0.4378318708412485
intrabar,0.02,1.0,0.12,2.636685059640373,3.0597602906369974,0.0325825543098553,0.0343622193320529,7.9094613410990275,6.495347293172023,1.8447259784533387,0.4537566393960552
intrabar,0.03,1.0,0.0,3.215816688829329,3.058803955467516,0.0351254219176027,0.0381812421568459,10.928771975420895,7.931440095551612,3.3988424900283025,0.6344225615160344
intrabar,0.03,1.0,0.01,-2.205345748838571,-2.5210284233817823,0.1532635446713489,0.1284378788972596,-0.2321284230280102,-0.4660209901357473,-0.1522497617455666,-0.1082990970119393
intrabar,0.03,1.0,0.02,-0.5914823153769138,-0.5131393945228608,0.1181920742303426,0.0708322476512763,-0.1482092195815884,-0.2330707486145409,-0.0774167935970387,-0.0304423375186972
intrabar,0.03,1.0,0.03,0.0406346755411905,1.2238753524325563,0.093614030109601,0.0626762890104537,0.0087327304752425,0.9628619291643016,0.0037328655792796,0.1149665035546894
intrabar,0.03,1.0,0.05,2.1396676958608385,2.588254375005461,0.0326784314367153,0.0562963515462205,4.940473919803326,3.2288112172559207,0.9786372955213394,0.3636542462497809
intrabar,0.03,1.0,0.08,2.772457158411599,3.2161866051778523,0.0273694346519743,0.0556345987815067,8.841641922872967,4.719511529168052,1.686178661663419,0.5418590376190784
intrabar,0.03,1.0,0.12,2.9623824127135974,3.378746868465301,0.0352357470532376,0.0492474521099411,8.628487146714715,6.016380306847058,2.354735513659497,0.6192164344950488
intrabar,0.05,1.0,0.0,3.282706482768196,2.939494006788703,0.0351254219176028,0.0410765362429297,11.3385935687178,7.009995277969586,3.611369214259621,0.5999110868305895
intrabar,0.05,1.0,0.01,-0.986442984996996,-0.5328427077505837,0.1366096126687825,0.0753992270809318,-0.19865917385485,-0.2217969510136719,-0.1179000187508295,-0.0308348197078168
intrabar,0.05,1.0,0.02,0.5729649606685603,1.1777944924713546,0.0672053252691927,0.0671477636052563,0.378707222854368,0.7930230822705628,0.121416856295071,0.1011435646603597
intrabar,0.05,1.0,0.03,1.6360329153044977,1.583233520099945,0.0463094314992567,0.0586439683384201,2.333621703476823,1.3973478010652909,0.5966247687006443,0.15750979326998
intrabar,0.05,1.0,0.05,2.6195916569008184,2.69395451683566,0.0387928672350136,0.0586709398314369,5.674376950246828,3.423839160357057,1.4772118645287802,0.4048891012199365
intrabar,0.05,1.0,0.08,3.06860556238768,3.0604989791063604,0.0309163943906332,0.0481952128243219,9.518486048287158,5.245379424605336,2.2418375618353386,0.5197837095923503
intrabar,0.05,1.0,0.12,3.227253505450548,3.2406011010414866,0.0346526711646159,0.0484134783453937,9.933388268558204,5.87374081313159,2.8526657327806864,0.5916663161264761
intrabar,0.07,1.0,0.0,3.206670429134896,2.9743206851924984,0.0408191664851231,0.0333017399745885,9.501713683748209,8.781388745992453,3.4567374866843554,0.6102830380561217
intrabar,0.07,1.0,0.01,-0.2470578378615389,-0.1012319740168962,0.0977086835013117,0.0580391628015286,-0.0880336495796652,-0.0811746277307454,-0.0386234224104481,-0.0087319004438964
intrabar,0.07,1.0,0.02,1.2028698091858925,1.3955886928354706,0.0677749884118914,0.0463525269828223,0.8747101741983023,1.256983117102619,0.3003004211732505,0.1108997662492929
intrabar,0.07,1.0,0.03,2.1970271555277425,1.905222644375923,0.0451894362748339,0.0364248074259979,3.4409017221281903,2.820918666076224,0.9328051412583208,0.1991872946530168
intrabar,0.07,1.0,0.05,2.931588199593172,2.8891129886896025,0.0409425867856737,0.0322998380184324,6.295509485744944,5.801516352907495,1.8451796671949976,0.375717442147697
intrabar,0.07,1.0,0.08,3.147645819234275,3.217267560621765,0.0374794099541775,0.0317036691258294,8.176865912913376,8.546671003427049,2.3833680248096822,0.5609475424969954
intrabar,0.07,1.0,0.12,3.324441395363928,3.200427689946816,0.0431445959631843,0.0414120943334798,8.366861138093626,6.932463918641125,3.076685950912144,0.5979311691446891
intrabar,0.1,1.0,0.0,3.1609615545900964,2.4304650027824124,0.035859728441019,0.0458350519710278,9.939543220591082,4.000974987042832,3.0148381677999163,0.3671163257780638
intrabar,0.1,1.0,0.01,0.4273197249225566,1.045293750176124,0.0846801920082572,0.0571311396516269,0.2062609888520891,0.8202459926648973,0.0821503819724782,0.0887726584374226
intrabar,0.1,1.0,0.02,1.84184513907557,2.4415536245239235,0.0579570427935117,0.0423117549867943,1.9195721990228625,2.883419507323804,0.6176506458656794,0.2383565420553666
intrabar,0.1,1.0,0.03,2.3114017243745293,2.801421697421959,0.054362228914776,0.0291164961607633,2.845074693501648,5.433855276855352,0.926499692881388,0.3136071650624998
intrabar,0.1,1.0,0.05,2.956050414389394,2.374135506012442,0.0450730353728608,0.0332960502558883,5.892563851459523,3.882064161738641,1.9269581042092996,0.25326826723606
intrabar,0.1,1.0,0.08,3.1864217300138176,2.5758549685733607,0.0376087695195714,0.0345297300612981,8.425800186162318,4.4849417007872106,2.508162762571632,0.3065576828944603
intrabar,0.1,1.0,0.12,3.3308318186012342,2.5328870876658653,0.0407581707808552,0.0441463287802273,8.968443038496227,3.7049744292109934,3.1392331105692044,0.3248901610192722
intrabar,0.0,0.005,0.0,3.1751061307367405,2.845264708808636,0.0494716188090206,0.040427433041886,8.400703401467592,8.595826908655722,3.877665441871617,0.7400340895646138
intrabar,0.0,0.005,0.01,1.8981102309384064,1.383215423864229,0.0468584323825366,0.0320242224634181,1.594396156575951,1.852653047235573,0.388913016567997,0.1129777304933035
intrabar,0.0,0.005,0.02,2.582645439987307,2.521286076605746,0.032191077119548,0.0410447045213477,4.552073454567838,3.802961323479061,0.8654339108231137,0.3091381417093883
intrabar,0.0,0.005,0.03,2.5367084992743525,2.543904590436368,0.029492026725277,0.039321676012036,5.5768559889774885,5.14095801902647,1.0022500613344003,0.4076522669612537
intrabar,0.0,0.005,0.05,3.2059598680892187,2.8008576892609804,0.0302046220161942,0.0392217884053694,8.91628119690985,6.599349687037092,1.9663605072855828,0.5334106406350976
intrabar,0.0,0.005,0.08,3.3341708007849284,2.835903159045698,0.0506484400545754,0.0390633537138446,6.8496390833322325,7.531776774879319,2.888142922035131,0.6144063220353841
intrabar,0.0,0.005,0.12,3.427077528890959,2.9939700545025136,0.0492705467892941,0.0392223209014293,8.16370686486183,8.548712150735017,3.6711768639175135,0.7108741422363887
intrabar,0.005,0.005,0.0,0.914108745227278,1.885157973535579,0.0550703483163568,0.0364633221055609,1.2942157538837509,5.027332792752771,0.3687695208748074,0.366962624232686
intrabar,0.005,0.005,0.01,-4.485721985673931,-7.373255068113328,0.1502203836020369,0.149943167380388,-0.2334633650797804,-0.5585948544550187,-0.1502203836020369,-0.149943167380388
intrabar,0.005,0.005,0.02,-3.058011637205708,-3.4042586794877354,0.149493611400047,0.1342824490529817,-0.2329416632535568,-0.5509538133199404,-0.1492254483947539,-0.1330256135132955
intrabar,0.005,0.005,0.03,-2.27354181195636,-1.52479401092081,0.1495404891103232,0.0958756038999455,-0.2322469862601749,-0.5432912177836402,-0.1488517599293144,-0.0945706283892192
intrabar,0.005,0.005,0.05,-0.4376244039332774,-0.0142662339074026,0.1078903637030717,0.0483830659279826,-0.1439135102872535,-0.0364518965768632,-0.0688645782731737,-0.0032728824915213
intrabar,0.005,0.005,0.08,-0.1466444030992566,0.6160367000548821,0.0806678646115083,0.0511488690105722,-0.0808276785227588,0.6694131738276818,-0.0293859171878987,0.064519659201566
intrabar,0.005,0.005,0.12,0.2352917053582121,1.0756555228435871,0.0853528407690452,0.0537863501548038,0.1204052275608797,1.3865705680810334,0.0477224974043166,0.1429145306215202
intrabar,0.01,0.005,0.0,2.269218495670009,2.376284050605665,0.0461739623523892,0.0393694386467953,5.167640546288259,6.802484671863244,1.653005454090816,0.5537685376585519
intrabar,0.01,0.005,0.01,-3.519201210974373,-5.285170716949507,0.1506200788747232,0.1507213230777089,-0.2318235345746127,-0.5587079943972612,-0.1496031309730234,-0.1507213230777089
intrabar,0.01,0.005,0.02,-2.3873009780236067,-1.7737297177181068,0.1502975413056115,0.1011636026036796,-0.2298008259109417,-0.523110066590545,-0.1480802465930524,-0.0960447719000575
intrabar,0.01,0.005,0.03,-1.4886985770834242,0.1264310487773751,0.1475910284503434,0.048167489629949,-0.2274296491686191,0.0950922415982729,-0.1441628882906104,0.0085230672060891
intrabar,0.01,0.005,0.05,0.6944274972639387,1.311586774722265,0.1014665809658929,0.0373029770951803,0.3259421761250841,2.1162415282355016,0.1599231641014105,0.1515485847968782
intrabar,0.01,0.005,0.08,0.7415003106059574,1.788102922831891,0.0844434713951165,0.0387436754997949,0.4378713936327072,3.4668779002815646,0.1800396589090551,0.2637219217022279
intrabar,0.01,0.005,0.12,1.264537714105954,2.1811528048575504,0.0596159017943036,0.0409356933187281,1.23067095441468,4.832239720960352,0.3810148826743149,0.3982290536950577
intrabar,0.015,0.005,0.0,2.7781414092982653,2.663958729764322,0.0422435934825007,0.0375517018536426,7.603648558755025,8.497684697662347,2.5609608892579185,0.672532060245534
intrabar,0.015,0.005,0.01,-2.9440291273253725,-4.4639569614692265,0.15142895888806,0.1506476607291856,-0.2319168333580132,-0.5586972800237442,-0.1504129794444222,-0.1506476607291856
intrabar,0.015,0.005,0.02,-1.7355403725183365,-0.5415494536746606,0.149726736417161,0.0904277166015046,-0.2297271180174876,-0.2177288728559186,-0.1475079521918341,-0.0362559492584039
intrabar,0.015,0.005,0.03,-1.0722031995437975,0.8948974207314759,0.1306167517088469,0.0432662705284845,-0.2249190235495057,1.024365640005469,-0.1271203459609724,0.0838696323770313
intrabar,0.015,0.005,0.05,1.1983620994727608,2.052778829053109,0.0998641989882483,0.0357658046982604,0.6497217131375528,4.130410214530268,0.3319422048036029,0.2916032775929997
intrabar,0.015,0.005,0.08,1.8315158360393076,2.5763866094147465,0.0668705484767838,0.0246815111279279,2.017474978149539,9.318874052954122,0.7807269001905541,0.4688220674193506
intrabar,0.015,0.005,0.12,2.157828244120948,2.784643412623853,0.0538662579056874,0.0283222121207234,3.42403502949472,9.982836747212534,1.163637480536456,0.5879118728892307
intrabar,0.02,0.005,0.0,2.8368426626277325,2.7846214922200776,0.0425606653178772,0.038220632179617,8.333331827222686,8.852744817321504,2.991178766803091,0.7181557988855989
intrabar,0.02,0.005,0.01,-2.7739726105351608,-3.485230897030301,0.1505958051139954,0.1476805944119816,-0.2318207346601171,-0.5386353447248046,-0.1495788281497414,-0.1426725129202016
intrabar,0.02,0.005,0.02,-1.5765785188026968,-0.2506588507942991,0.1511631654396767,0.0924329041235335,-0.2299124834197223,-0.111707383901667,-0.1489481295693698,-0.0190909148351317
intrabar,0.02,0.005,0.03,-0.3131801463434761,0.9052773631459652,0.1119097039933443,0.0492543267981184,-0.0951501409582107,0.9597425527884792,-0.0476390540827549,0.0895644814640954
intrabar,0.02,0.005,0.05,1.466885763939018,1.7185614388174095,0.0578804227735706,0.0346691587166798,1.7175659104158472,3.1267206968308936,0.5405462880907734,0.2106214992967405
intrabar,0.02,0.005,0.08,2.385129985127335,2.841168980711384,0.0556465554037111,0.0278994554767697,3.526500818009049,9.178351453750883,1.263656627896856,0.5271563363354155
intrabar,0.02,0.005,0.12,2.603681871955976,2.864775227556475,0.056178440158572,0.0272051460107458,4.475693067095882,10.776699446904622,1.780605226585494,0.6120099750548182
intrabar,0.03,0.005,0.0,3.113056423011137,2.849378553060576,0.0431498398628099,0.0395184543811617,9.324615605468688,8.898957497389471,3.6730813862173513,0.7500375063796982
intrabar,0.03,0.005,0.01,-2.003759356350349,-2.27568153957243,0.1527012826312192,0.1265208716971194,-0.232063576963243,-0.4616219609935889,-0.1516868265188125,-0.1057434262175501
intrabar,0.03,0.005,0.02,-0.3967148566411398,0.3813176057941967,0.1088373824396099,0.0690209528060428,-0.1197502305002754,0.2479889041417687,-0.0580624515619077,0.0320206493602313
intrabar,0.03,0.005,0.03,1.1047788541492307,1.5424769857725538,0.0910565197996074,0.0448998845913635,0.5737710306716892,2.26558250104428,0.2613729553583757,0.1971139910465211
intrabar,0.03,0.005,0.05,2.271762857829201,2.4079378280118138,0.0476794705920729,0.0382294047784246,3.608849011600988,5.229795386487459,1.0624906644554688,0.4028303596803997
intrabar,0.03,0.005,0.08,2.8683963727188986,2.867308133361678,0.0490237219475038,0.0352672802600856,5.307762459235628,7.854874596756109,1.870556059015254,0.5747961285255578
intrabar,0.03,0.005,0.12,3.025533614959773,3.1219969662353537,0.0361548226235991,0.0280206017947157,8.212479581592792,12.083609680837904,2.272137169239553,0.7187101855816629
intrabar,0.05,0.005,0.0,3.130778825334504,2.8192385187451143,0.0443281889526758,0.0397341119505051,9.226993367774138,8.64907779019396,3.7751340919017577,0.7308274640698338
intrabar,0.05,0.005,0.01,-0.3478566487490482,-0.4307056788076566,0.1083195826747453,0.0911572722955795,-0.1172230475960129,-0.177557242000254,-0.0566005500735632,-0.0298503623392564
intrabar,0.05,0.005,0.02,1.2809695808908306,1.4462705204498003,0.0695092017556326,0.0469872538224363,0.9305258028687926,1.7406006455945255,0.3307801450809198,0.1571919658669864
intrabar,0.05,0.005,0.03,1.9221104924383587,2.17330393377002,0.0490334510695982,0.0282450276896909,2.611666879331498,5.575506241584459,0.7322406509294703,0.3120605068902347
intrabar,0.05,0.005,0.05,2.78827936691997,2.555119046360505,0.0353834978425429,0.0368960657639542,6.522761200596811,6.21915037431139,1.5775609949737643,0.467620924088171
intrabar,0.05,0.005,0.08,3.143518295032584,2.790465720736437,0.0385482337240872,0.0319883086958697,8.113680082159808,8.75166714299837,2.458445782298827,0.5815152067497837
intrabar,0.05,0.005,0.12,3.2909733398891445,3.0954429083048,0.0381751764853732,0.02787140175514,9.52704534575366,12.057298016711302,3.11385403445665,0.7126674424162334
intrabar,0.07,0.005,0.0,3.1238362737997694,2.819000883950337,0.0455065380425417,0.0407954147600906,8.927900133977152,8.483706496336593,3.73297095517953,0.7366521123862828
intrabar,0.07,0.005,0.01,0.5907081933711102,0.2021066777122755,0.0728565759948339,0.051118532194654,0.3091531334583325,0.1765994611396044,0.1068946494597897,0.0168302031063258
intrabar,0.07,0.005,0.02,1.810035607475361,2.188518693125842,0.0699361814798955,0.0382235809012003,1.278095687552655,3.7715708970764936,0.4775074443417004,0.2841635720162814
intrabar,0.07,0.005,0.03,2.401132424180098,2.77061201234602,0.0504247025933818,0.0329247516857888,3.3656518921494074,6.500018830052503,1.043654918697269,0.4335530751858596
intrabar,0.07,0.005,0.05,3.0020283484336057,3.027382004185217,0.0382621039384303,0.029148786397516,6.769542349929607,9.54872650496344,1.8582244523453169,0.5778061387288866
intrabar,0.07,0.005,0.08,3.2879877776867983,3.096648947012826,0.0366574296084689,0.0344660309749616,9.062046439468176,9.24998152243688,2.697978578262401,0.6718436670935801
intrabar,0.07,0.005,0.12,3.3988080321307703,3.0138069241837724,0.039424018525041,0.0323641176523309,9.632103459348482,10.141157947472292,3.339138331198015,0.6940402738050668
intrabar,0.1,0.005,0.0,3.138623277794021,2.7852004150545806,0.0472740616773404,0.0404352158891806,8.699336429085871,8.448173749765298,3.809799329538727,0.7259033711562484
intrabar,0.1,0.005,0.01,0.8601531898053323,0.7956997930670248,0.0817131611491773,0.0440916598841378,0.4389107827138291,0.9505103608605092,0.1742882436505146,0.0792272804728679
intrabar,0.1,0.005,0.02,1.7139647809600462,2.42764944766374,0.074699440724561,0.0355754819900619,1.1985232154402574,3.979259631652907,0.4783974158017074,0.2787518106544704
intrabar,0.1,0.005,0.03,2.251948503782997,2.8141181778931217,0.0588047128815191,0.0341118412221141,2.669130032320943,6.882765918212326,0.9440037172883112,0.4794402851278039
intrabar,0.1,0.005,0.05,2.958304964202945,2.9398753061090432,0.0474389209793533,0.0296560554016305,5.667632262728923,9.62136528057854,1.961605323127696,0.5938845497405338
intrabar,0.1,0.005,0.08,3.261048039859697,2.8386930554393253,0.0426127556466745,0.0368766646457165,8.060929907016385,7.965835161946482,2.843265687679134,0.6133338345349244
intrabar,0.1,0.005,0.12,3.3004925851465976,3.047184696217048,0.0438687516135755,0.0355949627734853,8.700046352865684,7.572711188630821,3.366794870643896,0.557731997299372
intrabar,0.0,0.01,0.0,3.0396796061003104,3.166555570522725,0.0494716188090206,0.040427433041886,7.83390961976008,9.840197722826945,3.452407477490733,0.8626027950695463
intrabar,0.0,0.01,0.01,1.6806062867122986,1.9054658523644332,0.0640835371799946,0.0320242224634186,1.027443767057321,2.513733161209452,0.3374160962909054,0.1546391128463742
intrabar,0.0,0.01,0.02,2.4091258323539435,3.0836724062833563,0.0371491242123792,0.0424285071585372,3.68228480426611,4.511114669210513,0.7942450985712735,0.3843621816738656
intrabar,0.0,0.01,0.03,2.655064908913802,3.038801145109944,0.0312777305286053,0.039321676012036,5.758550715432928,6.247479307936054,1.1278435179785342,0.5037353654584773
intrabar,0.0,0.01,0.05,3.0739942623370324,3.278757308386545,0.030344201872476,0.0392217884053694,8.431605933451984,8.032848444081583,1.8255934393548128,0.6630318126794235
intrabar,0.0,0.01,0.08,3.207265153610237,3.2709992919967963,0.0506484400545754,0.0390633537138446,6.49881227125604,9.07879554003887,2.6597008162637863,0.7571979534807973
intrabar,0.0,0.01,0.12,3.243993891978889,3.468699257296018,0.0492705467892942,0.0392223209014294,7.686517547894915,10.268187241164018,3.324570087179296,0.87481685861275
intrabar,0.005,0.01,0.0,0.8594796638997848,2.025271729269993,0.0501442584968491,0.0364633221055611,1.2673522956354617,5.46433072211256,0.3243542141893198,0.4013449617716262
intrabar,0.005,0.01,0.01,-4.49680956379474,-7.17246675367078,0.150340993080225,0.1502040353392555,-0.2334758725584044,-0.5586327723363036,-0.150340993080225,-0.1502040353392555
intrabar,0.005,0.01,0.02,-3.0574131887516787,-3.3752388707478405,0.1492507138771167,0.133160518156072,-0.2329157511773607,-0.5507445217534582,-0.1489824742867084,-0.1319020538142173
intrabar,0.005,0.01,0.03,-2.2717889095617183,-1.348812459165306,0.1492974863327944,0.0878457485421324,-0.2322198790704925,-0.537134394939717,-0.1486085603604019,-0.0858531492334232
intrabar,0.005,0.01,0.05,-0.7046190982567713,0.1954523001614627,0.1084736454640806,0.0481465795767595,-0.1997313905010908,0.1738254048024808,-0.0950454976615388,0.0155983372443992
intrabar,0.005,0.01,0.08,-0.1231838121893407,0.9299349322140475,0.0804052704339452,0.0490805471825553,-0.0679529406178281,1.130651299343906,-0.0246710853353758,0.1055030309430302
intrabar,0.005,0.01,0.12,0.295768208521148,1.3680659508396982,0.0853528407690444,0.0535512016655792,0.1584708084182532,1.87377639254699,0.0631736616800882,0.1943278783528492
intrabar,0.01,0.01,0.0,2.1558422965553508,2.635897482812944,0.0461739623523892,0.0393694386467954,4.578245247999874,7.763164758773231,1.3974229879458515,0.6409501888381495
intrabar,0.01,0.01,0.01,-3.519201210974373,-5.133729303076103,0.1506200788747232,0.1502016072613846,-0.2318235345746127,-0.5586324193572544,-0.1496031309730234,-0.1502016072613846
intrabar,0.01,0.01,0.02,-2.33847808513574,-1.5274321155924084,0.1507534898049263,0.0948081858361162,-0.2298596569014195,-0.4884032866582585,-0.1485373848879084,-0.084283954884424
intrabar,0.01,0.01,0.03,-1.4820579445698836,0.3806217241401847,0.1472233854914222,0.0455744702542181,-0.2273767398476431,0.3551003030702742,-0.1437937667789827,0.0302633824952551
intrabar,0.01,0.01,0.05,0.2798996155179184,1.661295049053626,0.1014665809658947,0.0369816661408859,0.1105818877662557,2.858939578884641,0.05219098336895,0.2052063094014535
intrabar,0.01,0.01,0.08,0.7817353108749308,2.1658254984162384,0.0844434713951185,0.0378988129099618,0.4717311584422197,4.591050810948113,0.1949479773614224,0.3470398122549085
intrabar,0.01,0.01,0.12,1.2917000363747615,2.525090176629406,0.0596159017943035,0.0329352039493745,1.2919175475146352,7.254074843867708,0.4025646414402357,0.4886445426760881
intrabar,0.015,0.01,0.0,2.671669574984787,2.897317223975515,0.0422435934825007,0.0375517018536424,7.079067093702502,9.495357905877611,2.296648016172979,0.7618228094463471
intrabar,0.015,0.01,0.01,-2.9440291273253725,-4.283660238284012,0.15142895888806,0.149033308058796,-0.2319168333580132,-0.5584626907133455,-0.1504129794444222,-0.149033308058796
intrabar,0.015,0.01,0.02,-1.7303763244381665,-0.4524311712587779,0.1506151773628626,0.0846222990360118,-0.2298418146869215,-0.1985644905289633,-0.1483987115201543,-0.0309806406718421
intrabar,0.015,0.01,0.03,-1.073903784705473,1.0861973623687138,0.1309977115926879,0.044967885513397,-0.2249771389296856,1.228308866024442,-0.1275028379543061,0.1050002039520179
intrabar,0.015,0.01,0.05,1.1167769872373234,2.378308725257866,0.0998641989882491,0.0365589487486111,0.5967304405635208,4.90264090194587,0.3020281728427254,0.3582270336510411
intrabar,0.015,0.01,0.08,1.762849754803974,2.8913098425033072,0.0668705484767839,0.0256253985609192,1.9302257100050144,10.625556038329597,0.7393671525247225,0.5639671225124072
intrabar,0.015,0.01,0.12,2.07587814138704,3.076884517506515,0.0538662579056879,0.0284838062584649,3.258342785974231,11.364298342977548,1.0902902130410936,0.6833704412444761
intrabar,0.02,0.01,0.0,2.740287990801128,3.0180179543239545,0.0425606653178771,0.0382206321796172,7.814842355477805,9.834461054023768,2.703215743976628,0.8086873182379211
intrabar,0.02,0.01,0.01,-2.7739726105351608,-3.280755351679767,0.1505958051139954,0.1419731916370862,-0.2318207346601171,-0.5369479160242182,-0.1495788281497414,-0.1369315744332072
intrabar,0.02,0.01,0.02,-1.5570845526301935,-0.0126166459885569,0.1504872905831792,0.0800797610124682,-0.2298253141085791,-0.015550663631855,-0.1482704910204993,-0.0023114534452375
intrabar,0.02,0.01,0.03,-0.318555210131498,1.2171624040556577,0.1154473938963135,0.0448019940260855,-0.0943126772471967,1.4794287639454298,-0.0486916581952192,0.1265797620300679
intrabar,0.02,0.01,0.05,1.379788283673896,2.043713713413969,0.0578804227735701,0.0364250263795064,1.5961766538783713,3.7152054478366,0.496164545456055,0.2658059202810474
intrabar,0.02,0.01,0.08,2.319605369777086,3.1275360054053363,0.0556465554037109,0.028278092290074,3.379949939249132,10.47116922074082,1.1941432047216898,0.6187833310233062
intrabar,0.02,0.01,0.12,2.5271551558855485,3.13115076670896,0.056178440158572,0.026507219562666,4.277935949792543,12.457021591377917,1.6698185601567823,0.6987601972881832
intrabar,0.03,0.01,0.0,2.990098621217717,3.1589822208237988,0.0431498398628099,0.0395184543811618,8.688544906799324,10.146161764854506,3.2703537423092834,0.8703973222763306
intrabar,0.03,0.01,0.01,-2.003759356350349,-2.0869959864732737,0.1527012826312192,0.1196544551767876,-0.232063576963243,-0.4548630438601055,-0.1516868265188125,-0.0987136782674581
intrabar,0.03,0.01,0.02,-0.4669416667632654,0.7173419017788661,0.1188165046815784,0.0576347096661786,-0.1301368384809346,0.5812291664019175,-0.0685864905492292,0.0631041341261431
intrabar,0.03,0.01,0.03,0.9023818284432488,1.8663919307542485,0.091056519799607,0.0358076690888192,0.4570890815990316,3.5034558110522136,0.2043363927536419,0.2454334220917353
intrabar,0.03,0.01,0.05,2.1225945115525384,2.781120872328586,0.0476794705920725,0.0382294047784249,3.3037874313981543,6.222632461116755,0.9483392332661302,0.486353840858948
intrabar,0.03,0.01,0.08,2.7712878455732977,3.238457210699353,0.049023721947504,0.0352672802600859,5.020676252750037,9.281491488951858,1.7272624372067718,0.6919643357517693
intrabar,0.03,0.01,0.12,2.8705672721783704,3.543459716241525,0.036154822623599,0.0273434334747074,7.582413344091128,14.554546878567002,2.018153744248345,0.8629922016274563
intrabar,0.05,0.01,0.0,3.005948903693577,3.124379571216356,0.0443281889526759,0.0397341119505049,8.618286324851137,9.869121628033096,3.372170462713676,0.8485880784181303
intrabar,0.05,0.01,0.01,-0.4656697997961825,0.1117495441586503,0.1102926429617474,0.0806001306066067,-0.1392832730698585,0.0421859382852048,-0.0681529742859144,0.006323842905227
intrabar,0.05,0.01,0.02,0.9649528984406828,1.9223096664455,0.0695092017556322,0.0439820807533176,0.6288095347513593,2.526904902567259,0.2153784784651087,0.2161806901617013
intrabar,0.05,0.01,0.03,1.817508254728512,2.613787422735244,0.0490334510695977,0.0259245243238506,2.425725950553056,7.471018305366201,0.6693169306557913,0.389292209653866
intrabar,0.05,0.01,0.05,2.6801783373010943,2.9070986104830285,0.0353834978425425,0.0368960657639551,6.178869357106313,7.307030952108084,1.463399401460748,0.5578466675470728
intrabar,0.05,0.01,0.08,3.0669795606714594,3.179093313342788,0.0385482337240869,0.0319883086958692,7.744715667411689,10.416950320587524,2.290865099607206,0.7059287934238103
intrabar,0.05,0.01,0.12,3.1235524112828976,3.5233605355558595,0.0381751764853732,0.0280643945940458,8.814229549157325,14.118371214064757,2.7526314963663925,0.8586690244374962
intrabar,0.07,0.01,0.0,2.98551394882897,3.140777321061731,0.0455065380425416,0.0407954147600906,8.307633820078813,9.725683619123584,3.3150352582308624,0.8600036581049573
intrabar,0.07,0.01,0.01,0.4159730762057875,0.788913233723448,0.0728565759948337,0.039089543527923,0.2134040970718541,0.9795686487120508,0.0728788255892323,0.0722765198408721
intrabar,0.07,0.01,0.02,1.625402482100206,2.748098224586065,0.0743939713481481,0.0382235809012005,1.067124717612666,4.776894723705763,0.4166851485362339,0.3654114281636291
intrabar,0.07,0.01,0.03,2.2918071854102173,3.2993943547856417,0.0504247025933818,0.0329247516857884,3.150583333364237,7.959273255130407,0.9586782221708312,0.5407002326997232
intrabar,0.07,0.01,0.05,2.8986848331436352,3.4849612588561985,0.0382621039384306,0.0287519114277294,6.435882521842769,11.582988737727868,1.7284418356568465,0.7054831273357633
intrabar,0.07,0.01,0.08,3.1701253612526776,3.5027558931064062,0.0366574296084689,0.0344660309749615,8.57037540760288,10.90263690484955,2.475293177899572,0.808421959891662
intrabar,0.07,0.01,0.12,3.2441327363929218,3.486876009361322,0.039424018525041,0.0315206989819184,8.979091749003306,12.661231916760451,2.982048615064432,0.8657640427703674
intrabar,0.1,0.01,0.0,2.992320636121079,3.120751126216229,0.0472740616773405,0.0404352158891804,8.06644576276302,9.738733921685892,3.3620915404480165,0.8526517876689759
intrabar,0.1,0.01,0.01,0.7858349567007248,1.356046184801216,0.0817131611491776,0.0440916598841386,0.3968824355121718,1.559979960339391,0.1566415817261728,0.1314915711861699
intrabar,0.1,0.01,0.02,1.59800495580841,3.051587300586846,0.0746994407245614,0.0346281873007345,1.0985633530413672,5.076708689512136,0.4327604951048982,0.3508818533588294
intrabar,0.1,0.01,0.03,2.369269494784071,3.3425738273026555,0.0588047128815192,0.0341118412221148,2.9454281209005475,8.296498155804784,1.0716293976903764,0.5885391087702501
intrabar,0.1,0.01,0.05,2.871318350476754,3.399214046740133,0.0474389209793532,0.029284724549945,5.395954057690005,11.600265309746112,1.826905613919191,0.7213831363528218
intrabar,0.1,0.01,0.08,3.1365884537902717,3.279514589220932,0.0426127556466747,0.035917380189153,7.579224413774969,9.858518010057,2.582717400454457,0.7558586275127863
intrabar,0.1,0.01,0.12,3.158429811638687,3.3984543135471195,0.0438687516135755,0.0346344817465545,8.111455875278907,11.60102446783441,3.0068836070326475,0.8724677832427499
intrabar,0.0,0.015,0.0,3.0165727418530977,3.222874253446544,0.0494716188090207,0.0402859752204682,7.861291178968727,9.99322213639804,3.4722607758533712,0.8744310637514598
intrabar,0.0,0.015,0.01,1.6722692682772409,1.925019225491153,0.0519780623652283,0.0318447199678044,1.2684020728174816,2.5335917736364477,0.337913068277941,0.1549986845744106
intrabar,0.0,0.015,0.02,2.323607378731932,3.111995601006688,0.032191077119548,0.0415948407894346,4.139211322573981,4.579200445126988,0.7688535788648692,0.3823586783613886
intrabar,0.0,0.015,0.03,2.6345677674877934,3.0534265531396665,0.0312777305286052,0.0394214452323726,5.8046075293166215,6.210536133899214,1.1397123413908117,0.5018682901599711
intrabar,0.0,0.015,0.05,3.1564757125629352,3.3636032679362744,0.0332232588735406,0.0394199608992266,8.356986155704147,8.12540532793407,2.056200738766086,0.6753603422210566
intrabar,0.0,0.015,0.08,3.1672532730178773,3.347770913691185,0.0506484400545754,0.0391319889795851,6.520264804840551,9.12062954571947,2.6733612986491493,0.7626466377470196
intrabar,0.0,0.015,0.12,3.205891302821778,3.5603243742775668,0.0492705467892942,0.0391319889795851,7.71583522003753,10.498207734635288,3.3452673704741622,0.8949061202542414
intrabar,0.005,0.015,0.0,0.860671429762,1.9715871418666944,0.0501442584968492,0.0369715691148363,1.2715833334317124,5.118792638686318,0.3255592164484298,0.3797260787027845
intrabar,0.005,0.015,0.01,-4.49680956379474,-7.266668437308987,0.150340993080225,0.1503785185794235,-0.2334758725584044,-0.5586581401574323,-0.150340993080225,-0.1503785185794235
intrabar,0.005,0.015,0.02,-3.0574131887516787,-3.4223599662797795,0.1492507138771167,0.134249658729501,-0.2329157511773607,-0.5509477052296857,-0.1489824742867084,-0.1329927755853232
intrabar,0.005,0.015,0.03,-2.2717889095617183,-1.3145716030639203,0.1492974863327944,0.0851252082096267,-0.2322198790704925,-0.5363372224576982,-0.1486085603604019,-0.0831266658854931
intrabar,0.005,0.015,0.05,-0.5317633640181725,0.1964204722810636,0.1155549691369961,0.0484798992250422,-0.1574550621781821,0.1718319651053173,-0.0803142346089577,0.015525947379708
intrabar,0.005,0.015,0.08,-0.1418093794053599,0.9370960591137448,0.0897700837104416,0.0527002380148153,-0.0691712563411137,1.0495520228527535,-0.0280011668196273,0.1051503201169179
intrabar,0.005,0.015,0.12,0.3188728714072238,1.368400616756796,0.0853528407690444,0.0541208912616146,0.1721913265764655,1.831570290228448,0.0687863430204984,0.191876331521235
intrabar,0.01,0.015,0.0,2.314189866962858,2.6053390974244293,0.0461739623523892,0.0368395436199706,5.28687181148232,8.08511489893375,1.707198703486481,0.6228384226196335
intrabar,0.01,0.015,0.01,-3.519201210974373,-5.188419288633034,0.1506200788747232,0.1501837612196378,-0.2318235345746127,-0.558629825038827,-0.1496031309730234,-0.1501837612196378
intrabar,0.01,0.015,0.02,-2.33847808513574,-1.4714546237263422,0.1507534898049263,0.091249193222468,-0.2298596569014195,-0.4853455574832579,-0.1485373848879084,-0.0806835835711067
intrabar,0.01,0.015,0.03,-1.4812526264714334,0.4246813934385963,0.1474668553308114,0.0456861553495296,-0.2274117849674605,0.3941055714861967,-0.1440382157830241,0.0336959753797818
intrabar,0.01,0.015,0.05,-0.0793394494404688,1.6575164094610957,0.1059276339763608,0.0376949501832976,-0.0325574755498678,2.7693980754770267,-0.0156283626612542,0.2025032948505094
intrabar,0.01,0.015,0.08,0.8271726950283353,2.2342554765778218,0.0844434713951185,0.0363696572524828,0.5169045947087312,4.892495791473952,0.2150661506450455,0.3554540124534406
intrabar,0.01,0.015,0.12,1.315110322329527,2.5492273938354324,0.0596159017943035,0.0322918403290461,1.3494291803587892,7.398872238254725,0.4230383822700359,0.4886641050639719
intrabar,0.015,0.015,0.0,2.670626073957449,2.870180063899279,0.0422435934825008,0.0376504638273365,7.191295039707371,9.224830352134628,2.3518621362861265,0.7395830882993868
intrabar,0.015,0.015,0.01,-2.9440291273253725,-4.309672158248718,0.15142895888806,0.1493881736758225,-0.2319168333580132,-0.5585142215020014,-0.1504129794444222,-0.1493881736758225
intrabar,0.015,0.015,0.02,-1.7303763244381665,-0.4638539776174134,0.1506151773628626,0.0866612431244312,-0.2298418146869215,-0.1982195171430735,-0.1483987115201543,-0.0316668524942369
intrabar,0.015,0.015,0.03,-0.7821990323622316,1.072319423895645,0.1302686151880616,0.0462622307773105,-0.1899803660915848,1.158540567083863,-0.1079749639044173,0.1018172845393081
intrabar,0.015,0.015,0.05,0.9364480226551476,2.369221527586155,0.1053209457482204,0.0365029964246403,0.4117988809333239,4.82602938288678,0.2135902051657972,0.3516656904287378
intrabar,0.015,0.015,0.08,1.7678252501425638,2.888510481805355,0.0817906702841588,0.0256253985609192,1.6285622843895269,10.428115592669188,0.7685371145962288,0.5524364499258749
intrabar,0.015,0.015,0.12,2.055322187244208,3.1136567686715555,0.0547774355582785,0.027994243035441,3.257795311376737,11.595403640125234,1.1142245264564243,0.6855110023459023
intrabar,0.02,0.015,0.0,2.7027696344241376,2.988051914766919,0.0425606653178772,0.0383485740782586,7.801614150285558,9.546734000418684,2.6960875440439693,0.7848942388392937
intrabar,0.02,0.015,0.01,-2.7739726105351608,-3.277439575432541,0.1505958051139954,0.1418758443948659,-0.2318207346601171,-0.5358658056354987,-0.1495788281497414,-0.1365744615362601
intrabar,0.02,0.015,0.02,-1.5570845526301935,-0.0058113211304254,0.1504872905831792,0.0816332038461541,-0.2298253141085791,-0.0119491684584569,-0.1482704910204993,-0.00181079061365
intrabar,0.02,0.015,0.03,-0.3940422795416773,1.213230274405097,0.1167338702323984,0.0457038796890467,-0.1156803038820679,1.419640560983506,-0.06010813099217,0.1238376539499834
intrabar,0.02,0.015,0.05,1.3047907583121336,2.016655967339922,0.0673543293785562,0.0363520454270683,1.3236442272671414,3.611187061736725,0.4760735363841397,0.2574279043201317
intrabar,0.02,0.015,0.08,2.267575666665851,3.1358808595643355,0.0556465554037109,0.028278092290074,3.3851981504718576,10.299027361098393,1.1966034444090257,0.6075105565081207
intrabar,0.02,0.015,0.12,2.447232338500534,3.168002472047849,0.056178440158572,0.0276276058779015,4.230879866087078,11.989012259406884,1.6439720024101554,0.7011960271425284
intrabar,0.03,0.015,0.0,2.9774551779104037,3.191876782716621,0.04314983986281,0.0394183851160245,8.756789106051926,10.19948145999566,3.3122147363552257,0.8730920211386206
intrabar,0.03,0.015,0.01,-2.003759356350349,-2.09823401097822,0.1527012826312192,0.1211489179503012,-0.232063576963243,-0.4556468739083044,-0.1516868265188125,-0.1000846041693802
intrabar,0.03,0.015,0.02,-0.4620224235590947,0.686878836508952,0.1188105765409121,0.0581624007559555,-0.1305971116455722,0.5461591914212034,-0.0688190252331651,0.0597958063307579
intrabar,0.03,0.015,0.03,0.9266984287582908,1.8651078802164924,0.0936113368395892,0.0356913821528482,0.4618394807832341,3.477432564773608,0.2128604383687515,0.2426887299500677
intrabar,0.03,0.015,0.05,2.132236903749159,2.781183800590532,0.0476794705920725,0.0381224679006948,3.5007897677420865,6.169499015331327,1.021474621214486,0.4803587425423818
intrabar,0.03,0.015,0.08,2.76692959049852,3.24416048189058,0.049023721947504,0.0351600140311065,5.116201456244505,9.193753627828569,1.7743071549815488,0.6823173289141808
intrabar,0.03,0.015,0.12,2.878012257433857,3.5748916988223947,0.036154822623599,0.0277958877019759,7.798127661472095,14.370575224686725,2.103310433886452,0.8666359380206827
intrabar,0.05,0.015,0.0,2.987182756006313,3.17335902553642,0.0443281889526758,0.0395936109425377,8.658936103154987,9.998470246092284,3.3982226417894994,0.857808773690319
intrabar,0.05,0.015,0.01,-0.4502149545482507,0.1982961453753468,0.1102926429617474,0.078077880466067,-0.135078419221863,0.0837174045848425,-0.066150121718168,0.0121731679906347
intrabar,0.05,0.015,0.02,1.1425920296547434,1.962017738743396,0.0695092017556322,0.0437827366391443,0.8156647400068466,2.5638848277333444,0.2858824489999485,0.2184488651208795
intrabar,0.05,0.015,0.03,1.802159926735169,2.67254405608111,0.0490334510695977,0.02592452432385,2.4439450611822493,7.570744174792811,0.6754023083860956,0.3948855542070248
intrabar,0.05,0.015,0.05,2.700648747174922,2.9908864274185425,0.0353834978425425,0.036896065763956,6.612931878196092,7.455507301071311,1.6081673202885458,0.5703533585125689
intrabar,0.05,0.015,0.08,3.057239212636376,3.2524634673764634,0.0385482337240869,0.0319883086958695,7.841549650292468,10.469982085808583,2.334218828058196,0.7099621656159198
intrabar,0.05,0.015,0.12,3.095060863660734,3.6112141817984105,0.0381751764853732,0.0280643945940457,8.88171437349259,14.39006181394288,2.785726955067404,0.8775636243338987
intrabar,0.07,0.015,0.0,2.9630329118488974,3.197687866132012,0.0455065380425416,0.040655293233351,8.33577542583974,9.884230827600968,3.3333490926425258,0.8725938856321678
intrabar,0.07,0.015,0.01,0.3977395606837904,0.7625655248480843,0.0728565759948337,0.037703261991673,0.2047855864057544,0.9763238062797732,0.0698575328151112,0.0694391426603744
intrabar,0.07,0.015,0.02,1.7706774432396728,2.7645212548420464,0.0743939713481481,0.038740344982622,1.2737284635890604,4.684825490220506,0.5110242348917844,0.3630574123390653
intrabar,0.07,0.015,0.03,2.25339341252404,3.284018746823723,0.0504247025933818,0.0326026879002815,3.150440696279373,7.938291762479914,0.9586227953583322,0.5333458327846734
intrabar,0.07,0.015,0.05,2.8576996139748663,3.550273048928009,0.0382621039384306,0.0287519114277293,6.509293734342252,11.721240620602488,1.7565933700152474,0.7149399267053189
intrabar,0.07,0.015,0.08,3.104170285603844,3.573025016661214,0.0366574296084689,0.0343928474564055,8.539109861481982,10.96206955053421,2.461495246604067,0.8114652475910777
intrabar,0.07,0.015,0.12,3.1925829537270056,3.557626891802444,0.039424018525041,0.0307725031714532,8.99494345694063,13.195581779388272,2.990435557936027,0.8830633035033995
intrabar,0.1,0.015,0.0,2.9691878703514574,3.1801004129696997,0.0472740616773405,0.0402938931419009,8.095870391122759,9.909934122452317,3.382156020355745,0.8663063225455137
intrabar,0.1,0.015,0.01,0.7755438070648503,1.3982143414048491,0.0817131611491776,0.0385273732181329,0.3964787764309035,2.005651557396844,0.1564731051605987,0.1482413901622883
intrabar,0.1,0.015,0.02,1.5435455251589931,3.0244026139198144,0.0746994407245614,0.0344568828826293,1.0700892990581088,4.982969399896784,0.419964086513914,0.3421476163663974
intrabar,0.1,0.015,0.03,2.352982750686795,3.339306204248508,0.0588047128815192,0.0337897282981688,2.972495897246561,8.298303248638707,1.0844754875003684,0.5825396710870494
intrabar,0.1,0.015,0.05,2.8503790067877426,3.49315307589062,0.0474389209793532,0.0292847245499451,5.48286370128512,11.80974316577024,1.8694643199068324,0.7360501731550755
intrabar,0.1,0.015,0.08,3.095846418416902,3.3641426088971365,0.0426127556466747,0.0351725810217087,7.600501309456975,10.162854850361748,2.5939261997898826,0.7639627664999613
intrabar,0.1,0.015,0.12,3.1301757020876275,3.487659122391778,0.0438687516135755,0.0338886914797248,8.17389269434497,12.128280128928433,3.043923979971334,0.8953945342764997
intrabar,0.0,0.02,0.0,2.929318597427889,3.007833160961564,0.0494716188090207,0.0412828059832355,7.423561238831464,9.011650594384651,3.163034204762736,0.7992918891143981
intrabar,0.0,0.02,0.01,1.5514358813535023,1.645808991512504,0.0463802786629526,0.0318447199678044,1.2726372132914257,2.1745801573442773,0.2988558982862459,0.1324095033441756
intrabar,0.0,0.02,0.02,2.206403885309342,2.790384689907418,0.0321910771195481,0.0415948407894342,3.790578601651268,4.066809699301723,0.6903781649212,0.3367507838305141
intrabar,0.0,0.02,0.03,2.4948538717745885,2.723118196477858,0.0353947482833889,0.041013907219957,4.7073708968408665,5.270212161768848,1.0191093328348848,0.4382506838740343
intrabar,0.0,0.02,0.05,3.04934053409675,3.027486412681427,0.0327813158468578,0.0409945019799767,7.9093960747544445,6.877529713004323,1.860952739980136,0.5860844094702957
intrabar,0.0,0.02,0.08,3.0832906547057126,3.036060214503535,0.0506484400545754,0.0407065300603352,6.148985816213308,7.753158638963888,2.442480795993152,0.664303783365467
intrabar,0.0,0.02,0.12,3.097139195737696,3.218284935865078,0.0492705467892941,0.0407065300603352,7.210128752054942,8.965923409964937,2.9989066543086587,0.7821484425401446
intrabar,0.005,0.02,0.0,1.0542245564138604,1.8887141358270951,0.0544194212115346,0.0369715691148362,1.5232914519793954,4.863160421872452,0.4378059506076446,0.3594321415100872
intrabar,0.005,0.02,0.01,-4.506152738132137,-7.499273547287651,0.1505501056857496,0.1505092944798197,-0.2334975629270462,-0.5586771567016102,-0.1505501056857496,-0.1505092944798197
intrabar,0.005,0.02,0.02,-3.037532498326424,-3.6058973295011314,0.1491267905220653,0.1367211080420314,-0.2329025334384453,-0.5514066456182535,-0.1488585118588649,-0.1354678129102799
intrabar,0.005,0.02,0.03,-2.213384146466692,-1.5332229936620163,0.1488754788677342,0.0956379121547254,-0.2321728086940913,-0.5392888900869648,-0.1481862111402645,-0.0936623348133018
intrabar,0.005,0.02,0.05,-0.5530687165808793,-0.0542092489649639,0.1046209421433851,0.0484798992250429,-0.1735743701648543,-0.0728557334810322,-0.0801638813847649,-0.0065495692993718
intrabar,0.005,0.02,0.08,-0.2493533257580145,0.7446737643373457,0.0825936495060353,0.0493456994530098,-0.1214761470085997,0.8374550794344126,-0.0449365122661884,0.0781026471450971
intrabar,0.005,0.02,0.12,0.3043740925528143,1.1241277843909936,0.0779404478088739,0.0541208912616142,0.1738958907363362,1.4189381731549535,0.0633056271449739,0.1472948057556002
intrabar,0.01,0.02,0.0,2.2067017658980763,2.461559587117465,0.0461739623523891,0.0378340881473181,4.893079061065668,7.347737949559274,1.5314301166860242,0.5770295706996544
intrabar,0.01,0.02,0.01,-3.5310711319972405,-5.24643667791843,0.1509510720831341,0.1499135898687356,-0.23186171314623,-0.5585905559824166,-0.149934520473883,-0.1499135898687356
intrabar,0.01,0.02,0.02,-2.333321440878062,-1.51846942889987,0.1505614468591474,0.0884052833974799,-0.2298348824976333,-0.5046243428003945,-0.1483448408069334,-0.0812624193205332
intrabar,0.01,0.02,0.03,-1.4698495552657596,0.3401093656111557,0.1476178125009906,0.0414167049812152,-0.2274335016418276,0.3386634031040945,-0.144189780058894,0.0262053671771727
intrabar,0.01,0.02,0.05,0.2342197208768601,1.4718933637495264,0.1014460315996993,0.0376949501832979,0.0885483626710615,2.3709454320321743,0.0416174971402294,0.1723088025894701
intrabar,0.01,0.02,0.08,1.0831393263629716,2.000669011588173,0.0771482769229111,0.0363696572524833,0.8592078576558093,4.183201383828447,0.3399592301543961,0.3008438405847513
intrabar,0.01,0.02,0.12,1.294308454886692,2.341003494252325,0.0571943571620402,0.032291840329045,1.3980553255328505,6.631779217376459,0.4201187883775776,0.4338619721641361
intrabar,0.015,0.02,0.0,2.574953115071137,2.732224726594076,0.0422435934825007,0.0386451563989142,6.7240709699210335,8.460822239918125,2.126657095138728,0.6911047145437323
intrabar,0.015,0.02,0.01,-2.92936044871666,-4.359967495166458,0.1506420695463537,0.1499550933585112,-0.2318260711351976,-0.5585965876868332,-0.149625147973705,-0.1499550933585112
intrabar,0.015,0.02,0.02,-1.7255664481025852,-1.3559920445781777,0.1505749706398401,0.0865981412196543,-0.2298366273577939,-0.4719772174688117,-0.1483583998778704,-0.0745735531413852
intrabar,0.015,0.02,0.03,-0.8176222438731544,1.012069862918327,0.1335255904530363,0.0397140853551522,-0.1950787139148384,1.259691877498725,-0.1133816765764323,0.0948955413687961
intrabar,0.015,0.02,0.05,1.1309158987291872,2.2192541530219536,0.0971221503443869,0.036626330806659,0.61704059591018,4.3804775758132175,0.3039134536666763,0.3182996547044951
intrabar,0.015,0.02,0.08,1.678370035756289,2.688652209152664,0.0689016461591752,0.0252323827713391,1.7699466467401856,9.49813928885836,0.6898934611771601,0.4903102260073595
intrabar,0.015,0.02,0.12,1.953773307761455,2.9252507893237363,0.0430018885982472,0.0279942430354406,3.823457745309015,10.667551517385569,1.001804154235546,0.6246457425878114
intrabar,0.02,0.02,0.0,2.607683913295169,2.8320414939149376,0.0425606653178772,0.0393435428613519,7.284550969417594,8.72137341663153,2.425742195968743,0.729550940327728
intrabar,0.02,0.02,0.01,-2.7808875871174648,-3.42264065911315,0.1501047554317675,0.1468018666430509,-0.2317640919033901,-0.5373652563850755,-0.1490871905422146,-0.1415309161289227
intrabar,0.02,0.02,0.02,-1.5733779489317847,-0.2804144689714129,0.1513425928257069,0.0863894999044346,-0.2299356101025079,-0.1324287411470338,-0.1491280251703501,-0.0211423251680231
intrabar,0.02,0.02,0.03,-0.0886359175133974,1.0020398665232908,0.1144288761275835,0.0413570814918568,-0.036686583161742,1.2622075331685807,-0.0189984024938262,0.0991086614524965
intrabar,0.02,0.02,0.05,1.2465825839156304,1.826927686526768,0.0580251975947018,0.036091196705587,1.4253175102586235,3.189671735868241,0.4366421058106031,0.2242843790237576
intrabar,0.02,0.02,0.08,2.206833926828048,2.9336960393761924,0.040914756730858,0.0290827041349647,4.306690552354428,9.026659628368527,1.0959103919008475,0.5417491362503155
intrabar,0.02,0.02,0.12,2.3598890655996776,2.9641405925125195,0.0380245574481446,0.0276276058779011,5.829282279151357,10.98794264171578,1.491411878872443,0.6361431127041342
intrabar,0.03,0.02,0.0,2.891554608037185,2.961480303240421,0.0431498398628099,0.0404142904995969,8.264942467289975,9.105558455176403,3.017559902575763,0.7894855252527013
intrabar,0.03,0.02,0.01,-2.011594685221721,-2.2382912418288408,0.1536944762647092,0.1288250188606445,-0.2321781221523377,-0.4630588217436888,-0.1526812092858768,-0.1079446859628247
intrabar,0.03,0.02,0.02,-0.0992022740475358,0.4050141938539112,0.1044721220253184,0.0663354221400622,-0.044848398988997,0.2744719894500725,-0.0211857914685272,0.0340770213160144
intrabar,0.03,0.02,0.03,0.844289323253036,1.615708134814668,0.0858783057284341,0.041061765234842,0.4405213042469726,2.577496043431453,0.1844867858554248,0.2054253159983656
intrabar,0.03,0.02,0.05,2.03379237519379,2.5446839838623574,0.0367768757550376,0.0399816934945859,4.192780451044965,5.268363604297459,0.9229478303449996,0.4261640445295234
intrabar,0.03,0.02,0.08,2.660680357932353,2.948451553061349,0.0361950461389034,0.0363339319833738,6.422592042313468,7.815917827601032,1.593525711732844,0.5907799058671273
intrabar,0.03,0.02,0.12,2.7589866956799907,3.234715975396378,0.036154822623599,0.0277958877019759,7.210726838744946,12.683395281539472,1.8757139725865977,0.7521376428269493
intrabar,0.05,0.02,0.0,2.891845213745917,2.934623721365077,0.0443281889526758,0.0405894874052395,8.162096429515548,8.906087737690749,3.0879807947117826,0.7737241704660125
intrabar,0.05,0.02,0.01,-0.5057299348333547,-0.0005686316012459,0.1112461736252351,0.0846751885599419,-0.1484514282953455,-0.0084205551968818,-0.0731167402674307,-0.001323760679156
intrabar,0.05,0.02,0.02,0.924619015621412,1.744944863914181,0.0695092017556328,0.0419790197836771,0.6436063227239504,2.392828020670001,0.2208489329483081,0.1945407469839677
intrabar,0.05,0.02,0.03,1.6718206215796512,2.436281496575999,0.0490334510695981,0.029417692603208,2.209176787235008,6.042283786351141,0.5982998962092054,0.3550515375864136
intrabar,0.05,0.02,0.05,2.590640122279295,2.779181727385557,0.0353834978425425,0.040521935114526,6.1722254046378415,6.201230432019596,1.4612333906450838,0.5163693421155846
intrabar,0.05,0.02,0.08,2.957938181556868,2.919453974698978,0.0334356558796137,0.0347428113329302,8.486739916006602,8.405300151152131,2.123447500222719,0.6093303928637401
intrabar,0.05,0.02,0.12,2.984126497454847,3.2515412500699843,0.0346356257577395,0.0280643945940457,9.155160676029086,12.661846519822593,2.5107232691555827,0.7588818790849527
intrabar,0.07,0.02,0.0,2.860539735807837,2.972087757668687,0.0455065380425416,0.0416516010830097,7.826059432037478,8.877111783337897,3.010892917838237,0.7937422102362253
intrabar,0.07,0.02,0.01,0.322434869643728,0.5233104789430293,0.0728565759948338,0.0470555396889452,0.160673143049312,0.5320121574609588,0.0544973776179313,0.0469901529289542
intrabar,0.07,0.02,0.02,1.6365879035578617,2.4491874138249403,0.0743939713481477,0.0387403449826218,1.1577782430351802,4.141736753677343,0.4574950995447386,0.3183238958900605
intrabar,0.07,0.02,0.03,2.1573247812490703,2.9352609755549195,0.050424702593382,0.0326026879002819,2.916104520301932,6.937831257379301,0.8692021402661638,0.4603794422732647
intrabar,0.07,0.02,0.05,2.7697054898313844,3.212486665417384,0.0382621039384303,0.0287519114277295,6.137418960661084,10.30031685451471,1.6162906167452509,0.6188972393930592
intrabar,0.07,0.02,0.08,3.0172156571410294,3.2615337969491174,0.0366574296084689,0.0343928474564052,7.996149045437908,9.759828853455822,2.228622357341051,0.7117498364313029
intrabar,0.07,0.02,0.12,3.083372751112748,3.215605374176403,0.0394240185250409,0.0307725031714532,8.38476428233978,11.690066703751643,2.677390326423773,0.7694660792799228
intrabar,0.1,0.02,0.0,2.888264916760136,2.9577626731572906,0.0472740616773404,0.0412907061928871,7.6509205648194545,8.895648090132664,3.0863268039617022,0.7878166992960338
intrabar,0.1,0.02,0.01,0.5593994599910536,1.0834398444293254,0.0817131611491774,0.0449120016579581,0.2778264057502036,1.226237873738758,0.1077746446626541,0.1046858496166562
intrabar,0.1,0.02,0.02,1.4989805406365482,2.667108331836112,0.0746994407245612,0.0344568828826291,1.019183437504849,4.399171529716281,0.3973091766506846,0.2996701450842569
intrabar,0.1,0.02,0.03,2.3329036078939174,3.0138406884769604,0.0588047128815197,0.0337897282981688,2.8672111198534136,7.392410124087723,1.0348554552291884,0.5129989718222567
intrabar,0.1,0.02,0.05,2.787504741365893,3.1475913081097344,0.0474389209793529,0.0292847245499451,5.215308576012979,10.3625144428103,1.7400224815697385,0.6358933196767251
intrabar,0.1,0.02,0.08,3.0177906608308844,3.042708567974332,0.0426127556466745,0.0351725810217088,7.174677813394906,8.95492757843843,2.374741331730109,0.662809256666919
intrabar,0.1,0.02,0.12,3.0202413233916645,3.1587826990733148,0.0438687516135755,0.033888691479725,7.600248928025251,10.76659946523912,2.7134715281437627,0.7818922449204289
intrabar,0.0,0.03,0.0,2.9315843172737,2.975875353546173,0.0494716188090207,0.040670604949904,7.231378947428808,8.171497222678413,3.032665586077461,0.7038361200149255
intrabar,0.0,0.03,0.01,1.554581967221736,1.5142270261641682,0.0481656892750578,0.0259151728620095,1.1762229315727917,2.224208536767467,0.2856460097145306,0.1096843667517568
intrabar,0.0,0.03,0.02,2.2951328979868664,2.7337615121325163,0.0321910771195479,0.0346707013864383,3.71464437248096,4.345180544696674,0.6736522171903403,0.2977188906740764
intrabar,0.0,0.03,0.03,2.404491178599013,2.6357680667863965,0.031852954148937,0.0409627204452567,4.6735273801856,4.659835976701436,0.8827777688989231,0.3832396148643433
intrabar,0.0,0.03,0.05,3.039532430817838,2.9153570444603143,0.0327813158468583,0.0408373400032628,7.608563112006568,5.995020471241832,1.76021208564385,0.5018512150072973
intrabar,0.0,0.03,0.08,3.09409999521578,3.0149327212978423,0.0506484400545754,0.0403904052806009,5.980875839466837,6.553417029054543,2.3417450037997947,0.5466865580827913
intrabar,0.0,0.03,0.12,3.1004374057436186,3.2019841000793687,0.0492705467892942,0.0401784548765735,6.992203742059663,8.098904530712371,2.856473460397974,0.6873947329324521
intrabar,0.005,0.03,0.0,1.2282177650657995,1.848117008278106,0.0544367373233977,0.0360354970844003,1.8345261489009617,4.421859326936064,0.5434373647388517,0.3159863322239724
intrabar,0.005,0.03,0.01,-4.700169510045497,-7.526651850717094,0.1509243840186539,0.1506598515582524,-0.2335364008087656,-0.5586990531492223,-0.1509243840186539,-0.1506598515582524
intrabar,0.005,0.03,0.02,-3.1957758399753584,-3.768218319706249,0.1492583456634635,0.1395509604828384,-0.2329165652386952,-0.5519287541681995,-0.1489901084793425,-0.1383017736877099
intrabar,0.005,0.03,0.03,-2.369675707640116,-1.739934101365538,0.1484454035907658,0.0979575323806326,-0.2321248447437967,-0.5479279806600714,-0.1477557875746481,-0.0973807938720491
intrabar,0.005,0.03,0.05,-0.4823342101505353,-0.1353504016335584,0.1094148052942257,0.0438665545631017,-0.1423768076138262,-0.1519750541326847,-0.0690855718778575,-0.0123454845098267
intrabar,0.005,0.03,0.08,-0.0657302719819915,0.7050057527087495,0.0896613777298379,0.0527077787501292,-0.0365759412995482,0.6965639151464277,-0.014865697319591,0.0692547641162837
intrabar,0.005,0.03,0.12,0.3198198734373292,1.091392791070608,0.0737991436674374,0.0559781886743005,0.1873688436232626,1.2427060882551162,0.0646175461129705,0.1330301993646385
intrabar,0.01,0.03,0.0,2.178496607955034,2.502905951224008,0.0459243923219794,0.0372216002519751,4.739593261489098,6.96834685182567,1.454498642498093,0.5346205211573356
intrabar,0.01,0.03,0.01,-3.756978521169013,-5.393648275780282,0.1518356083376799,0.1500602279062706,-0.2319637354440049,-0.5586118681537828,-0.1508201157684009,-0.1500602279062706
intrabar,0.01,0.03,0.02,-2.2064136197646405,-1.5628117392304837,0.1500319718042781,0.0859460780340495,-0.2297665409392582,-0.5090346630461192,-0.1478139840893095,-0.0797225133499333
intrabar,0.01,0.03,0.03,-1.1971215048105106,0.2492235333999623,0.1370971224032707,0.0387890208508327,-0.21970047883878,0.2370408801569908,-0.1301591437757007,0.0171429131850264
intrabar,0.01,0.03,0.05,0.2813356815314282,1.4264233711818823,0.0930875090550695,0.0376949501832973,0.1142150574181028,2.100792830471159,0.0494024895604334,0.1520385565597808
intrabar,0.01,0.03,0.08,1.0893083728709658,2.0366959494676595,0.0707367570843866,0.0363696572524829,0.9152456683444112,3.939313409678167,0.331130133088882,0.2823060331925151
intrabar,0.01,0.03,0.12,1.22273030378448,2.373782309560104,0.0524582021624155,0.0322918403290462,1.3744382450765156,6.182722680115952,0.3735977954154255,0.4022214701051787
intrabar,0.015,0.03,0.0,2.508800382872131,2.694932321182169,0.0422435934825007,0.0380328511304046,6.376159467554955,6.776587015040654,1.9667759374754576,0.5309109929894746
intrabar,0.015,0.03,0.01,-3.172336717496421,-4.507174862233918,0.1521613035891292,0.1506064074613492,-0.2320012996112966,-0.5586912800196003,-0.1511462009691465,-0.1506064074613492
intrabar,0.015,0.03,0.02,-1.8241342578163595,-1.5126384773414043,0.1507637331558343,0.086679861360901,-0.2298609781414201,-0.4907816512031147,-0.1485476549687941,-0.0775611526885921
intrabar,0.015,0.03,0.03,-1.1573399039396646,0.3405513649116259,0.1354696244962229,0.0361709034796977,-0.2256525657100817,0.3460066518901653,-0.1319927355866827,0.0233674302534416
intrabar,0.015,0.03,0.05,1.0665758627846855,1.9416683522872653,0.0931967620059876,0.036097429622051,0.5892106567719738,2.9943966441953385,0.2760155047640615,0.2099912369214958
intrabar,0.015,0.03,0.08,1.640511991510806,2.618296832475449,0.0662846151255338,0.0247136208718173,1.753008621590873,7.662293658580057,0.6507314921536687,0.3799700416374312
intrabar,0.015,0.03,0.12,1.870420503880721,2.6357239959078718,0.0430018885982463,0.0279942430354407,3.5527950813119014,7.531088427674987,0.9121810243259294,0.4265776053533996
intrabar,0.02,0.03,0.0,2.5838251286720726,2.889193238161846,0.0425606653178771,0.0387313485417471,7.073687175177114,8.1720495016719,2.3200348454955884,0.6664430842218578
intrabar,0.02,0.03,0.01,-2.8699058480687194,-3.7711965513559416,0.1506512402999894,0.1480715664219584,-0.2318271289536349,-0.5583231371956806,-0.1496343297073256,-0.1480715664219584
intrabar,0.02,0.03,0.02,-1.668594971870841,-1.1873222270923214,0.1513461698517035,0.0828299164054318,-0.2299360710897955,-0.4469607737357912,-0.1491316115305798,-0.0676617934635853
intrabar,0.02,0.03,0.03,-0.0727679811526474,0.8509735933385778,0.1082418980941371,0.0411605106821459,-0.031432924081259,0.9386426783693254,-0.0154194727592505,0.0729366133930846
intrabar,0.02,0.03,0.05,1.2424592672032757,1.3758717877672006,0.0549258614516376,0.0337675333563475,1.4681160829405335,1.939794748407013,0.4241803598817049,0.1250511755826753
intrabar,0.02,0.03,0.08,2.238739713535079,2.783972327910436,0.0369663450677979,0.0260403042619212,4.7460148003459945,7.851094050171772,1.0897072347660912,0.4126444521518118
intrabar,0.02,0.03,0.12,2.3563770336856877,2.802987167735245,0.0379535716342774,0.0276276058779014,5.718441841537408,8.158044879385514,1.448735317072892,0.4586000831801415
intrabar,0.03,0.03,0.0,2.883971832613142,2.9488509585674865,0.04314983986281,0.0398021102425479,8.030178472288588,8.280319053243318,2.88258355140954,0.6972738326279442
intrabar,0.03,0.03,0.01,-2.0763961034867724,-2.236758283947046,0.1527237539558059,0.126488248599229,-0.2320661686172193,-0.4608826087152306,-0.1517093247479277,-0.1055519079624125
intrabar,0.03,0.03,0.02,-0.0384822843088712,0.1236927238966994,0.1063825969469237,0.0614292667407597,-0.0203651228183271,0.070757389242632,-0.0098401655525126,0.0080872438022228
intrabar,0.03,0.03,0.03,0.8360716924964914,1.4499964740220952,0.0832935846071086,0.0360498546727904,0.4324006798626477,2.3501677756208137,0.175071084147969,0.1630337069603538
intrabar,0.03,0.03,0.05,2.03148219743954,2.464719143087372,0.0366524613816301,0.0353122423180084,4.0411061016554495,5.134706546511289,0.8771863182654673,0.3626851613295234
intrabar,0.03,0.03,0.08,2.6870729751440834,2.8934758724987626,0.0360750363681875,0.0317461238614536,6.285475364763808,7.898917743920071,1.5391209293200587,0.5151861208507258
intrabar,0.03,0.03,0.12,2.7467271571404823,3.1984105839938595,0.0366005040422101,0.0277958877019755,6.808434022101445,11.168242152358472,1.7579303709797265,0.6521709871974333
intrabar,0.05,0.03,0.0,2.884296744291975,2.921408597432179,0.0443281889526758,0.0399773586827384,7.9313831478592896,8.118322448812705,2.94986040020656,0.6853799465789399
intrabar,0.05,0.03,0.01,-0.5523550314924583,-0.3453597661436849,0.1136285670928899,0.0751001185409791,-0.1519818348604679,-0.163445932608431,-0.0763558787629824,-0.0226760815904413
intrabar,0.05,0.03,0.02,0.9060864756614116,1.5736495920864688,0.0690611210627122,0.0380003946284355,0.6126591055053734,2.0785119090195465,0.2079781281470525,0.1516321592688263
intrabar,0.05,0.03,0.03,1.5974633752493546,2.3391670040511765,0.0490157312836918,0.0241243108859248,2.0264258000611743,6.313753012854851,0.5399924483703835,0.3012073296835864
intrabar,0.05,0.03,0.05,2.5297992194652656,2.730817105843692,0.036663693459266,0.0370962092223753,5.58800929738488,5.904427950411575,1.3391621659422095,0.4445822366372487
intrabar,0.05,0.03,0.08,2.9616483265261326,2.9284971915091083,0.0331542720071218,0.0314595547851447,8.20012096636319,8.39463070644281,1.9936952753373856,0.5453154108345202
intrabar,0.05,0.03,0.12,2.974433771803165,3.230415537587632,0.0327277892113747,0.0280643945940458,9.311578161154,11.201827030699818,2.363144322752498,0.6614112377254038
intrabar,0.07,0.03,0.0,2.8740126535368726,2.937056846768215,0.0455065380425416,0.0410396355484705,7.669620926924198,8.013079978009431,2.9157851029875776,0.6955666061992125
intrabar,0.07,0.03,0.01,0.3491877163530208,0.3691013141486151,0.0783655774521134,0.0423952913505991,0.1525208038063421,0.3654285516378452,0.0556683271307516,0.028962585532446
intrabar,0.07,0.03,0.02,1.6017243997196002,2.442104723496253,0.0741838982327568,0.0327824793181803,1.0876071608820357,4.34214747541593,0.4244531805043527,0.2803796865028187
intrabar,0.07,0.03,0.03,2.2802208338455925,2.9025149222434883,0.0508465766538037,0.0282091972623052,3.030954779950181,7.032240659591295,0.9223121621693406,0.3994493405790742
intrabar,0.07,0.03,0.05,2.7686709724468312,3.190080743944887,0.0389303265236946,0.0287519114277294,5.7743377939193,9.042777459063435,1.5207524100691012,0.536033218777588
intrabar,0.07,0.03,0.08,3.054674522672159,3.274518361444986,0.0370631409388194,0.0327373824460245,7.664542846923525,9.24332379592136,2.126913693540368,0.633886724534996
intrabar,0.07,0.03,0.12,3.105494271171932,3.2057563852212896,0.0398051811832224,0.0307725031714534,8.076026102748104,10.346080967086342,2.5641847375010403,0.6708188977596878
intrabar,0.1,0.03,0.0,2.9196515025027288,2.9505239724321486,0.0472740616773404,0.0406630114248784,7.519299227007214,8.138693174667486,3.001878492286324,0.7005222411141658
intrabar,0.1,0.03,0.01,0.6020478467051865,1.2711956981979788,0.0824913652207176,0.0385273732181336,0.2819673239668403,1.557983873056627,0.1105321632519393,0.1143346856605076
intrabar,0.1,0.03,0.02,1.4790427108322537,2.8036196042111565,0.0748148126619479,0.0344568828826291,0.9685318851668872,4.481987618208501,0.3757019229815093,0.3056575041384144
intrabar,0.1,0.03,0.03,2.4126842095232046,3.06776026798962,0.060298721471925,0.0275083797413988,2.867307330156875,8.210725861953486,1.069134001356065,0.4596536408743679
intrabar,0.1,0.03,0.05,2.811774305932594,3.18787719461905,0.0486667903854563,0.0263966835560796,4.884879762163153,10.337754242238455,1.6444316533477044,0.5653333063455168
intrabar,0.1,0.03,0.08,3.064481327944102,3.0911471984226475,0.042272706454963,0.0351725810217085,7.021795746022123,8.179489754768234,2.271096993259284,0.5993284878573033
intrabar,0.1,0.03,0.12,3.064260963726571,3.2073200694843083,0.0435289002728113,0.033888691479725,7.494996897343089,9.71697727754305,2.6233633129343845,0.6966135763489192
