{"date": "2022-01-01", "source": "complete", "graph": "unavailable", "completed_days": 206, "stopped": null}
{"date": "2022-01-02", "source": "complete", "graph": "complete", "completed_days": 206, "stopped": null}
{"date": "2022-01-03", "source": "complete", "graph": "complete", "completed_days": 206, "stopped": null}
{"date": "2022-01-04", "source": "complete", "graph": "complete", "completed_days": 206, "stopped": null}
{"date": "2022-01-05", "source": "complete", "graph": "complete", "completed_days": 206, "stopped": null}
{"date": "2022-01-06", "source": "complete", "graph": "complete", "completed_days": 206, "stopped": null}
{"date": "2022-01-07", "source": "complete", "graph": "complete", "completed_days": 206, "stopped": null}
{"date": "2022-01-08", "source": "complete", "graph": "complete", "completed_days": 206, "stopped": null}
{"date": "2022-01-09", "source": "complete", "graph": "complete", "completed_days": 206, "stopped": null}
{"date": "2022-01-10", "source": "complete", "graph": "complete", "completed_days": 206, "stopped": null}
{"date": "2022-01-11", "source": "complete", "graph": "complete", "completed_days": 206, "stopped": null}
{"date": "2022-01-12", "source": "complete", "graph": "complete", "completed_days": 206, "stopped": null}
{"date": "2022-01-13", "source": "complete", "graph": "complete", "completed_days": 206, "stopped": null}
{"date": "2022-01-14", "source": "complete", "graph": "complete", "completed_days": 206, "stopped": null}
{"date": "2022-01-15", "source": "complete", "graph": "complete", "completed_days": 206, "stopped": null}
{"date": "2022-01-16", "source": "complete", "graph": "complete", "completed_days": 206, "stopped": null}
{"date": "2022-01-17", "source": "complete", "graph": "complete", "completed_days": 206, "stopped": null}
{"date": "2022-01-18", "source": "complete", "graph": "complete", "completed_days": 206, "stopped": null}
{"date": "2022-01-19", "source": "complete", "graph": "complete", "completed_days": 206, "stopped": null}
{"date": "2022-01-20", "source": "complete", "graph": "complete", "completed_days": 206, "stopped": null}
{"date": "2022-01-21", "source": "complete", "graph": "complete", "completed_days": 206, "stopped": null}
{"date": "2022-01-22", "source": "complete", "graph": "complete", "completed_days": 206, "stopped": null}
{"date": "2022-01-23", "source": "complete", "graph": "complete", "completed_days": 206, "stopped": null}
{"date": "2022-01-24", "source": "complete", "graph": "complete", "completed_days": 206, "stopped": null}
{"date": "2022-01-25", "source": "complete", "graph": "complete", "completed_days": 206, "stopped": null}
{"date": "2022-01-26", "source": "complete", "graph": "complete", "completed_days": 206, "stopped": null}
{"date": "2022-01-27", "source": "complete", "graph": "complete", "completed_days": 206, "stopped": null}
{"date": "2022-01-28", "source": "complete", "graph": "complete", "completed_days": 206, "stopped": null}
{"date": "2022-01-29", "source": "complete", "graph": "complete", "completed_days": 206, "stopped": null}
{"date": "2022-01-30", "source": "complete", "graph": "complete", "completed_days": 206, "stopped": null}
{"date": "2022-01-31", "source": "complete", "graph": "complete", "completed_days": 206, "stopped": null}
{"date": "2022-02-01", "source": "complete", "graph": "complete", "completed_days": 206, "stopped": null}
{"date": "2022-02-02", "source": "complete", "graph": "complete", "completed_days": 206, "stopped": null}
{"date": "2022-02-03", "source": "complete", "graph": "complete", "completed_days": 206, "stopped": null}
{"date": "2022-02-04", "source": "complete", "graph": "complete", "completed_days": 206, "stopped": null}
{"date": "2022-02-05", "source": "complete", "graph": "complete", "completed_days": 206, "stopped": null}
{"date": "2022-02-06", "source": "complete", "graph": "complete", "completed_days": 206, "stopped": null}
{"date": "2022-02-07", "source": "complete", "graph": "complete", "completed_days": 206, "stopped": null}
{"date": "2022-02-08", "source": "complete", "graph": "complete", "completed_days": 206, "stopped": null}
{"date": "2022-02-09", "source": "complete", "graph": "complete", "completed_days": 206, "stopped": null}
{"date": "2022-02-10", "source": "complete", "graph": "complete", "completed_days": 206, "stopped": null}
{"date": "2022-02-11", "source": "complete", "graph": "complete", "completed_days": 206, "stopped": null}
{"date": "2022-02-12", "source": "complete", "graph": "complete", "completed_days": 206, "stopped": null}
{"date": "2022-02-13", "source": "complete", "graph": "complete", "completed_days": 206, "stopped": null}
{"date": "2022-02-14", "source": "complete", "graph": "complete", "completed_days": 206, "stopped": null}
{"date": "2022-02-15", "source": "complete", "graph": "complete", "completed_days": 206, "stopped": null}
{"date": "2022-02-16", "source": "complete", "graph": "complete", "completed_days": 206, "stopped": null}
{"date": "2022-02-17", "source": "complete", "graph": "complete", "completed_days": 206, "stopped": null}
{"date": "2022-02-18", "source": "complete", "graph": "complete", "completed_days": 206, "stopped": null}
{"date": "2022-02-19", "source": "complete", "graph": "complete", "completed_days": 206, "stopped": null}
{"date": "2022-02-20", "source": "complete", "graph": "complete", "completed_days": 206, "stopped": null}
{"date": "2022-02-21", "source": "complete", "graph": "complete", "completed_days": 206, "stopped": null}
{"date": "2022-02-22", "source": "complete", "graph": "complete", "completed_days": 206, "stopped": null}
{"date": "2022-02-23", "source": "complete", "graph": "complete", "completed_days": 206, "stopped": null}
{"date": "2022-02-24", "source": "complete", "graph": "complete", "completed_days": 206, "stopped": null}
{"date": "2022-02-25", "source": "complete", "graph": "complete", "completed_days": 206, "stopped": null}
{"date": "2022-02-26", "source": "complete", "graph": "complete", "completed_days": 206, "stopped": null}
{"date": "2022-02-27", "source": "complete", "graph": "complete", "completed_days": 206, "stopped": null}
{"date": "2022-02-28", "source": "complete", "graph": "complete", "completed_days": 206, "stopped": null}
{"date": "2022-03-01", "source": "complete", "graph": "complete", "completed_days": 206, "stopped": null}
{"date": "2022-03-02", "source": "complete", "graph": "complete", "completed_days": 206, "stopped": null}
{"date": "2022-03-03", "source": "complete", "graph": "complete", "completed_days": 206, "stopped": null}
{"date": "2022-03-04", "source": "complete", "graph": "complete", "completed_days": 206, "stopped": null}
{"date": "2022-03-05", "source": "complete", "graph": "complete", "completed_days": 206, "stopped": null}
{"date": "2022-03-06", "source": "complete", "graph": "complete", "completed_days": 206, "stopped": null}
{"date": "2022-03-07", "source": "complete", "graph": "complete", "completed_days": 206, "stopped": null}
{"date": "2022-03-08", "source": "complete", "graph": "complete", "completed_days": 206, "stopped": null}
{"date": "2022-03-09", "source": "complete", "graph": "complete", "completed_days": 206, "stopped": null}
{"date": "2022-03-10", "source": "complete", "graph": "complete", "completed_days": 206, "stopped": null}
{"date": "2022-03-11", "source": "complete", "graph": "complete", "completed_days": 206, "stopped": null}
{"date": "2022-03-12", "source": "complete", "graph": "complete", "completed_days": 206, "stopped": null}
{"date": "2022-03-13", "source": "complete", "graph": "complete", "completed_days": 206, "stopped": null}
{"date": "2022-03-14", "source": "complete", "graph": "complete", "completed_days": 206, "stopped": null}
{"date": "2022-03-15", "source": "complete", "graph": "complete", "completed_days": 206, "stopped": null}
{"date": "2022-03-16", "source": "complete", "graph": "complete", "completed_days": 206, "stopped": null}
{"date": "2022-03-17", "source": "complete", "graph": "complete", "completed_days": 206, "stopped": null}
{"date": "2022-03-18", "source": "complete", "graph": "complete", "completed_days": 206, "stopped": null}
{"date": "2022-03-19", "source": "complete", "graph": "complete", "completed_days": 206, "stopped": null}
{"date": "2022-03-20", "source": "complete", "graph": "complete", "completed_days": 206, "stopped": null}
{"date": "2022-03-21", "source": "complete", "graph": "complete", "completed_days": 206, "stopped": null}
{"date": "2022-03-22", "source": "complete", "graph": "complete", "completed_days": 206, "stopped": null}
{"date": "2022-03-23", "source": "complete", "graph": "complete", "completed_days": 206, "stopped": null}
{"date": "2022-03-24", "source": "complete", "graph": "complete", "completed_days": 206, "stopped": null}
{"date": "2022-03-25", "source": "complete", "graph": "complete", "completed_days": 206, "stopped": null}
{"date": "2022-03-26", "source": "complete", "graph": "complete", "completed_days": 206, "stopped": null}
{"date": "2022-03-27", "source": "complete", "graph": "complete", "completed_days": 206, "stopped": null}
{"date": "2022-03-28", "source": "complete", "graph": "complete", "completed_days": 206, "stopped": null}
{"date": "2022-03-29", "source": "complete", "graph": "complete", "completed_days": 206, "stopped": null}
{"date": "2022-03-30", "source": "complete", "graph": "complete", "completed_days": 206, "stopped": null}
{"date": "2022-03-31", "source": "complete", "graph": "complete", "completed_days": 206, "stopped": null}
{"date": "2022-04-01", "source": "complete", "graph": "complete", "completed_days": 206, "stopped": null}
{"date": "2022-04-02", "source": "complete", "graph": "complete", "completed_days": 206, "stopped": null}
{"date": "2022-04-03", "source": "complete", "graph": "complete", "completed_days": 206, "stopped": null}
{"date": "2022-04-04", "source": "complete", "graph": "complete", "completed_days": 206, "stopped": null}
{"date": "2022-04-05", "source": "complete", "graph": "complete", "completed_days": 206, "stopped": null}
{"date": "2022-04-06", "source": "complete", "graph": "complete", "completed_days": 206, "stopped": null}
{"date": "2022-04-07", "source": "complete", "graph": "complete", "completed_days": 206, "stopped": null}
{"date": "2022-04-08", "source": "complete", "graph": "complete", "completed_days": 206, "stopped": null}
{"date": "2022-04-09", "source": "complete", "graph": "complete", "completed_days": 206, "stopped": null}
{"date": "2022-04-10", "source": "complete", "graph": "complete", "completed_days": 206, "stopped": null}
{"date": "2022-04-11", "source": "complete", "graph": "complete", "completed_days": 206, "stopped": null}
{"date": "2022-04-12", "source": "complete", "graph": "complete", "completed_days": 206, "stopped": null}
{"date": "2022-04-13", "source": "complete", "graph": "complete", "completed_days": 206, "stopped": null}
{"date": "2022-04-14", "source": "complete", "graph": "complete", "completed_days": 206, "stopped": null}
{"date": "2022-04-15", "source": "complete", "graph": "complete", "completed_days": 206, "stopped": null}
{"date": "2022-04-16", "source": "complete", "graph": "complete", "completed_days": 206, "stopped": null}
{"date": "2022-04-17", "source": "complete", "graph": "complete", "completed_days": 206, "stopped": null}
{"date": "2022-04-18", "source": "complete", "graph": "complete", "completed_days": 206, "stopped": null}
{"date": "2022-04-19", "source": "complete", "graph": "complete", "completed_days": 206, "stopped": null}
{"date": "2022-04-20", "source": "complete", "graph": "complete", "completed_days": 206, "stopped": null}
{"date": "2022-04-21", "source": "complete", "graph": "complete", "completed_days": 206, "stopped": null}
{"date": "2022-04-22", "source": "complete", "graph": "complete", "completed_days": 206, "stopped": null}
{"date": "2022-04-23", "source": "complete", "graph": "complete", "completed_days": 206, "stopped": null}
{"date": "2022-04-24", "source": "complete", "graph": "complete", "completed_days": 206, "stopped": null}
{"date": "2022-04-25", "source": "complete", "graph": "complete", "completed_days": 206, "stopped": null}
{"date": "2022-04-26", "source": "complete", "graph": "complete", "completed_days": 206, "stopped": null}
{"date": "2022-04-27", "source": "complete", "graph": "complete", "completed_days": 206, "stopped": null}
{"date": "2022-04-28", "source": "complete", "graph": "complete", "completed_days": 206, "stopped": null}
{"date": "2022-04-29", "source": "complete", "graph": "complete", "completed_days": 206, "stopped": null}
{"date": "2022-04-30", "source": "complete", "graph": "complete", "completed_days": 206, "stopped": null}
{"date": "2022-05-01", "source": "complete", "graph": "complete", "completed_days": 206, "stopped": null}
{"date": "2022-05-02", "source": "complete", "graph": "complete", "completed_days": 206, "stopped": null}
{"date": "2022-05-03", "source": "complete", "graph": "complete", "completed_days": 206, "stopped": null}
{"date": "2022-05-04", "source": "complete", "graph": "complete", "completed_days": 206, "stopped": null}
{"date": "2022-05-05", "source": "complete", "graph": "complete", "completed_days": 206, "stopped": null}
{"date": "2022-05-06", "source": "complete", "graph": "complete", "completed_days": 206, "stopped": null}
{"date": "2022-05-07", "source": "complete", "graph": "complete", "completed_days": 206, "stopped": null}
{"date": "2022-05-08", "source": "complete", "graph": "complete", "completed_days": 206, "stopped": null}
{"date": "2022-05-09", "source": "complete", "graph": "complete", "completed_days": 206, "stopped": null}
{"date": "2022-05-10", "source": "complete", "graph": "complete", "completed_days": 206, "stopped": null}
{"date": "2022-05-11", "source": "complete", "graph": "complete", "completed_days": 206, "stopped": null}
{"date": "2022-05-12", "source": "complete", "graph": "complete", "completed_days": 206, "stopped": null}
{"date": "2022-05-13", "source": "complete", "graph": "complete", "completed_days": 206, "stopped": null}
{"date": "2022-05-14", "source": "complete", "graph": "complete", "completed_days": 206, "stopped": null}
{"date": "2022-05-15", "source": "complete", "graph": "complete", "completed_days": 206, "stopped": null}
{"date": "2022-05-16", "source": "complete", "graph": "complete", "completed_days": 206, "stopped": null}
{"date": "2022-05-17", "source": "complete", "graph": "complete", "completed_days": 206, "stopped": null}
{"date": "2022-05-18", "source": "complete", "graph": "complete", "completed_days": 206, "stopped": null}
{"date": "2022-05-19", "source": "complete", "graph": "complete", "completed_days": 206, "stopped": null}
{"date": "2022-05-20", "source": "complete", "graph": "complete", "completed_days": 206, "stopped": null}
{"date": "2022-05-21", "source": "complete", "graph": "complete", "completed_days": 206, "stopped": null}
{"date": "2022-05-22", "source": "complete", "graph": "complete", "completed_days": 206, "stopped": null}
{"date": "2022-05-23", "source": "complete", "graph": "complete", "completed_days": 206, "stopped": null}
{"date": "2022-05-24", "source": "complete", "graph": "complete", "completed_days": 206, "stopped": null}
{"date": "2022-05-25", "source": "complete", "graph": "complete", "completed_days": 206, "stopped": null}
{"date": "2022-05-26", "source": "complete", "graph": "complete", "completed_days": 206, "stopped": null}
{"date": "2022-05-27", "source": "complete", "graph": "complete", "completed_days": 206, "stopped": null}
{"date": "2022-05-28", "source": "complete", "graph": "complete", "completed_days": 206, "stopped": null}
{"date": "2022-05-29", "source": "complete", "graph": "complete", "completed_days": 206, "stopped": null}
{"date": "2022-05-30", "source": "complete", "graph": "complete", "completed_days": 206, "stopped": null}
{"date": "2022-05-31", "source": "complete", "graph": "complete", "completed_days": 206, "stopped": null}
{"date": "2022-06-01", "source": "complete", "graph": "complete", "completed_days": 206, "stopped": null}
{"date": "2022-06-02", "source": "complete", "graph": "complete", "completed_days": 206, "stopped": null}
{"date": "2022-06-03", "source": "complete", "graph": "complete", "completed_days": 206, "stopped": null}
{"date": "2022-06-04", "source": "complete", "graph": "complete", "completed_days": 206, "stopped": null}
{"date": "2022-06-05", "source": "complete", "graph": "complete", "completed_days": 206, "stopped": null}
{"date": "2022-06-06", "source": "complete", "graph": "complete", "completed_days": 206, "stopped": null}
{"date": "2022-06-07", "source": "complete", "graph": "complete", "completed_days": 206, "stopped": null}
{"date": "2022-06-08", "source": "complete", "graph": "complete", "completed_days": 206, "stopped": null}
{"date": "2022-06-09", "source": "complete", "graph": "complete", "completed_days": 206, "stopped": null}
{"date": "2022-06-10", "source": "complete", "graph": "complete", "completed_days": 206, "stopped": null}
{"date": "2022-06-11", "source": "complete", "graph": "complete", "completed_days": 206, "stopped": null}
{"date": "2022-06-12", "source": "complete", "graph": "complete", "completed_days": 206, "stopped": null}
{"date": "2022-06-13", "source": "complete", "graph": "complete", "completed_days": 206, "stopped": null}
{"date": "2022-06-14", "source": "complete", "graph": "complete", "completed_days": 206, "stopped": null}
{"date": "2022-06-15", "source": "complete", "graph": "complete", "completed_days": 206, "stopped": null}
{"date": "2022-06-16", "source": "complete", "graph": "complete", "completed_days": 206, "stopped": null}
{"date": "2022-06-17", "source": "complete", "graph": "complete", "completed_days": 206, "stopped": null}
{"date": "2022-06-18", "source": "complete", "graph": "complete", "completed_days": 206, "stopped": null}
{"date": "2022-06-19", "source": "complete", "graph": "complete", "completed_days": 206, "stopped": null}
{"date": "2022-06-20", "source": "complete", "graph": "complete", "completed_days": 206, "stopped": null}
{"date": "2022-06-21", "source": "complete", "graph": "complete", "completed_days": 206, "stopped": null}
{"date": "2022-06-22", "source": "complete", "graph": "complete", "completed_days": 206, "stopped": null}
{"date": "2022-06-23", "source": "complete", "graph": "complete", "completed_days": 206, "stopped": null}
{"date": "2022-06-24", "source": "complete", "graph": "complete", "completed_days": 206, "stopped": null}
{"date": "2022-06-25", "source": "complete", "graph": "complete", "completed_days": 206, "stopped": null}
{"date": "2022-06-26", "source": "complete", "graph": "complete", "completed_days": 206, "stopped": null}
{"date": "2022-06-27", "source": "complete", "graph": "complete", "completed_days": 206, "stopped": null}
{"date": "2022-06-28", "source": "complete", "graph": "complete", "completed_days": 206, "stopped": null}
{"date": "2022-06-29", "source": "complete", "graph": "complete", "completed_days": 206, "stopped": null}
{"date": "2022-06-30", "source": "complete", "graph": "complete", "completed_days": 206, "stopped": null}
{"date": "2022-07-01", "source": "complete", "graph": "complete", "completed_days": 206, "stopped": null}
{"date": "2022-07-02", "source": "complete", "graph": "complete", "completed_days": 206, "stopped": null}
{"date": "2022-07-03", "source": "complete", "graph": "complete", "completed_days": 206, "stopped": null}
{"date": "2022-07-04", "source": "complete", "graph": "complete", "completed_days": 206, "stopped": null}
{"date": "2022-07-05", "source": "complete", "graph": "complete", "completed_days": 206, "stopped": null}
{"date": "2022-07-06", "source": "complete", "graph": "complete", "completed_days": 206, "stopped": null}
{"date": "2022-07-07", "source": "complete", "graph": "complete", "completed_days": 206, "stopped": null}
{"date": "2022-07-08", "source": "complete", "graph": "complete", "completed_days": 206, "stopped": null}
{"date": "2022-07-09", "source": "complete", "graph": "complete", "completed_days": 206, "stopped": null}
{"date": "2022-07-10", "source": "complete", "graph": "complete", "completed_days": 206, "stopped": null}
{"date": "2022-07-11", "source": "complete", "graph": "complete", "completed_days": 206, "stopped": null}
{"date": "2022-07-12", "source": "complete", "graph": "complete", "completed_days": 206, "stopped": null}
{"date": "2022-07-13", "source": "complete", "graph": "complete", "completed_days": 206, "stopped": null}
{"date": "2022-07-14", "source": "complete", "graph": "complete", "completed_days": 206, "stopped": null}
{"date": "2022-07-15", "source": "complete", "graph": "complete", "completed_days": 206, "stopped": null}
{"date": "2022-07-16", "source": "complete", "graph": "complete", "completed_days": 206, "stopped": null}
{"date": "2022-07-17", "source": "complete", "graph": "complete", "completed_days": 206, "stopped": null}
{"date": "2022-07-18", "source": "complete", "graph": "complete", "completed_days": 206, "stopped": null}
{"date": "2022-07-19", "source": "complete", "graph": "complete", "completed_days": 206, "stopped": null}
{"date": "2022-07-20", "source": "complete", "graph": "complete", "completed_days": 206, "stopped": null}
{"date": "2022-07-21", "source": "complete", "graph": "complete", "completed_days": 206, "stopped": null}
{"date": "2022-07-22", "source": "complete", "graph": "complete", "completed_days": 206, "stopped": null}
{"date": "2022-07-23", "source": "complete", "graph": "complete", "completed_days": 206, "stopped": null}
{"date": "2022-07-24", "source": "complete", "graph": "complete", "completed_days": 206, "stopped": null}
{"date": "2022-07-25", "source": "complete", "graph": "complete", "completed_days": 206, "stopped": null}
{"date": "2022-07-26", "phase": "extract", "status": "starting"}
{"date": "2022-07-26", "source": "complete", "count": "complete"}
{"passed": true, "date": "2022-07-26", "count_verified": true}
{"date": "2022-07-26", "source": "complete", "graph": "complete", "completed_days": 207, "stopped": null}
{"date": "2022-07-27", "phase": "extract", "status": "starting"}
{"date": "2022-07-27", "source": "complete", "count": "complete"}
{"passed": true, "date": "2022-07-27", "count_verified": true}
{"date": "2022-07-27", "source": "complete", "graph": "complete", "completed_days": 208, "stopped": null}
{"date": "2022-07-28", "phase": "extract", "status": "starting"}
{"date": "2022-07-28", "source": "complete", "count": "complete"}
{"passed": true, "date": "2022-07-28", "count_verified": true}
{"date": "2022-07-28", "source": "complete", "graph": "complete", "completed_days": 209, "stopped": null}
{"date": "2022-07-29", "phase": "extract", "status": "starting"}
{"date": "2022-07-29", "source": "complete", "count": "complete"}
{"passed": true, "date": "2022-07-29", "count_verified": true}
{"date": "2022-07-29", "source": "complete", "graph": "complete", "completed_days": 210, "stopped": null}
{"date": "2022-07-30", "phase": "extract", "status": "starting"}
{"date": "2022-07-30", "source": "complete", "count": "complete"}
{"passed": true, "date": "2022-07-30", "count_verified": true}
{"date": "2022-07-30", "source": "complete", "graph": "complete", "completed_days": 211, "stopped": null}
{"date": "2022-07-31", "phase": "extract", "status": "starting"}
{"date": "2022-07-31", "source": "complete", "count": "complete"}
{"passed": true, "date": "2022-07-31", "count_verified": true}
{"date": "2022-07-31", "source": "complete", "graph": "complete", "completed_days": 212, "stopped": null}
{"date": "2022-08-01", "phase": "extract", "status": "starting"}
{"date": "2022-08-01", "source": "complete", "count": "complete"}
{"passed": true, "date": "2022-08-01", "count_verified": true}
{"date": "2022-08-01", "source": "complete", "graph": "complete", "completed_days": 213, "stopped": null}
{"date": "2022-08-02", "phase": "extract", "status": "starting"}
{"date": "2022-08-02", "source": "complete", "count": "complete"}
{"passed": true, "date": "2022-08-02", "count_verified": true}
{"date": "2022-08-02", "source": "complete", "graph": "complete", "completed_days": 214, "stopped": null}
{"date": "2022-08-03", "phase": "extract", "status": "starting"}
{"date": "2022-08-03", "source": "complete", "count": "complete"}
{"passed": true, "date": "2022-08-03", "count_verified": true}
{"date": "2022-08-03", "source": "complete", "graph": "complete", "completed_days": 215, "stopped": null}
{"date": "2022-08-04", "phase": "extract", "status": "starting"}
{"date": "2022-08-04", "source": "complete", "count": "complete"}
{"passed": true, "date": "2022-08-04", "count_verified": true}
{"date": "2022-08-04", "source": "complete", "graph": "complete", "completed_days": 216, "stopped": null}
{"date": "2022-08-05", "phase": "extract", "status": "starting"}
{"date": "2022-08-05", "source": "complete", "count": "complete"}
{"passed": true, "date": "2022-08-05", "count_verified": true}
{"date": "2022-08-05", "source": "complete", "graph": "complete", "completed_days": 217, "stopped": null}
{"date": "2022-08-06", "phase": "extract", "status": "starting"}
{"date": "2022-08-06", "source": "complete", "count": "complete"}
{"passed": true, "date": "2022-08-06", "count_verified": true}
{"date": "2022-08-06", "source": "complete", "graph": "complete", "completed_days": 218, "stopped": null}
{"date": "2022-08-07", "phase": "extract", "status": "starting"}
{"date": "2022-08-07", "source": "complete", "count": "complete"}
{"passed": true, "date": "2022-08-07", "count_verified": true}
{"date": "2022-08-07", "source": "complete", "graph": "complete", "completed_days": 219, "stopped": null}
{"date": "2022-08-08", "phase": "extract", "status": "starting"}
{"date": "2022-08-08", "source": "complete", "count": "complete"}
{"passed": true, "date": "2022-08-08", "count_verified": true}
{"date": "2022-08-08", "source": "complete", "graph": "complete", "completed_days": 220, "stopped": null}
{"date": "2022-08-09", "phase": "extract", "status": "starting"}
{"date": "2022-08-09", "source": "complete", "count": "complete"}
{"passed": true, "date": "2022-08-09", "count_verified": true}
{"date": "2022-08-09", "source": "complete", "graph": "complete", "completed_days": 221, "stopped": null}
{"date": "2022-08-10", "phase": "extract", "status": "starting"}
{"date": "2022-08-10", "source": "complete", "count": "complete"}
{"passed": true, "date": "2022-08-10", "count_verified": true}
{"date": "2022-08-10", "source": "complete", "graph": "complete", "completed_days": 222, "stopped": null}
{"date": "2022-08-11", "phase": "extract", "status": "starting"}
{"date": "2022-08-11", "source": "complete", "count": "complete"}
{"passed": true, "date": "2022-08-11", "count_verified": true}
{"date": "2022-08-11", "source": "complete", "graph": "complete", "completed_days": 223, "stopped": null}
{"date": "2022-08-12", "phase": "extract", "status": "starting"}
{"date": "2022-08-12", "source": "complete", "count": "complete"}
{"passed": true, "date": "2022-08-12", "count_verified": true}
{"date": "2022-08-12", "source": "complete", "graph": "complete", "completed_days": 224, "stopped": null}
{"date": "2022-08-13", "phase": "extract", "status": "starting"}
{"date": "2022-08-13", "source": "complete", "count": "complete"}
{"passed": true, "date": "2022-08-13", "count_verified": true}
{"date": "2022-08-13", "source": "complete", "graph": "complete", "completed_days": 225, "stopped": null}
{"date": "2022-08-14", "phase": "extract", "status": "starting"}
{"date": "2022-08-14", "source": "complete", "count": "complete"}
{"passed": true, "date": "2022-08-14", "count_verified": true}
{"date": "2022-08-14", "source": "complete", "graph": "complete", "completed_days": 226, "stopped": null}
{"date": "2022-08-15", "phase": "extract", "status": "starting"}
{"date": "2022-08-15", "source": "complete", "count": "complete"}
{"passed": true, "date": "2022-08-15", "count_verified": true}
{"date": "2022-08-15", "source": "complete", "graph": "complete", "completed_days": 227, "stopped": null}
{"date": "2022-08-16", "phase": "extract", "status": "starting"}
{"date": "2022-08-16", "source": "complete", "count": "complete"}
{"passed": true, "date": "2022-08-16", "count_verified": true}
{"date": "2022-08-16", "source": "complete", "graph": "complete", "completed_days": 228, "stopped": null}
{"date": "2022-08-17", "phase": "extract", "status": "starting"}
{"date": "2022-08-17", "source": "complete", "count": "complete"}
{"passed": true, "date": "2022-08-17", "count_verified": true}
{"date": "2022-08-17", "source": "complete", "graph": "complete", "completed_days": 229, "stopped": null}
{"date": "2022-08-18", "phase": "extract", "status": "starting"}
{"date": "2022-08-18", "source": "complete", "count": "complete"}
{"passed": true, "date": "2022-08-18", "count_verified": true}
{"date": "2022-08-18", "source": "complete", "graph": "complete", "completed_days": 230, "stopped": null}
{"date": "2022-08-19", "phase": "extract", "status": "starting"}
{"date": "2022-08-19", "source": "complete", "count": "complete"}
{"passed": true, "date": "2022-08-19", "count_verified": true}
{"date": "2022-08-19", "source": "complete", "graph": "complete", "completed_days": 231, "stopped": null}
{"date": "2022-08-20", "phase": "extract", "status": "starting"}
{"date": "2022-08-20", "source": "complete", "count": "complete"}
{"passed": true, "date": "2022-08-20", "count_verified": true}
{"date": "2022-08-20", "source": "complete", "graph": "complete", "completed_days": 232, "stopped": null}
{"date": "2022-08-21", "phase": "extract", "status": "starting"}
{"date": "2022-08-21", "source": "complete", "count": "complete"}
{"passed": true, "date": "2022-08-21", "count_verified": true}
{"date": "2022-08-21", "source": "complete", "graph": "complete", "completed_days": 233, "stopped": null}
{"date": "2022-08-22", "phase": "extract", "status": "starting"}
{"date": "2022-08-22", "source": "complete", "count": "complete"}
{"passed": true, "date": "2022-08-22", "count_verified": true}
{"date": "2022-08-22", "source": "complete", "graph": "complete", "completed_days": 234, "stopped": null}
{"date": "2022-08-23", "phase": "extract", "status": "starting"}
{"date": "2022-08-23", "source": "complete", "count": "complete"}
{"passed": true, "date": "2022-08-23", "count_verified": true}
{"date": "2022-08-23", "source": "complete", "graph": "complete", "completed_days": 235, "stopped": null}
{"date": "2022-08-24", "phase": "extract", "status": "starting"}
{"date": "2022-08-24", "source": "complete", "count": "complete"}
{"passed": true, "date": "2022-08-24", "count_verified": true}
{"date": "2022-08-24", "source": "complete", "graph": "complete", "completed_days": 236, "stopped": null}
{"date": "2022-08-25", "phase": "extract", "status": "starting"}
{"date": "2022-08-25", "source": "complete", "count": "complete"}
{"passed": true, "date": "2022-08-25", "count_verified": true}
{"date": "2022-08-25", "source": "complete", "graph": "complete", "completed_days": 237, "stopped": null}
{"date": "2022-08-26", "phase": "extract", "status": "starting"}
{"date": "2022-08-26", "source": "complete", "count": "complete"}
{"passed": true, "date": "2022-08-26", "count_verified": true}
{"date": "2022-08-26", "source": "complete", "graph": "complete", "completed_days": 238, "stopped": null}
{"date": "2022-08-27", "phase": "extract", "status": "starting"}
{"date": "2022-08-27", "source": "complete", "count": "complete"}
{"passed": true, "date": "2022-08-27", "count_verified": true}
{"date": "2022-08-27", "source": "complete", "graph": "complete", "completed_days": 239, "stopped": null}
{"date": "2022-08-28", "phase": "extract", "status": "starting"}
{"date": "2022-08-28", "source": "complete", "count": "complete"}
{"passed": true, "date": "2022-08-28", "count_verified": true}
{"date": "2022-08-28", "source": "complete", "graph": "complete", "completed_days": 240, "stopped": null}
{"date": "2022-08-29", "phase": "extract", "status": "starting"}
{"date": "2022-08-29", "source": "complete", "count": "complete"}
{"passed": true, "date": "2022-08-29", "count_verified": true}
{"date": "2022-08-29", "source": "complete", "graph": "complete", "completed_days": 241, "stopped": null}
{"date": "2022-08-30", "phase": "extract", "status": "starting"}
{"date": "2022-08-30", "source": "complete", "count": "complete"}
{"passed": true, "date": "2022-08-30", "count_verified": true}
{"date": "2022-08-30", "source": "complete", "graph": "complete", "completed_days": 242, "stopped": null}
{"date": "2022-08-31", "phase": "extract", "status": "starting"}
{"date": "2022-08-31", "source": "complete", "count": "complete"}
{"passed": true, "date": "2022-08-31", "count_verified": true}
{"date": "2022-08-31", "source": "complete", "graph": "complete", "completed_days": 243, "stopped": null}
{"date": "2022-09-01", "phase": "extract", "status": "starting"}
{"date": "2022-09-01", "source": "complete", "count": "complete"}
{"passed": true, "date": "2022-09-01", "count_verified": true}
{"date": "2022-09-01", "source": "complete", "graph": "complete", "completed_days": 244, "stopped": null}
{"date": "2022-09-02", "phase": "extract", "status": "starting"}
{"date": "2022-09-02", "source": "complete", "count": "complete"}
{"passed": true, "date": "2022-09-02", "count_verified": true}
{"date": "2022-09-02", "source": "complete", "graph": "complete", "completed_days": 245, "stopped": null}
{"date": "2022-09-03", "phase": "extract", "status": "starting"}
{"date": "2022-09-03", "source": "complete", "count": "complete"}
{"passed": true, "date": "2022-09-03", "count_verified": true}
{"date": "2022-09-03", "source": "complete", "graph": "complete", "completed_days": 246, "stopped": null}
{"date": "2022-09-04", "phase": "extract", "status": "starting"}
{"date": "2022-09-04", "source": "complete", "count": "complete"}
{"passed": true, "date": "2022-09-04", "count_verified": true}
{"date": "2022-09-04", "source": "complete", "graph": "complete", "completed_days": 247, "stopped": null}
{"date": "2022-09-05", "phase": "extract", "status": "starting"}
{"date": "2022-09-05", "source": "complete", "count": "complete"}
{"passed": true, "date": "2022-09-05", "count_verified": true}
{"date": "2022-09-05", "source": "complete", "graph": "complete", "completed_days": 248, "stopped": null}
{"date": "2022-09-06", "phase": "extract", "status": "starting"}
{"date": "2022-09-06", "source": "complete", "count": "complete"}
{"passed": true, "date": "2022-09-06", "count_verified": true}
{"date": "2022-09-06", "source": "complete", "graph": "complete", "completed_days": 249, "stopped": null}
{"date": "2022-09-07", "phase": "extract", "status": "starting"}
{"date": "2022-09-07", "source": "complete", "count": "complete"}
{"passed": true, "date": "2022-09-07", "count_verified": true}
{"date": "2022-09-07", "source": "complete", "graph": "complete", "completed_days": 250, "stopped": null}
{"date": "2022-09-08", "phase": "extract", "status": "starting"}
{"date": "2022-09-08", "source": "complete", "count": "complete"}
{"passed": true, "date": "2022-09-08", "count_verified": true}
{"date": "2022-09-08", "source": "complete", "graph": "complete", "completed_days": 251, "stopped": null}
{"date": "2022-09-09", "phase": "extract", "status": "starting"}
{"date": "2022-09-09", "source": "complete", "count": "complete"}
{"passed": true, "date": "2022-09-09", "count_verified": true}
{"date": "2022-09-09", "source": "complete", "graph": "complete", "completed_days": 252, "stopped": null}
{"date": "2022-09-10", "phase": "extract", "status": "starting"}
{"date": "2022-09-10", "source": "complete", "count": "complete"}
{"passed": true, "date": "2022-09-10", "count_verified": true}
{"date": "2022-09-10", "source": "complete", "graph": "complete", "completed_days": 253, "stopped": null}
{"date": "2022-09-11", "phase": "extract", "status": "starting"}
{"date": "2022-09-11", "source": "complete", "count": "complete"}
{"passed": true, "date": "2022-09-11", "count_verified": true}
{"date": "2022-09-11", "source": "complete", "graph": "complete", "completed_days": 254, "stopped": null}
{"date": "2022-09-12", "phase": "extract", "status": "starting"}
{"date": "2022-09-12", "source": "complete", "count": "complete"}
{"passed": true, "date": "2022-09-12", "count_verified": true}
{"date": "2022-09-12", "source": "complete", "graph": "complete", "completed_days": 255, "stopped": null}
{"date": "2022-09-13", "phase": "extract", "status": "starting"}
{"date": "2022-09-13", "source": "complete", "count": "complete"}
{"passed": true, "date": "2022-09-13", "count_verified": true}
{"date": "2022-09-13", "source": "complete", "graph": "complete", "completed_days": 256, "stopped": null}
{"date": "2022-09-14", "phase": "extract", "status": "starting"}
{"date": "2022-09-14", "source": "complete", "count": "complete"}
{"passed": true, "date": "2022-09-14", "count_verified": true}
{"date": "2022-09-14", "source": "complete", "graph": "complete", "completed_days": 257, "stopped": null}
{"date": "2022-09-15", "phase": "extract", "status": "starting"}
{"date": "2022-09-15", "source": "complete", "count": "complete"}
{"passed": true, "date": "2022-09-15", "count_verified": true}
{"date": "2022-09-15", "source": "complete", "graph": "complete", "completed_days": 258, "stopped": null}
{"date": "2022-09-16", "phase": "extract", "status": "starting"}
{"date": "2022-09-16", "source": "complete", "count": "complete"}
{"passed": true, "date": "2022-09-16", "count_verified": true}
{"date": "2022-09-16", "source": "complete", "graph": "complete", "completed_days": 259, "stopped": null}
{"date": "2022-09-17", "phase": "extract", "status": "starting"}
{"date": "2022-09-17", "source": "complete", "count": "complete"}
{"passed": true, "date": "2022-09-17", "count_verified": true}
{"date": "2022-09-17", "source": "complete", "graph": "complete", "completed_days": 260, "stopped": null}
{"date": "2022-09-18", "phase": "extract", "status": "starting"}
{"date": "2022-09-18", "source": "complete", "count": "complete"}
{"passed": true, "date": "2022-09-18", "count_verified": true}
{"date": "2022-09-18", "source": "complete", "graph": "complete", "completed_days": 261, "stopped": null}
{"date": "2022-09-19", "phase": "extract", "status": "starting"}
{"date": "2022-09-19", "source": "complete", "count": "complete"}
{"passed": true, "date": "2022-09-19", "count_verified": true}
{"date": "2022-09-19", "source": "complete", "graph": "complete", "completed_days": 262, "stopped": null}
{"date": "2022-09-20", "phase": "extract", "status": "starting"}
{"date": "2022-09-20", "source": "complete", "count": "complete"}
{"passed": true, "date": "2022-09-20", "count_verified": true}
{"date": "2022-09-20", "source": "complete", "graph": "complete", "completed_days": 263, "stopped": null}
{"date": "2022-09-21", "phase": "extract", "status": "starting"}
{"date": "2022-09-21", "source": "complete", "count": "complete"}
{"passed": true, "date": "2022-09-21", "count_verified": true}
{"date": "2022-09-21", "source": "complete", "graph": "complete", "completed_days": 264, "stopped": null}
{"date": "2022-09-22", "phase": "extract", "status": "starting"}
{"date": "2022-09-22", "source": "complete", "count": "complete"}
{"passed": true, "date": "2022-09-22", "count_verified": true}
{"date": "2022-09-22", "source": "complete", "graph": "complete", "completed_days": 265, "stopped": null}
{"date": "2022-09-23", "phase": "extract", "status": "starting"}
{"date": "2022-09-23", "source": "complete", "count": "complete"}
{"passed": true, "date": "2022-09-23", "count_verified": true}
{"date": "2022-09-23", "source": "complete", "graph": "complete", "completed_days": 266, "stopped": null}
{"date": "2022-09-24", "phase": "extract", "status": "starting"}
{"date": "2022-09-24", "source": "complete", "count": "complete"}
{"passed": true, "date": "2022-09-24", "count_verified": true}
{"date": "2022-09-24", "source": "complete", "graph": "complete", "completed_days": 267, "stopped": null}
{"date": "2022-09-25", "phase": "extract", "status": "starting"}
{"date": "2022-09-25", "source": "complete", "count": "complete"}
{"passed": true, "date": "2022-09-25", "count_verified": true}
{"date": "2022-09-25", "source": "complete", "graph": "complete", "completed_days": 268, "stopped": null}
{"date": "2022-09-26", "phase": "extract", "status": "starting"}
{"date": "2022-09-26", "source": "complete", "count": "complete"}
{"passed": true, "date": "2022-09-26", "count_verified": true}
{"date": "2022-09-26", "source": "complete", "graph": "complete", "completed_days": 269, "stopped": null}
{"date": "2022-09-27", "phase": "extract", "status": "starting"}
{"date": "2022-09-27", "source": "complete", "count": "complete"}
{"passed": true, "date": "2022-09-27", "count_verified": true}
{"date": "2022-09-27", "source": "complete", "graph": "complete", "completed_days": 270, "stopped": null}
{"date": "2022-09-28", "phase": "extract", "status": "starting"}
{"date": "2022-09-28", "source": "complete", "count": "complete"}
{"passed": true, "date": "2022-09-28", "count_verified": true}
{"date": "2022-09-28", "source": "complete", "graph": "complete", "completed_days": 271, "stopped": null}
{"date": "2022-09-29", "phase": "extract", "status": "starting"}
{"date": "2022-09-29", "source": "complete", "count": "complete"}
{"passed": true, "date": "2022-09-29", "count_verified": true}
{"date": "2022-09-29", "source": "complete", "graph": "complete", "completed_days": 272, "stopped": null}
{"date": "2022-09-30", "phase": "extract", "status": "starting"}
{"date": "2022-09-30", "source": "complete", "count": "complete"}
{"passed": true, "date": "2022-09-30", "count_verified": true}
{"date": "2022-09-30", "source": "complete", "graph": "complete", "completed_days": 273, "stopped": null}
{"date": "2022-10-01", "phase": "extract", "status": "starting"}
{"date": "2022-10-01", "source": "complete", "count": "complete"}
{"passed": true, "date": "2022-10-01", "count_verified": true}
{"date": "2022-10-01", "source": "complete", "graph": "complete", "completed_days": 274, "stopped": null}
{"date": "2022-10-02", "phase": "extract", "status": "starting"}
{"date": "2022-10-02", "source": "complete", "count": "complete"}
{"passed": true, "date": "2022-10-02", "count_verified": true}
{"date": "2022-10-02", "source": "complete", "graph": "complete", "completed_days": 275, "stopped": null}
{"date": "2022-10-03", "phase": "extract", "status": "starting"}
{"date": "2022-10-03", "source": "complete", "count": "complete"}
{"passed": true, "date": "2022-10-03", "count_verified": true}
{"date": "2022-10-03", "source": "complete", "graph": "complete", "completed_days": 276, "stopped": null}
{"date": "2022-10-04", "phase": "extract", "status": "starting"}
{"date": "2022-10-04", "source": "complete", "count": "complete"}
{"passed": true, "date": "2022-10-04", "count_verified": true}
{"date": "2022-10-04", "source": "complete", "graph": "complete", "completed_days": 277, "stopped": null}
{"date": "2022-10-05", "phase": "extract", "status": "starting"}
{"date": "2022-10-05", "source": "complete", "count": "complete"}
{"passed": true, "date": "2022-10-05", "count_verified": true}
{"date": "2022-10-05", "source": "complete", "graph": "complete", "completed_days": 278, "stopped": null}
{"date": "2022-10-06", "phase": "extract", "status": "starting"}
{"date": "2022-10-06", "source": "complete", "count": "complete"}
{"passed": true, "date": "2022-10-06", "count_verified": true}
{"date": "2022-10-06", "source": "complete", "graph": "complete", "completed_days": 279, "stopped": null}
{"date": "2022-10-07", "phase": "extract", "status": "starting"}
{"date": "2022-10-07", "source": "complete", "count": "complete"}
{"passed": true, "date": "2022-10-07", "count_verified": true}
{"date": "2022-10-07", "source": "complete", "graph": "complete", "completed_days": 280, "stopped": null}
{"date": "2022-10-08", "phase": "extract", "status": "starting"}
{"date": "2022-10-08", "source": "complete", "count": "complete"}
{"passed": true, "date": "2022-10-08", "count_verified": true}
{"date": "2022-10-08", "source": "complete", "graph": "complete", "completed_days": 281, "stopped": null}
{"date": "2022-10-09", "phase": "extract", "status": "starting"}
{"date": "2022-10-09", "source": "complete", "count": "complete"}
{"passed": true, "date": "2022-10-09", "count_verified": true}
{"date": "2022-10-09", "source": "complete", "graph": "complete", "completed_days": 282, "stopped": null}
{"date": "2022-10-10", "phase": "extract", "status": "starting"}
{"date": "2022-10-10", "source": "complete", "count": "complete"}
{"passed": true, "date": "2022-10-10", "count_verified": true}
{"date": "2022-10-10", "source": "complete", "graph": "complete", "completed_days": 283, "stopped": null}
{"date": "2022-10-11", "phase": "extract", "status": "starting"}
{"date": "2022-10-11", "source": "complete", "count": "complete"}
{"passed": true, "date": "2022-10-11", "count_verified": true}
{"date": "2022-10-11", "source": "complete", "graph": "complete", "completed_days": 284, "stopped": null}
{"date": "2022-10-12", "phase": "extract", "status": "starting"}
{"date": "2022-10-12", "source": "complete", "count": "complete"}
{"passed": true, "date": "2022-10-12", "count_verified": true}
{"date": "2022-10-12", "source": "complete", "graph": "complete", "completed_days": 285, "stopped": null}
{"date": "2022-10-13", "phase": "extract", "status": "starting"}
{"date": "2022-10-13", "source": "complete", "count": "complete"}
{"passed": true, "date": "2022-10-13", "count_verified": true}
{"date": "2022-10-13", "source": "complete", "graph": "complete", "completed_days": 286, "stopped": null}
{"date": "2022-10-14", "phase": "extract", "status": "starting"}
{"date": "2022-10-14", "source": "complete", "count": "complete"}
{"passed": true, "date": "2022-10-14", "count_verified": true}
{"date": "2022-10-14", "source": "complete", "graph": "complete", "completed_days": 287, "stopped": null}
{"date": "2022-10-15", "phase": "extract", "status": "starting"}
{"date": "2022-10-15", "source": "complete", "count": "complete"}
{"passed": true, "date": "2022-10-15", "count_verified": true}
{"date": "2022-10-15", "source": "complete", "graph": "complete", "completed_days": 288, "stopped": null}
{"date": "2022-10-16", "phase": "extract", "status": "starting"}
{"date": "2022-10-16", "source": "complete", "count": "complete"}
{"passed": true, "date": "2022-10-16", "count_verified": true}
{"date": "2022-10-16", "source": "complete", "graph": "complete", "completed_days": 289, "stopped": null}
{"date": "2022-10-17", "phase": "extract", "status": "starting"}
{"date": "2022-10-17", "source": "complete", "count": "complete"}
{"passed": true, "date": "2022-10-17", "count_verified": true}
{"date": "2022-10-17", "source": "complete", "graph": "complete", "completed_days": 290, "stopped": null}
{"date": "2022-10-18", "phase": "extract", "status": "starting"}
{"date": "2022-10-18", "source": "complete", "count": "complete"}
{"passed": true, "date": "2022-10-18", "count_verified": true}
{"date": "2022-10-18", "source": "complete", "graph": "complete", "completed_days": 291, "stopped": null}
{"date": "2022-10-19", "phase": "extract", "status": "starting"}
{"date": "2022-10-19", "source": "complete", "count": "complete"}
{"passed": true, "date": "2022-10-19", "count_verified": true}
{"date": "2022-10-19", "source": "complete", "graph": "complete", "completed_days": 292, "stopped": null}
{"date": "2022-10-20", "phase": "extract", "status": "starting"}
{"date": "2022-10-20", "source": "complete", "count": "complete"}
{"passed": true, "date": "2022-10-20", "count_verified": true}
{"date": "2022-10-20", "source": "complete", "graph": "complete", "completed_days": 293, "stopped": null}
{"date": "2022-10-21", "phase": "extract", "status": "starting"}
{"date": "2022-10-21", "source": "complete", "count": "complete"}
{"passed": true, "date": "2022-10-21", "count_verified": true}
{"date": "2022-10-21", "source": "complete", "graph": "complete", "completed_days": 294, "stopped": null}
{"date": "2022-10-22", "phase": "extract", "status": "starting"}
{"date": "2022-10-22", "source": "complete", "count": "complete"}
{"passed": true, "date": "2022-10-22", "count_verified": true}
{"date": "2022-10-22", "source": "complete", "graph": "complete", "completed_days": 295, "stopped": null}
{"date": "2022-10-23", "phase": "extract", "status": "starting"}
{"date": "2022-10-23", "source": "complete", "count": "complete"}
{"passed": true, "date": "2022-10-23", "count_verified": true}
{"date": "2022-10-23", "source": "complete", "graph": "complete", "completed_days": 296, "stopped": null}
{"date": "2022-10-24", "phase": "extract", "status": "starting"}
{"date": "2022-10-24", "source": "complete", "count": "complete"}
{"passed": true, "date": "2022-10-24", "count_verified": true}
{"date": "2022-10-24", "source": "complete", "graph": "complete", "completed_days": 297, "stopped": null}
{"date": "2022-10-25", "phase": "extract", "status": "starting"}
{"date": "2022-10-25", "source": "complete", "count": "complete"}
{"passed": true, "date": "2022-10-25", "count_verified": true}
{"date": "2022-10-25", "source": "complete", "graph": "complete", "completed_days": 298, "stopped": null}
{"date": "2022-10-26", "phase": "extract", "status": "starting"}
{"date": "2022-10-26", "source": "complete", "count": "complete"}
{"passed": true, "date": "2022-10-26", "count_verified": true}
{"date": "2022-10-26", "source": "complete", "graph": "complete", "completed_days": 299, "stopped": null}
{"date": "2022-10-27", "phase": "extract", "status": "starting"}
{"date": "2022-10-27", "source": "complete", "count": "complete"}
{"passed": true, "date": "2022-10-27", "count_verified": true}
{"date": "2022-10-27", "source": "complete", "graph": "complete", "completed_days": 300, "stopped": null}
{"date": "2022-10-28", "phase": "extract", "status": "starting"}
{"date": "2022-10-28", "source": "complete", "count": "complete"}
{"passed": true, "date": "2022-10-28", "count_verified": true}
{"date": "2022-10-28", "source": "complete", "graph": "complete", "completed_days": 301, "stopped": null}
{"date": "2022-10-29", "phase": "extract", "status": "starting"}
{"date": "2022-10-29", "source": "complete", "count": "complete"}
{"passed": true, "date": "2022-10-29", "count_verified": true}
{"date": "2022-10-29", "source": "complete", "graph": "complete", "completed_days": 302, "stopped": null}
{"date": "2022-10-30", "phase": "extract", "status": "starting"}
{"date": "2022-10-30", "source": "complete", "count": "complete"}
{"passed": true, "date": "2022-10-30", "count_verified": true}
{"date": "2022-10-30", "source": "complete", "graph": "complete", "completed_days": 303, "stopped": null}
{"date": "2022-10-31", "phase": "extract", "status": "starting"}
{"date": "2022-10-31", "source": "complete", "count": "complete"}
{"passed": true, "date": "2022-10-31", "count_verified": true}
{"date": "2022-10-31", "source": "complete", "graph": "complete", "completed_days": 304, "stopped": null}
{"date": "2022-11-01", "phase": "extract", "status": "starting"}
{"date": "2022-11-01", "source": "complete", "count": "complete"}
{"passed": true, "date": "2022-11-01", "count_verified": true}
{"date": "2022-11-01", "source": "complete", "graph": "complete", "completed_days": 305, "stopped": null}
{"date": "2022-11-02", "phase": "extract", "status": "starting"}
{"date": "2022-11-02", "source": "complete", "count": "complete"}
{"passed": true, "date": "2022-11-02", "count_verified": true}
{"date": "2022-11-02", "source": "complete", "graph": "complete", "completed_days": 306, "stopped": null}
{"date": "2022-11-03", "phase": "extract", "status": "starting"}
{"date": "2022-11-03", "source": "complete", "count": "complete"}
{"passed": true, "date": "2022-11-03", "count_verified": true}
{"date": "2022-11-03", "source": "complete", "graph": "complete", "completed_days": 307, "stopped": null}
{"date": "2022-11-04", "phase": "extract", "status": "starting"}
{"date": "2022-11-04", "source": "complete", "count": "complete"}
{"passed": true, "date": "2022-11-04", "count_verified": true}
{"date": "2022-11-04", "source": "complete", "graph": "complete", "completed_days": 308, "stopped": null}
{"date": "2022-11-05", "phase": "extract", "status": "starting"}
{"date": "2022-11-05", "source": "complete", "count": "complete"}
{"passed": true, "date": "2022-11-05", "count_verified": true}
{"date": "2022-11-05", "source": "complete", "graph": "complete", "completed_days": 309, "stopped": null}
{"date": "2022-11-06", "phase": "extract", "status": "starting"}
{"date": "2022-11-06", "source": "complete", "count": "complete"}
{"passed": true, "date": "2022-11-06", "count_verified": true}
{"date": "2022-11-06", "source": "complete", "graph": "complete", "completed_days": 310, "stopped": null}
{"date": "2022-11-07", "phase": "extract", "status": "starting"}
{"date": "2022-11-07", "source": "complete", "count": "complete"}
{"passed": true, "date": "2022-11-07", "count_verified": true}
{"date": "2022-11-07", "source": "complete", "graph": "complete", "completed_days": 311, "stopped": null}
{"date": "2022-11-08", "phase": "extract", "status": "starting"}
{"date": "2022-11-08", "source": "complete", "count": "complete"}
{"passed": true, "date": "2022-11-08", "count_verified": true}
{"date": "2022-11-08", "source": "complete", "graph": "complete", "completed_days": 312, "stopped": null}
{"date": "2022-11-09", "phase": "extract", "status": "starting"}
{"date": "2022-11-09", "source": "complete", "count": "complete"}
{"passed": true, "date": "2022-11-09", "count_verified": true}
{"date": "2022-11-09", "source": "complete", "graph": "complete", "completed_days": 313, "stopped": null}
{"date": "2022-11-10", "phase": "extract", "status": "starting"}
{"date": "2022-11-10", "source": "complete", "count": "complete"}
{"passed": true, "date": "2022-11-10", "count_verified": true}
{"date": "2022-11-10", "source": "complete", "graph": "complete", "completed_days": 314, "stopped": null}
{"date": "2022-11-11", "phase": "extract", "status": "starting"}
{"date": "2022-11-11", "source": "complete", "count": "complete"}
{"passed": true, "date": "2022-11-11", "count_verified": true}
{"date": "2022-11-11", "source": "complete", "graph": "complete", "completed_days": 315, "stopped": null}
{"date": "2022-11-12", "phase": "extract", "status": "starting"}
{"date": "2022-11-12", "source": "complete", "count": "complete"}
{"passed": true, "date": "2022-11-12", "count_verified": true}
{"date": "2022-11-12", "source": "complete", "graph": "complete", "completed_days": 316, "stopped": null}
{"date": "2022-11-13", "phase": "extract", "status": "starting"}
{"date": "2022-11-13", "source": "complete", "count": "complete"}
{"passed": true, "date": "2022-11-13", "count_verified": true}
{"date": "2022-11-13", "source": "complete", "graph": "complete", "completed_days": 317, "stopped": null}
{"date": "2022-11-14", "phase": "extract", "status": "starting"}
{"date": "2022-11-14", "source": "complete", "count": "complete"}
{"passed": true, "date": "2022-11-14", "count_verified": true}
{"date": "2022-11-14", "source": "complete", "graph": "complete", "completed_days": 318, "stopped": null}
{"date": "2022-11-15", "phase": "extract", "status": "starting"}
{"date": "2022-11-15", "source": "complete", "count": "complete"}
{"passed": true, "date": "2022-11-15", "count_verified": true}
{"date": "2022-11-15", "source": "complete", "graph": "complete", "completed_days": 319, "stopped": null}
{"date": "2022-11-16", "phase": "extract", "status": "starting"}
{"date": "2022-11-16", "source": "complete", "count": "complete"}
{"passed": true, "date": "2022-11-16", "count_verified": true}
{"date": "2022-11-16", "source": "complete", "graph": "complete", "completed_days": 320, "stopped": null}
{"date": "2022-11-17", "phase": "extract", "status": "starting"}
{"date": "2022-11-17", "source": "complete", "count": "complete"}
{"passed": true, "date": "2022-11-17", "count_verified": true}
{"date": "2022-11-17", "source": "complete", "graph": "complete", "completed_days": 321, "stopped": null}
{"date": "2022-11-18", "phase": "extract", "status": "starting"}
{"date": "2022-11-18", "source": "complete", "count": "complete"}
{"passed": true, "date": "2022-11-18", "count_verified": true}
{"date": "2022-11-18", "source": "complete", "graph": "complete", "completed_days": 322, "stopped": null}
{"date": "2022-11-19", "phase": "extract", "status": "starting"}
{"date": "2022-11-19", "source": "complete", "count": "complete"}
{"passed": true, "date": "2022-11-19", "count_verified": true}
{"date": "2022-11-19", "source": "complete", "graph": "complete", "completed_days": 323, "stopped": null}
{"date": "2022-11-20", "phase": "extract", "status": "starting"}
{"date": "2022-11-20", "source": "complete", "count": "complete"}
{"passed": true, "date": "2022-11-20", "count_verified": true}
{"date": "2022-11-20", "source": "complete", "graph": "complete", "completed_days": 324, "stopped": null}
{"date": "2022-11-21", "phase": "extract", "status": "starting"}
{"date": "2022-11-21", "source": "complete", "count": "complete"}
{"passed": true, "date": "2022-11-21", "count_verified": true}
{"date": "2022-11-21", "source": "complete", "graph": "complete", "completed_days": 325, "stopped": null}
{"date": "2022-11-22", "phase": "extract", "status": "starting"}
{"date": "2022-11-22", "source": "complete", "count": "complete"}
{"passed": true, "date": "2022-11-22", "count_verified": true}
{"date": "2022-11-22", "source": "complete", "graph": "complete", "completed_days": 326, "stopped": null}
{"date": "2022-11-23", "phase": "extract", "status": "starting"}
{"date": "2022-11-23", "source": "complete", "count": "complete"}
{"passed": true, "date": "2022-11-23", "count_verified": true}
{"date": "2022-11-23", "source": "complete", "graph": "complete", "completed_days": 327, "stopped": null}
{"date": "2022-11-24", "phase": "extract", "status": "starting"}
{"date": "2022-11-24", "source": "complete", "count": "complete"}
{"passed": true, "date": "2022-11-24", "count_verified": true}
{"date": "2022-11-24", "source": "complete", "graph": "complete", "completed_days": 328, "stopped": null}
{"date": "2022-11-25", "phase": "extract", "status": "starting"}
{"date": "2022-11-25", "source": "complete", "count": "complete"}
{"passed": true, "date": "2022-11-25", "count_verified": true}
{"date": "2022-11-25", "source": "complete", "graph": "complete", "completed_days": 329, "stopped": null}
{"date": "2022-11-26", "phase": "extract", "status": "starting"}
{"date": "2022-11-26", "source": "complete", "count": "complete"}
{"passed": true, "date": "2022-11-26", "count_verified": true}
{"date": "2022-11-26", "source": "complete", "graph": "complete", "completed_days": 330, "stopped": null}
{"date": "2022-11-27", "phase": "extract", "status": "starting"}
{"date": "2022-11-27", "source": "complete", "count": "complete"}
{"passed": true, "date": "2022-11-27", "count_verified": true}
{"date": "2022-11-27", "source": "complete", "graph": "complete", "completed_days": 331, "stopped": null}
{"date": "2022-11-28", "phase": "extract", "status": "starting"}
{"date": "2022-11-28", "source": "complete", "count": "complete"}
{"passed": true, "date": "2022-11-28", "count_verified": true}
{"date": "2022-11-28", "source": "complete", "graph": "complete", "completed_days": 332, "stopped": null}
{"date": "2022-11-29", "phase": "extract", "status": "starting"}
{"date": "2022-11-29", "source": "complete", "count": "complete"}
{"passed": true, "date": "2022-11-29", "count_verified": true}
{"date": "2022-11-29", "source": "complete", "graph": "complete", "completed_days": 333, "stopped": null}
{"date": "2022-11-30", "phase": "extract", "status": "starting"}
{"date": "2022-11-30", "source": "complete", "count": "complete"}
{"passed": true, "date": "2022-11-30", "count_verified": true}
{"date": "2022-11-30", "source": "complete", "graph": "complete", "completed_days": 334, "stopped": null}
{"date": "2022-12-01", "phase": "extract", "status": "starting"}
{"date": "2022-12-01", "source": "complete", "count": "complete"}
{"passed": true, "date": "2022-12-01", "count_verified": true}
{"date": "2022-12-01", "source": "complete", "graph": "complete", "completed_days": 335, "stopped": null}
{"date": "2022-12-02", "phase": "extract", "status": "starting"}
{"date": "2022-12-02", "source": "complete", "count": "complete"}
{"passed": true, "date": "2022-12-02", "count_verified": true}
{"date": "2022-12-02", "source": "complete", "graph": "complete", "completed_days": 336, "stopped": null}
{"date": "2022-12-03", "phase": "extract", "status": "starting"}
{"date": "2022-12-03", "source": "complete", "count": "complete"}
{"passed": true, "date": "2022-12-03", "count_verified": true}
{"date": "2022-12-03", "source": "complete", "graph": "complete", "completed_days": 337, "stopped": null}
{"date": "2022-12-04", "phase": "extract", "status": "starting"}
{"date": "2022-12-04", "source": "complete", "count": "complete"}
{"passed": true, "date": "2022-12-04", "count_verified": true}
{"date": "2022-12-04", "source": "complete", "graph": "complete", "completed_days": 338, "stopped": null}
{"date": "2022-12-05", "phase": "extract", "status": "starting"}
{"date": "2022-12-05", "source": "complete", "count": "complete"}
{"passed": true, "date": "2022-12-05", "count_verified": true}
{"date": "2022-12-05", "source": "complete", "graph": "complete", "completed_days": 339, "stopped": null}
{"date": "2022-12-06", "phase": "extract", "status": "starting"}
{"date": "2022-12-06", "source": "complete", "count": "complete"}
{"passed": true, "date": "2022-12-06", "count_verified": true}
{"date": "2022-12-06", "source": "complete", "graph": "complete", "completed_days": 340, "stopped": null}
{"date": "2022-12-07", "phase": "extract", "status": "starting"}
{"date": "2022-12-07", "source": "complete", "count": "complete"}
{"passed": true, "date": "2022-12-07", "count_verified": true}
{"date": "2022-12-07", "source": "complete", "graph": "complete", "completed_days": 341, "stopped": null}
{"date": "2022-12-08", "phase": "extract", "status": "starting"}
{"date": "2022-12-08", "source": "complete", "count": "complete"}
{"passed": true, "date": "2022-12-08", "count_verified": true}
{"date": "2022-12-08", "source": "complete", "graph": "complete", "completed_days": 342, "stopped": null}
{"date": "2022-12-09", "phase": "extract", "status": "starting"}
{"date": "2022-12-09", "source": "complete", "count": "complete"}
{"passed": true, "date": "2022-12-09", "count_verified": true}
{"date": "2022-12-09", "source": "complete", "graph": "complete", "completed_days": 343, "stopped": null}
{"date": "2022-12-10", "phase": "extract", "status": "starting"}
{"date": "2022-12-10", "source": "complete", "count": "complete"}
{"passed": true, "date": "2022-12-10", "count_verified": true}
{"date": "2022-12-10", "source": "complete", "graph": "complete", "completed_days": 344, "stopped": null}
{"date": "2022-12-11", "phase": "extract", "status": "starting"}
{"date": "2022-12-11", "source": "complete", "count": "complete"}
{"passed": true, "date": "2022-12-11", "count_verified": true}
{"date": "2022-12-11", "source": "complete", "graph": "complete", "completed_days": 345, "stopped": null}
{"date": "2022-12-12", "phase": "extract", "status": "starting"}
{"date": "2022-12-12", "source": "complete", "count": "complete"}
{"passed": true, "date": "2022-12-12", "count_verified": true}
{"date": "2022-12-12", "source": "complete", "graph": "complete", "completed_days": 346, "stopped": null}
{"date": "2022-12-13", "phase": "extract", "status": "starting"}
{"date": "2022-12-13", "source": "complete", "count": "complete"}
{"passed": true, "date": "2022-12-13", "count_verified": true}
{"date": "2022-12-13", "source": "complete", "graph": "complete", "completed_days": 347, "stopped": null}
{"date": "2022-12-14", "phase": "extract", "status": "starting"}
{"date": "2022-12-14", "source": "complete", "count": "complete"}
{"passed": true, "date": "2022-12-14", "count_verified": true}
{"date": "2022-12-14", "source": "complete", "graph": "complete", "completed_days": 348, "stopped": null}
{"date": "2022-12-15", "phase": "extract", "status": "starting"}
{"date": "2022-12-15", "source": "complete", "count": "complete"}
{"passed": true, "date": "2022-12-15", "count_verified": true}
{"date": "2022-12-15", "source": "complete", "graph": "complete", "completed_days": 349, "stopped": null}
{"date": "2022-12-16", "phase": "extract", "status": "starting"}
{"date": "2022-12-16", "source": "complete", "count": "complete"}
{"passed": true, "date": "2022-12-16", "count_verified": true}
{"date": "2022-12-16", "source": "complete", "graph": "complete", "completed_days": 350, "stopped": null}
{"date": "2022-12-17", "phase": "extract", "status": "starting"}
{"date": "2022-12-17", "source": "complete", "count": "complete"}
{"passed": true, "date": "2022-12-17", "count_verified": true}
{"date": "2022-12-17", "source": "complete", "graph": "complete", "completed_days": 351, "stopped": null}
{"date": "2022-12-18", "phase": "extract", "status": "starting"}
{"date": "2022-12-18", "source": "complete", "count": "complete"}
{"passed": true, "date": "2022-12-18", "count_verified": true}
{"date": "2022-12-18", "source": "complete", "graph": "complete", "completed_days": 352, "stopped": null}
{"date": "2022-12-19", "phase": "extract", "status": "starting"}
{"date": "2022-12-19", "source": "complete", "count": "complete"}
{"passed": true, "date": "2022-12-19", "count_verified": true}
{"date": "2022-12-19", "source": "complete", "graph": "complete", "completed_days": 353, "stopped": null}
{"date": "2022-12-20", "phase": "extract", "status": "starting"}
{"date": "2022-12-20", "source": "complete", "count": "complete"}
{"passed": true, "date": "2022-12-20", "count_verified": true}
{"date": "2022-12-20", "source": "complete", "graph": "complete", "completed_days": 354, "stopped": null}
{"date": "2022-12-21", "phase": "extract", "status": "starting"}
{"date": "2022-12-21", "source": "complete", "count": "complete"}
{"passed": true, "date": "2022-12-21", "count_verified": true}
{"date": "2022-12-21", "source": "complete", "graph": "complete", "completed_days": 355, "stopped": null}
{"date": "2022-12-22", "phase": "extract", "status": "starting"}
{"date": "2022-12-22", "source": "complete", "count": "complete"}
{"passed": true, "date": "2022-12-22", "count_verified": true}
{"date": "2022-12-22", "source": "complete", "graph": "complete", "completed_days": 356, "stopped": null}
{"date": "2022-12-23", "phase": "extract", "status": "starting"}
{"date": "2022-12-23", "source": "complete", "count": "complete"}
{"passed": true, "date": "2022-12-23", "count_verified": true}
{"date": "2022-12-23", "source": "complete", "graph": "complete", "completed_days": 357, "stopped": null}
{"date": "2022-12-24", "phase": "extract", "status": "starting"}
{"date": "2022-12-24", "source": "complete", "count": "complete"}
{"passed": true, "date": "2022-12-24", "count_verified": true}
{"date": "2022-12-24", "source": "complete", "graph": "complete", "completed_days": 358, "stopped": null}
{"date": "2022-12-25", "phase": "extract", "status": "starting"}
{"date": "2022-12-25", "source": "complete", "count": "complete"}
{"passed": true, "date": "2022-12-25", "count_verified": true}
{"date": "2022-12-25", "source": "complete", "graph": "complete", "completed_days": 359, "stopped": null}
{"date": "2022-12-26", "phase": "extract", "status": "starting"}
{"date": "2022-12-26", "source": "complete", "count": "complete"}
{"passed": true, "date": "2022-12-26", "count_verified": true}
{"date": "2022-12-26", "source": "complete", "graph": "complete", "completed_days": 360, "stopped": null}
{"date": "2022-12-27", "phase": "extract", "status": "starting"}
{"date": "2022-12-27", "source": "complete", "count": "complete"}
{"passed": true, "date": "2022-12-27", "count_verified": true}
{"date": "2022-12-27", "source": "complete", "graph": "complete", "completed_days": 361, "stopped": null}
{"date": "2022-12-28", "phase": "extract", "status": "starting"}
{"date": "2022-12-28", "source": "complete", "count": "complete"}
{"passed": true, "date": "2022-12-28", "count_verified": true}
{"date": "2022-12-28", "source": "complete", "graph": "complete", "completed_days": 362, "stopped": null}
{"date": "2022-12-29", "phase": "extract", "status": "starting"}
{"date": "2022-12-29", "source": "complete", "count": "complete"}
{"passed": true, "date": "2022-12-29", "count_verified": true}
{"date": "2022-12-29", "source": "complete", "graph": "complete", "completed_days": 363, "stopped": null}
{"date": "2022-12-30", "phase": "extract", "status": "starting"}
{"date": "2022-12-30", "source": "complete", "count": "complete"}
{"passed": true, "date": "2022-12-30", "count_verified": true}
{"date": "2022-12-30", "source": "complete", "graph": "complete", "completed_days": 364, "stopped": null}
{"date": "2022-12-31", "phase": "extract", "status": "starting"}
{"date": "2022-12-31", "source": "complete", "count": "complete"}
{"passed": true, "date": "2022-12-31", "count_verified": true}
{"date": "2022-12-31", "source": "complete", "graph": "complete", "completed_days": 365, "stopped": null}
{"date": "2023-01-01", "phase": "extract", "status": "starting"}
{"date": "2023-01-01", "source": "complete", "count": "complete"}
{"passed": true, "date": "2023-01-01", "count_verified": true}
{"date": "2023-01-01", "source": "complete", "graph": "complete", "completed_days": 366, "stopped": null}
{"date": "2023-01-02", "phase": "extract", "status": "starting"}
{"date": "2023-01-02", "source": "complete", "count": "complete"}
{"passed": true, "date": "2023-01-02", "count_verified": true}
{"date": "2023-01-02", "source": "complete", "graph": "complete", "completed_days": 367, "stopped": null}
{"date": "2023-01-03", "phase": "extract", "status": "starting"}
{"date": "2023-01-03", "source": "complete", "count": "complete"}
{"passed": true, "date": "2023-01-03", "count_verified": true}
{"date": "2023-01-03", "source": "complete", "graph": "complete", "completed_days": 368, "stopped": null}
{"date": "2023-01-04", "phase": "extract", "status": "starting"}
{"date": "2023-01-04", "source": "complete", "count": "complete"}
{"passed": true, "date": "2023-01-04", "count_verified": true}
{"date": "2023-01-04", "source": "complete", "graph": "complete", "completed_days": 369, "stopped": null}
{"date": "2023-01-05", "phase": "extract", "status": "starting"}
{"date": "2023-01-05", "source": "complete", "count": "complete"}
{"passed": true, "date": "2023-01-05", "count_verified": true}
{"date": "2023-01-05", "source": "complete", "graph": "complete", "completed_days": 370, "stopped": null}
{"date": "2023-01-06", "phase": "extract", "status": "starting"}
{"date": "2023-01-06", "source": "complete", "count": "complete"}
{"passed": true, "date": "2023-01-06", "count_verified": true}
{"date": "2023-01-06", "source": "complete", "graph": "complete", "completed_days": 371, "stopped": null}
{"date": "2023-01-07", "phase": "extract", "status": "starting"}
{"date": "2023-01-07", "source": "complete", "count": "complete"}
{"passed": true, "date": "2023-01-07", "count_verified": true}
{"date": "2023-01-07", "source": "complete", "graph": "complete", "completed_days": 372, "stopped": null}
{"date": "2023-01-08", "phase": "extract", "status": "starting"}
{"date": "2023-01-08", "source": "complete", "count": "complete"}
{"passed": true, "date": "2023-01-08", "count_verified": true}
{"date": "2023-01-08", "source": "complete", "graph": "complete", "completed_days": 373, "stopped": null}
{"date": "2023-01-09", "phase": "extract", "status": "starting"}
{"date": "2023-01-09", "source": "complete", "count": "complete"}
{"passed": true, "date": "2023-01-09", "count_verified": true}
{"date": "2023-01-09", "source": "complete", "graph": "complete", "completed_days": 374, "stopped": null}
{"date": "2023-01-10", "phase": "extract", "status": "starting"}
{"date": "2023-01-10", "source": "complete", "count": "complete"}
{"passed": true, "date": "2023-01-10", "count_verified": true}
{"date": "2023-01-10", "source": "complete", "graph": "complete", "completed_days": 375, "stopped": null}
{"date": "2023-01-11", "phase": "extract", "status": "starting"}
{"date": "2023-01-11", "source": "complete", "count": "complete"}
{"passed": true, "date": "2023-01-11", "count_verified": true}
{"date": "2023-01-11", "source": "complete", "graph": "complete", "completed_days": 376, "stopped": null}
{"date": "2023-01-12", "phase": "extract", "status": "starting"}
{"date": "2023-01-12", "source": "complete", "count": "complete"}
{"passed": true, "date": "2023-01-12", "count_verified": true}
{"date": "2023-01-12", "source": "complete", "graph": "complete", "completed_days": 377, "stopped": null}
{"date": "2023-01-13", "phase": "extract", "status": "starting"}
{"date": "2023-01-13", "source": "complete", "count": "complete"}
{"passed": true, "date": "2023-01-13", "count_verified": true}
{"date": "2023-01-13", "source": "complete", "graph": "complete", "completed_days": 378, "stopped": null}
{"date": "2023-01-14", "phase": "extract", "status": "starting"}
{"date": "2023-01-14", "source": "complete", "count": "complete"}
{"passed": true, "date": "2023-01-14", "count_verified": true}
{"date": "2023-01-14", "source": "complete", "graph": "complete", "completed_days": 379, "stopped": null}
{"date": "2023-01-15", "phase": "extract", "status": "starting"}
{"date": "2023-01-15", "source": "complete", "count": "complete"}
{"passed": true, "date": "2023-01-15", "count_verified": true}
{"date": "2023-01-15", "source": "complete", "graph": "complete", "completed_days": 380, "stopped": null}
{"date": "2023-01-16", "phase": "extract", "status": "starting"}
{"date": "2023-01-16", "source": "complete", "count": "complete"}
{"passed": true, "date": "2023-01-16", "count_verified": true}
{"date": "2023-01-16", "source": "complete", "graph": "complete", "completed_days": 381, "stopped": null}
{"date": "2023-01-17", "phase": "extract", "status": "starting"}
{"date": "2023-01-17", "source": "complete", "count": "complete"}
{"passed": true, "date": "2023-01-17", "count_verified": true}
{"date": "2023-01-17", "source": "complete", "graph": "complete", "completed_days": 382, "stopped": null}
{"date": "2023-01-18", "phase": "extract", "status": "starting"}
{"date": "2023-01-18", "source": "complete", "count": "complete"}
{"passed": true, "date": "2023-01-18", "count_verified": true}
{"date": "2023-01-18", "source": "complete", "graph": "complete", "completed_days": 383, "stopped": null}
{"date": "2023-01-19", "phase": "extract", "status": "starting"}
{"date": "2023-01-19", "source": "complete", "count": "complete"}
{"passed": true, "date": "2023-01-19", "count_verified": true}
{"date": "2023-01-19", "source": "complete", "graph": "complete", "completed_days": 384, "stopped": null}
{"date": "2023-01-20", "phase": "extract", "status": "starting"}
{"date": "2023-01-20", "source": "complete", "count": "complete"}
{"passed": true, "date": "2023-01-20", "count_verified": true}
{"date": "2023-01-20", "source": "complete", "graph": "complete", "completed_days": 385, "stopped": null}
{"date": "2023-01-21", "phase": "extract", "status": "starting"}
{"date": "2023-01-21", "source": "complete", "count": "complete"}
{"passed": true, "date": "2023-01-21", "count_verified": true}
{"date": "2023-01-21", "source": "complete", "graph": "complete", "completed_days": 386, "stopped": null}
{"date": "2023-01-22", "phase": "extract", "status": "starting"}
{"date": "2023-01-22", "source": "complete", "count": "complete"}
{"passed": true, "date": "2023-01-22", "count_verified": true}
{"date": "2023-01-22", "source": "complete", "graph": "complete", "completed_days": 387, "stopped": null}
{"date": "2023-01-23", "phase": "extract", "status": "starting"}
{"date": "2023-01-23", "source": "complete", "count": "complete"}
{"passed": true, "date": "2023-01-23", "count_verified": true}
{"date": "2023-01-23", "source": "complete", "graph": "complete", "completed_days": 388, "stopped": null}
{"date": "2023-01-24", "phase": "extract", "status": "starting"}
{"date": "2023-01-24", "source": "complete", "count": "complete"}
{"passed": true, "date": "2023-01-24", "count_verified": true}
{"date": "2023-01-24", "source": "complete", "graph": "complete", "completed_days": 389, "stopped": null}
{"date": "2023-01-25", "phase": "extract", "status": "starting"}
{"date": "2023-01-25", "source": "complete", "count": "complete"}
{"passed": true, "date": "2023-01-25", "count_verified": true}
{"date": "2023-01-25", "source": "complete", "graph": "complete", "completed_days": 390, "stopped": null}
{"date": "2023-01-26", "phase": "extract", "status": "starting"}
{"date": "2023-01-26", "source": "complete", "count": "complete"}
{"passed": true, "date": "2023-01-26", "count_verified": true}
{"date": "2023-01-26", "source": "complete", "graph": "complete", "completed_days": 391, "stopped": null}
{"date": "2023-01-27", "phase": "extract", "status": "starting"}
{"date": "2023-01-27", "source": "complete", "count": "complete"}
{"passed": true, "date": "2023-01-27", "count_verified": true}
{"date": "2023-01-27", "source": "complete", "graph": "complete", "completed_days": 392, "stopped": null}
{"date": "2023-01-28", "phase": "extract", "status": "starting"}
{"date": "2023-01-28", "source": "complete", "count": "complete"}
{"passed": true, "date": "2023-01-28", "count_verified": true}
{"date": "2023-01-28", "source": "complete", "graph": "complete", "completed_days": 393, "stopped": null}
{"date": "2023-01-29", "phase": "extract", "status": "starting"}
{"date": "2023-01-29", "source": "complete", "count": "complete"}
{"passed": true, "date": "2023-01-29", "count_verified": true}
{"date": "2023-01-29", "source": "complete", "graph": "complete", "completed_days": 394, "stopped": null}
{"date": "2023-01-30", "phase": "extract", "status": "starting"}
{"date": "2023-01-30", "source": "complete", "count": "complete"}
{"passed": true, "date": "2023-01-30", "count_verified": true}
{"date": "2023-01-30", "source": "complete", "graph": "complete", "completed_days": 395, "stopped": null}
{"date": "2023-01-31", "phase": "extract", "status": "starting"}
{"date": "2023-01-31", "source": "complete", "count": "complete"}
{"passed": true, "date": "2023-01-31", "count_verified": true}
{"date": "2023-01-31", "source": "complete", "graph": "complete", "completed_days": 396, "stopped": null}
{"date": "2023-02-01", "phase": "extract", "status": "starting"}
{"date": "2023-02-01", "source": "complete", "count": "complete"}
{"passed": true, "date": "2023-02-01", "count_verified": true}
{"date": "2023-02-01", "source": "complete", "graph": "complete", "completed_days": 397, "stopped": null}
{"date": "2023-02-02", "phase": "extract", "status": "starting"}
{"date": "2023-02-02", "source": "complete", "count": "complete"}
{"passed": true, "date": "2023-02-02", "count_verified": true}
{"date": "2023-02-02", "source": "complete", "graph": "complete", "completed_days": 398, "stopped": null}
{"date": "2023-02-03", "phase": "extract", "status": "starting"}
{"date": "2023-02-03", "source": "complete", "count": "complete"}
{"passed": true, "date": "2023-02-03", "count_verified": true}
{"date": "2023-02-03", "source": "complete", "graph": "complete", "completed_days": 399, "stopped": null}
{"date": "2023-02-04", "phase": "extract", "status": "starting"}
{"date": "2023-02-04", "source": "complete", "count": "complete"}
{"passed": true, "date": "2023-02-04", "count_verified": true}
{"date": "2023-02-04", "source": "complete", "graph": "complete", "completed_days": 400, "stopped": null}
{"date": "2023-02-05", "phase": "extract", "status": "starting"}
{"date": "2023-02-05", "source": "complete", "count": "complete"}
{"passed": true, "date": "2023-02-05", "count_verified": true}
{"date": "2023-02-05", "source": "complete", "graph": "complete", "completed_days": 401, "stopped": null}
{"date": "2023-02-06", "phase": "extract", "status": "starting"}
{"date": "2023-02-06", "source": "complete", "count": "complete"}
{"passed": true, "date": "2023-02-06", "count_verified": true}
{"date": "2023-02-06", "source": "complete", "graph": "complete", "completed_days": 402, "stopped": null}
{"date": "2023-02-07", "phase": "extract", "status": "starting"}
{"date": "2023-02-07", "source": "complete", "count": "complete"}
{"passed": true, "date": "2023-02-07", "count_verified": true}
{"date": "2023-02-07", "source": "complete", "graph": "complete", "completed_days": 403, "stopped": null}
{"date": "2023-02-08", "phase": "extract", "status": "starting"}
{"date": "2023-02-08", "source": "complete", "count": "complete"}
{"passed": true, "date": "2023-02-08", "count_verified": true}
{"date": "2023-02-08", "source": "complete", "graph": "complete", "completed_days": 404, "stopped": null}
{"date": "2023-02-09", "phase": "extract", "status": "starting"}
{"date": "2023-02-09", "source": "complete", "count": "complete"}
{"passed": true, "date": "2023-02-09", "count_verified": true}
{"date": "2023-02-09", "source": "complete", "graph": "complete", "completed_days": 405, "stopped": null}
{"date": "2023-02-10", "phase": "extract", "status": "starting"}
{"date": "2023-02-10", "source": "complete", "count": "complete"}
{"passed": true, "date": "2023-02-10", "count_verified": true}
{"date": "2023-02-10", "source": "complete", "graph": "complete", "completed_days": 406, "stopped": null}
{"date": "2023-02-11", "phase": "extract", "status": "starting"}
{"date": "2023-02-11", "source": "complete", "count": "complete"}
{"passed": true, "date": "2023-02-11", "count_verified": true}
{"date": "2023-02-11", "source": "complete", "graph": "complete", "completed_days": 407, "stopped": null}
{"date": "2023-02-12", "phase": "extract", "status": "starting"}
{"date": "2023-02-12", "source": "complete", "count": "complete"}
{"passed": true, "date": "2023-02-12", "count_verified": true}
{"date": "2023-02-12", "source": "complete", "graph": "complete", "completed_days": 408, "stopped": null}
{"date": "2023-02-13", "phase": "extract", "status": "starting"}
{"date": "2023-02-13", "source": "complete", "count": "complete"}
{"passed": true, "date": "2023-02-13", "count_verified": true}
{"date": "2023-02-13", "source": "complete", "graph": "complete", "completed_days": 409, "stopped": null}
{"date": "2023-02-14", "phase": "extract", "status": "starting"}
{"date": "2023-02-14", "source": "complete", "count": "complete"}
{"passed": true, "date": "2023-02-14", "count_verified": true}
{"date": "2023-02-14", "source": "complete", "graph": "complete", "completed_days": 410, "stopped": null}
{"date": "2023-02-15", "phase": "extract", "status": "starting"}
{"date": "2023-02-15", "source": "complete", "count": "complete"}
{"passed": true, "date": "2023-02-15", "count_verified": true}
{"date": "2023-02-15", "source": "complete", "graph": "complete", "completed_days": 411, "stopped": null}
{"date": "2023-02-16", "phase": "extract", "status": "starting"}
{"date": "2023-02-16", "source": "complete", "count": "complete"}
{"passed": true, "date": "2023-02-16", "count_verified": true}
{"date": "2023-02-16", "source": "complete", "graph": "complete", "completed_days": 412, "stopped": null}
{"date": "2023-02-17", "phase": "extract", "status": "starting"}
{"date": "2023-02-17", "source": "complete", "count": "complete"}
{"passed": true, "date": "2023-02-17", "count_verified": true}
{"date": "2023-02-17", "source": "complete", "graph": "complete", "completed_days": 413, "stopped": null}
{"date": "2023-02-18", "phase": "extract", "status": "starting"}
{"date": "2023-02-18", "source": "complete", "count": "complete"}
{"passed": true, "date": "2023-02-18", "count_verified": true}
{"date": "2023-02-18", "source": "complete", "graph": "complete", "completed_days": 414, "stopped": null}
{"date": "2023-02-19", "phase": "extract", "status": "starting"}
{"date": "2023-02-19", "source": "complete", "count": "complete"}
{"passed": true, "date": "2023-02-19", "count_verified": true}
{"date": "2023-02-19", "source": "complete", "graph": "complete", "completed_days": 415, "stopped": null}
{"date": "2023-02-20", "phase": "extract", "status": "starting"}
{"date": "2023-02-20", "source": "complete", "count": "complete"}
{"passed": true, "date": "2023-02-20", "count_verified": true}
{"date": "2023-02-20", "source": "complete", "graph": "complete", "completed_days": 416, "stopped": null}
{"date": "2023-02-21", "phase": "extract", "status": "starting"}
{"date": "2023-02-21", "source": "complete", "count": "complete"}
{"passed": true, "date": "2023-02-21", "count_verified": true}
{"date": "2023-02-21", "source": "complete", "graph": "complete", "completed_days": 417, "stopped": null}
{"date": "2023-02-22", "phase": "extract", "status": "starting"}
{"date": "2023-02-22", "source": "complete", "count": "complete"}
{"passed": true, "date": "2023-02-22", "count_verified": true}
{"date": "2023-02-22", "source": "complete", "graph": "complete", "completed_days": 418, "stopped": null}
{"date": "2023-02-23", "phase": "extract", "status": "starting"}
{"date": "2023-02-23", "source": "complete", "count": "complete"}
{"passed": true, "date": "2023-02-23", "count_verified": true}
{"date": "2023-02-23", "source": "complete", "graph": "complete", "completed_days": 419, "stopped": null}
{"date": "2023-02-24", "phase": "extract", "status": "starting"}
{"date": "2023-02-24", "source": "complete", "count": "complete"}
{"passed": true, "date": "2023-02-24", "count_verified": true}
{"date": "2023-02-24", "source": "complete", "graph": "complete", "completed_days": 420, "stopped": null}
{"date": "2023-02-25", "phase": "extract", "status": "starting"}
{"date": "2023-02-25", "source": "complete", "count": "complete"}
{"passed": true, "date": "2023-02-25", "count_verified": true}
{"date": "2023-02-25", "source": "complete", "graph": "complete", "completed_days": 421, "stopped": null}
{"date": "2023-02-26", "phase": "extract", "status": "starting"}
{"date": "2023-02-26", "source": "complete", "count": "complete"}
{"passed": true, "date": "2023-02-26", "count_verified": true}
{"date": "2023-02-26", "source": "complete", "graph": "complete", "completed_days": 422, "stopped": null}
{"date": "2023-02-27", "phase": "extract", "status": "starting"}
{"date": "2023-02-27", "source": "complete", "count": "complete"}
{"passed": true, "date": "2023-02-27", "count_verified": true}
{"date": "2023-02-27", "source": "complete", "graph": "complete", "completed_days": 423, "stopped": null}
{"date": "2023-02-28", "phase": "extract", "status": "starting"}
{"date": "2023-02-28", "source": "complete", "count": "complete"}
{"passed": true, "date": "2023-02-28", "count_verified": true}
{"date": "2023-02-28", "source": "complete", "graph": "complete", "completed_days": 424, "stopped": null}
{"date": "2023-03-01", "phase": "extract", "status": "starting"}
{"date": "2023-03-01", "source": "complete", "count": "complete"}
{"passed": true, "date": "2023-03-01", "count_verified": true}
{"date": "2023-03-01", "source": "complete", "graph": "complete", "completed_days": 425, "stopped": null}
{"date": "2023-03-02", "phase": "extract", "status": "starting"}
{"date": "2023-03-02", "source": "complete", "count": "complete"}
{"passed": true, "date": "2023-03-02", "count_verified": true}
{"date": "2023-03-02", "source": "complete", "graph": "complete", "completed_days": 426, "stopped": null}
{"date": "2023-03-03", "phase": "extract", "status": "starting"}
{"date": "2023-03-03", "source": "complete", "count": "complete"}
{"passed": true, "date": "2023-03-03", "count_verified": true}
{"date": "2023-03-03", "source": "complete", "graph": "complete", "completed_days": 427, "stopped": null}
{"date": "2023-03-04", "phase": "extract", "status": "starting"}
{"date": "2023-03-04", "source": "complete", "count": "complete"}
{"passed": true, "date": "2023-03-04", "count_verified": true}
{"date": "2023-03-04", "source": "complete", "graph": "complete", "completed_days": 428, "stopped": null}
{"date": "2023-03-05", "phase": "extract", "status": "starting"}
{"date": "2023-03-05", "source": "complete", "count": "complete"}
{"passed": true, "date": "2023-03-05", "count_verified": true}
{"date": "2023-03-05", "source": "complete", "graph": "complete", "completed_days": 429, "stopped": null}
{"date": "2023-03-06", "phase": "extract", "status": "starting"}
{"date": "2023-03-06", "source": "complete", "count": "complete"}
{"passed": true, "date": "2023-03-06", "count_verified": true}
{"date": "2023-03-06", "source": "complete", "graph": "complete", "completed_days": 430, "stopped": null}
{"date": "2023-03-07", "phase": "extract", "status": "starting"}
{"date": "2023-03-07", "source": "complete", "count": "complete"}
{"passed": true, "date": "2023-03-07", "count_verified": true}
{"date": "2023-03-07", "source": "complete", "graph": "complete", "completed_days": 431, "stopped": null}
{"date": "2023-03-08", "phase": "extract", "status": "starting"}
{"date": "2023-03-08", "source": "complete", "count": "complete"}
{"passed": true, "date": "2023-03-08", "count_verified": true}
{"date": "2023-03-08", "source": "complete", "graph": "complete", "completed_days": 432, "stopped": null}
{"date": "2023-03-09", "phase": "extract", "status": "starting"}
{"date": "2023-03-09", "source": "complete", "count": "complete"}
{"passed": true, "date": "2023-03-09", "count_verified": true}
{"date": "2023-03-09", "source": "complete", "graph": "complete", "completed_days": 433, "stopped": null}
{"date": "2023-03-10", "phase": "extract", "status": "starting"}
{"date": "2023-03-10", "source": "complete", "count": "complete"}
{"passed": true, "date": "2023-03-10", "count_verified": true}
{"date": "2023-03-10", "source": "complete", "graph": "complete", "completed_days": 434, "stopped": null}
{"date": "2023-03-11", "phase": "extract", "status": "starting"}
{"date": "2023-03-11", "source": "complete", "count": "complete"}
{"passed": true, "date": "2023-03-11", "count_verified": true}
{"date": "2023-03-11", "source": "complete", "graph": "complete", "completed_days": 435, "stopped": null}
{"date": "2023-03-12", "phase": "extract", "status": "starting"}
{"date": "2023-03-12", "source": "complete", "count": "complete"}
{"passed": true, "date": "2023-03-12", "count_verified": true}
{"date": "2023-03-12", "source": "complete", "graph": "complete", "completed_days": 436, "stopped": null}
{"date": "2023-03-13", "phase": "extract", "status": "starting"}
{"date": "2023-03-13", "source": "complete", "count": "complete"}
{"passed": true, "date": "2023-03-13", "count_verified": true}
{"date": "2023-03-13", "source": "complete", "graph": "complete", "completed_days": 437, "stopped": null}
{"date": "2023-03-14", "phase": "extract", "status": "starting"}
{"date": "2023-03-14", "source": "complete", "count": "complete"}
{"passed": true, "date": "2023-03-14", "count_verified": true}
{"date": "2023-03-14", "source": "complete", "graph": "complete", "completed_days": 438, "stopped": null}
{"date": "2023-03-15", "phase": "extract", "status": "starting"}
{"date": "2023-03-15", "source": "complete", "count": "complete"}
{"passed": true, "date": "2023-03-15", "count_verified": true}
{"date": "2023-03-15", "source": "complete", "graph": "complete", "completed_days": 439, "stopped": null}
{"date": "2023-03-16", "phase": "extract", "status": "starting"}
{"date": "2023-03-16", "source": "complete", "count": "complete"}
{"passed": true, "date": "2023-03-16", "count_verified": true}
{"date": "2023-03-16", "source": "complete", "graph": "complete", "completed_days": 440, "stopped": null}
{"date": "2023-03-17", "phase": "extract", "status": "starting"}
{"date": "2023-03-17", "source": "complete", "count": "complete"}
{"passed": true, "date": "2023-03-17", "count_verified": true}
{"date": "2023-03-17", "source": "complete", "graph": "complete", "completed_days": 441, "stopped": null}
{"date": "2023-03-18", "phase": "extract", "status": "starting"}
{"date": "2023-03-18", "source": "complete", "count": "complete"}
{"passed": true, "date": "2023-03-18", "count_verified": true}
{"date": "2023-03-18", "source": "complete", "graph": "complete", "completed_days": 442, "stopped": null}
{"date": "2023-03-19", "phase": "extract", "status": "starting"}
{"date": "2023-03-19", "source": "complete", "count": "complete"}
{"passed": true, "date": "2023-03-19", "count_verified": true}
{"date": "2023-03-19", "source": "complete", "graph": "complete", "completed_days": 443, "stopped": null}
{"date": "2023-03-20", "phase": "extract", "status": "starting"}
{"date": "2023-03-20", "source": "complete", "count": "complete"}
{"passed": true, "date": "2023-03-20", "count_verified": true}
{"date": "2023-03-20", "source": "complete", "graph": "complete", "completed_days": 444, "stopped": null}
{"date": "2023-03-21", "phase": "extract", "status": "starting"}
{"date": "2023-03-21", "source": "complete", "count": "complete"}
{"passed": true, "date": "2023-03-21", "count_verified": true}
{"date": "2023-03-21", "source": "complete", "graph": "complete", "completed_days": 445, "stopped": null}
{"date": "2023-03-22", "phase": "extract", "status": "starting"}
{"date": "2023-03-22", "source": "complete", "count": "complete"}
{"passed": true, "date": "2023-03-22", "count_verified": true}
{"date": "2023-03-22", "source": "complete", "graph": "complete", "completed_days": 446, "stopped": null}
{"date": "2023-03-23", "phase": "extract", "status": "starting"}
{"date": "2023-03-23", "source": "complete", "count": "complete"}
{"passed": true, "date": "2023-03-23", "count_verified": true}
{"date": "2023-03-23", "source": "complete", "graph": "complete", "completed_days": 447, "stopped": null}
{"date": "2023-03-24", "phase": "extract", "status": "starting"}
{"date": "2023-03-24", "source": "complete", "count": "complete"}
{"passed": true, "date": "2023-03-24", "count_verified": true}
{"date": "2023-03-24", "source": "complete", "graph": "complete", "completed_days": 448, "stopped": null}
{"date": "2023-03-25", "phase": "extract", "status": "starting"}
{"date": "2023-03-25", "source": "complete", "count": "complete"}
{"passed": true, "date": "2023-03-25", "count_verified": true}
{"date": "2023-03-25", "source": "complete", "graph": "complete", "completed_days": 449, "stopped": null}
{"date": "2023-03-26", "phase": "extract", "status": "starting"}
{"date": "2023-03-26", "source": "complete", "count": "complete"}
{"passed": true, "date": "2023-03-26", "count_verified": true}
{"date": "2023-03-26", "source": "complete", "graph": "complete", "completed_days": 450, "stopped": null}
{"date": "2023-03-27", "phase": "extract", "status": "starting"}
{"date": "2023-03-27", "source": "complete", "count": "complete"}
{"passed": true, "date": "2023-03-27", "count_verified": true}
{"date": "2023-03-27", "source": "complete", "graph": "complete", "completed_days": 451, "stopped": null}
{"date": "2023-03-28", "phase": "extract", "status": "starting"}
{"date": "2023-03-28", "source": "complete", "count": "complete"}
{"passed": true, "date": "2023-03-28", "count_verified": true}
{"date": "2023-03-28", "source": "complete", "graph": "complete", "completed_days": 452, "stopped": null}
{"date": "2023-03-29", "phase": "extract", "status": "starting"}
{"date": "2023-03-29", "source": "complete", "count": "complete"}
{"passed": true, "date": "2023-03-29", "count_verified": true}
{"date": "2023-03-29", "source": "complete", "graph": "complete", "completed_days": 453, "stopped": null}
{"date": "2023-03-30", "phase": "extract", "status": "starting"}
{"date": "2023-03-30", "source": "complete", "count": "complete"}
{"passed": true, "date": "2023-03-30", "count_verified": true}
{"date": "2023-03-30", "source": "complete", "graph": "complete", "completed_days": 454, "stopped": null}
{"date": "2023-03-31", "phase": "extract", "status": "starting"}
{"date": "2023-03-31", "source": "complete", "count": "complete"}
{"passed": true, "date": "2023-03-31", "count_verified": true}
{"date": "2023-03-31", "source": "complete", "graph": "complete", "completed_days": 455, "stopped": null}
{"date": "2023-04-01", "phase": "extract", "status": "starting"}
{"date": "2023-04-01", "source": "complete", "count": "complete"}
{"passed": true, "date": "2023-04-01", "count_verified": true}
{"date": "2023-04-01", "source": "complete", "graph": "complete", "completed_days": 456, "stopped": null}
{"date": "2023-04-02", "phase": "extract", "status": "starting"}
{"date": "2023-04-02", "source": "complete", "count": "complete"}
{"passed": true, "date": "2023-04-02", "count_verified": true}
{"date": "2023-04-02", "source": "complete", "graph": "complete", "completed_days": 457, "stopped": null}
{"date": "2023-04-03", "phase": "extract", "status": "starting"}
{"date": "2023-04-03", "source": "complete", "count": "complete"}
{"passed": true, "date": "2023-04-03", "count_verified": true}
{"date": "2023-04-03", "source": "complete", "graph": "complete", "completed_days": 458, "stopped": null}
{"date": "2023-04-04", "phase": "extract", "status": "starting"}
{"date": "2023-04-04", "source": "complete", "count": "complete"}
{"passed": true, "date": "2023-04-04", "count_verified": true}
{"date": "2023-04-04", "source": "complete", "graph": "complete", "completed_days": 459, "stopped": null}
{"date": "2023-04-05", "phase": "extract", "status": "starting"}
{"date": "2023-04-05", "source": "complete", "count": "complete"}
{"passed": true, "date": "2023-04-05", "count_verified": true}
{"date": "2023-04-05", "source": "complete", "graph": "complete", "completed_days": 460, "stopped": null}
{"date": "2023-04-06", "phase": "extract", "status": "starting"}
{"date": "2023-04-06", "source": "complete", "count": "complete"}
{"passed": true, "date": "2023-04-06", "count_verified": true}
{"date": "2023-04-06", "source": "complete", "graph": "complete", "completed_days": 461, "stopped": null}
{"date": "2023-04-07", "phase": "extract", "status": "starting"}
{"date": "2023-04-07", "source": "complete", "count": "complete"}
{"passed": true, "date": "2023-04-07", "count_verified": true}
{"date": "2023-04-07", "source": "complete", "graph": "complete", "completed_days": 462, "stopped": null}
{"date": "2023-04-08", "phase": "extract", "status": "starting"}
{"date": "2023-04-08", "source": "complete", "count": "complete"}
{"passed": true, "date": "2023-04-08", "count_verified": true}
{"date": "2023-04-08", "source": "complete", "graph": "complete", "completed_days": 463, "stopped": null}
{"date": "2023-04-09", "phase": "extract", "status": "starting"}
{"date": "2023-04-09", "source": "complete", "count": "complete"}
{"passed": true, "date": "2023-04-09", "count_verified": true}
{"date": "2023-04-09", "source": "complete", "graph": "complete", "completed_days": 464, "stopped": null}
{"date": "2023-04-10", "phase": "extract", "status": "starting"}
{"date": "2023-04-10", "source": "complete", "count": "complete"}
{"passed": true, "date": "2023-04-10", "count_verified": true}
{"date": "2023-04-10", "source": "complete", "graph": "complete", "completed_days": 465, "stopped": null}
{"date": "2023-04-11", "phase": "extract", "status": "starting"}
{"date": "2023-04-11", "source": "complete", "count": "complete"}
{"passed": true, "date": "2023-04-11", "count_verified": true}
{"date": "2023-04-11", "source": "complete", "graph": "complete", "completed_days": 466, "stopped": null}
{"date": "2023-04-12", "phase": "extract", "status": "starting"}
{"date": "2023-04-12", "source": "complete", "count": "complete"}
{"passed": true, "date": "2023-04-12", "count_verified": true}
{"date": "2023-04-12", "source": "complete", "graph": "complete", "completed_days": 467, "stopped": null}
{"date": "2023-04-13", "phase": "extract", "status": "starting"}
{"date": "2023-04-13", "source": "complete", "count": "complete"}
{"passed": true, "date": "2023-04-13", "count_verified": true}
{"date": "2023-04-13", "source": "complete", "graph": "complete", "completed_days": 468, "stopped": null}
{"date": "2023-04-14", "phase": "extract", "status": "starting"}
{"date": "2023-04-14", "source": "complete", "count": "complete"}
{"passed": true, "date": "2023-04-14", "count_verified": true}
{"date": "2023-04-14", "source": "complete", "graph": "complete", "completed_days": 469, "stopped": null}
{"date": "2023-04-15", "phase": "extract", "status": "starting"}
{"date": "2023-04-15", "source": "complete", "count": "complete"}
{"passed": true, "date": "2023-04-15", "count_verified": true}
{"date": "2023-04-15", "source": "complete", "graph": "complete", "completed_days": 470, "stopped": null}
{"date": "2023-04-16", "phase": "extract", "status": "starting"}
{"date": "2023-04-16", "source": "complete", "count": "complete"}
{"passed": true, "date": "2023-04-16", "count_verified": true}
{"date": "2023-04-16", "source": "complete", "graph": "complete", "completed_days": 471, "stopped": null}
{"date": "2023-04-17", "phase": "extract", "status": "starting"}
{"date": "2023-04-17", "source": "complete", "count": "complete"}
{"passed": true, "date": "2023-04-17", "count_verified": true}
{"date": "2023-04-17", "source": "complete", "graph": "complete", "completed_days": 472, "stopped": null}
{"date": "2023-04-18", "phase": "extract", "status": "starting"}
{"date": "2023-04-18", "source": "complete", "count": "complete"}
{"passed": true, "date": "2023-04-18", "count_verified": true}
{"date": "2023-04-18", "source": "complete", "graph": "complete", "completed_days": 473, "stopped": null}
{"date": "2023-04-19", "phase": "extract", "status": "starting"}
{"date": "2023-04-19", "source": "complete", "count": "complete"}
{"passed": true, "date": "2023-04-19", "count_verified": true}
{"date": "2023-04-19", "source": "complete", "graph": "complete", "completed_days": 474, "stopped": null}
{"date": "2023-04-20", "phase": "extract", "status": "starting"}
{"date": "2023-04-20", "source": "complete", "count": "complete"}
{"passed": true, "date": "2023-04-20", "count_verified": true}
{"date": "2023-04-20", "source": "complete", "graph": "complete", "completed_days": 475, "stopped": null}
{"date": "2023-04-21", "phase": "extract", "status": "starting"}
{"date": "2023-04-21", "source": "complete", "count": "complete"}
{"passed": true, "date": "2023-04-21", "count_verified": true}
{"date": "2023-04-21", "source": "complete", "graph": "complete", "completed_days": 476, "stopped": null}
{"date": "2023-04-22", "phase": "extract", "status": "starting"}
{"date": "2023-04-22", "source": "complete", "count": "complete"}
{"passed": true, "date": "2023-04-22", "count_verified": true}
{"date": "2023-04-22", "source": "complete", "graph": "complete", "completed_days": 477, "stopped": null}
{"date": "2023-04-23", "phase": "extract", "status": "starting"}
{"date": "2023-04-23", "source": "complete", "count": "complete"}
{"passed": true, "date": "2023-04-23", "count_verified": true}
{"date": "2023-04-23", "source": "complete", "graph": "complete", "completed_days": 478, "stopped": null}
{"date": "2023-04-24", "phase": "extract", "status": "starting"}
{"date": "2023-04-24", "source": "complete", "count": "complete"}
{"passed": true, "date": "2023-04-24", "count_verified": true}
{"date": "2023-04-24", "source": "complete", "graph": "complete", "completed_days": 479, "stopped": null}
{"date": "2023-04-25", "phase": "extract", "status": "starting"}
{"date": "2023-04-25", "source": "complete", "count": "complete"}
{"passed": true, "date": "2023-04-25", "count_verified": true}
{"date": "2023-04-25", "source": "complete", "graph": "complete", "completed_days": 480, "stopped": null}
{"date": "2023-04-26", "phase": "extract", "status": "starting"}
{"date": "2023-04-26", "source": "complete", "count": "complete"}
{"passed": true, "date": "2023-04-26", "count_verified": true}
{"date": "2023-04-26", "source": "complete", "graph": "complete", "completed_days": 481, "stopped": null}
{"date": "2023-04-27", "phase": "extract", "status": "starting"}
{"date": "2023-04-27", "source": "complete", "count": "complete"}
{"passed": true, "date": "2023-04-27", "count_verified": true}
{"date": "2023-04-27", "source": "complete", "graph": "complete", "completed_days": 482, "stopped": null}
{"date": "2023-04-28", "phase": "extract", "status": "starting"}
{"date": "2023-04-28", "source": "complete", "count": "complete"}
{"passed": true, "date": "2023-04-28", "count_verified": true}
{"date": "2023-04-28", "source": "complete", "graph": "complete", "completed_days": 483, "stopped": null}
{"date": "2023-04-29", "phase": "extract", "status": "starting"}
{"date": "2023-04-29", "source": "complete", "count": "complete"}
{"passed": true, "date": "2023-04-29", "count_verified": true}
{"date": "2023-04-29", "source": "complete", "graph": "complete", "completed_days": 484, "stopped": null}
{"date": "2023-04-30", "phase": "extract", "status": "starting"}
{"date": "2023-04-30", "source": "complete", "count": "complete"}
{"passed": true, "date": "2023-04-30", "count_verified": true}
{"date": "2023-04-30", "source": "complete", "graph": "complete", "completed_days": 485, "stopped": null}
{"date": "2023-05-01", "phase": "extract", "status": "starting"}
{"date": "2023-05-01", "source": "complete", "count": "complete"}
{"passed": true, "date": "2023-05-01", "count_verified": true}
{"date": "2023-05-01", "source": "complete", "graph": "complete", "completed_days": 486, "stopped": null}
{"date": "2023-05-02", "phase": "extract", "status": "starting"}
{"date": "2023-05-02", "source": "complete", "count": "complete"}
{"passed": true, "date": "2023-05-02", "count_verified": true}
{"date": "2023-05-02", "source": "complete", "graph": "complete", "completed_days": 487, "stopped": null}
{"date": "2023-05-03", "phase": "extract", "status": "starting"}
{"date": "2023-05-03", "source": "complete", "count": "complete"}
{"passed": true, "date": "2023-05-03", "count_verified": true}
{"date": "2023-05-03", "source": "complete", "graph": "complete", "completed_days": 488, "stopped": null}
{"date": "2023-05-04", "phase": "extract", "status": "starting"}
{"date": "2023-05-04", "source": "complete", "count": "complete"}
{"passed": true, "date": "2023-05-04", "count_verified": true}
{"date": "2023-05-04", "source": "complete", "graph": "complete", "completed_days": 489, "stopped": null}
{"date": "2023-05-05", "phase": "extract", "status": "starting"}
{"date": "2023-05-05", "source": "complete", "count": "complete"}
{"passed": true, "date": "2023-05-05", "count_verified": true}
{"date": "2023-05-05", "source": "complete", "graph": "complete", "completed_days": 490, "stopped": null}
{"date": "2023-05-06", "phase": "extract", "status": "starting"}
{"date": "2023-05-06", "source": "complete", "count": "complete"}
{"passed": true, "date": "2023-05-06", "count_verified": true}
{"date": "2023-05-06", "source": "complete", "graph": "complete", "completed_days": 491, "stopped": null}
{"date": "2023-05-07", "phase": "extract", "status": "starting"}
{"date": "2023-05-07", "source": "complete", "count": "complete"}
{"passed": true, "date": "2023-05-07", "count_verified": true}
{"date": "2023-05-07", "source": "complete", "graph": "complete", "completed_days": 492, "stopped": null}
{"date": "2023-05-08", "phase": "extract", "status": "starting"}
{"date": "2023-05-08", "source": "complete", "count": "complete"}
{"passed": true, "date": "2023-05-08", "count_verified": true}
{"date": "2023-05-08", "source": "complete", "graph": "complete", "completed_days": 493, "stopped": null}
{"date": "2023-05-09", "phase": "extract", "status": "starting"}
{"date": "2023-05-09", "source": "complete", "count": "complete"}
{"passed": true, "date": "2023-05-09", "count_verified": true}
{"date": "2023-05-09", "source": "complete", "graph": "complete", "completed_days": 494, "stopped": null}
{"date": "2023-05-10", "phase": "extract", "status": "starting"}
{"date": "2023-05-10", "source": "complete", "count": "complete"}
{"passed": true, "date": "2023-05-10", "count_verified": true}
{"date": "2023-05-10", "source": "complete", "graph": "complete", "completed_days": 495, "stopped": null}
{"date": "2023-05-11", "phase": "extract", "status": "starting"}
{"date": "2023-05-11", "source": "complete", "count": "complete"}
{"passed": true, "date": "2023-05-11", "count_verified": true}
{"date": "2023-05-11", "source": "complete", "graph": "complete", "completed_days": 496, "stopped": null}
{"date": "2023-05-12", "phase": "extract", "status": "starting"}
{"date": "2023-05-12", "source": "complete", "count": "complete"}
{"passed": true, "date": "2023-05-12", "count_verified": true}
{"date": "2023-05-12", "source": "complete", "graph": "complete", "completed_days": 497, "stopped": null}
{"date": "2023-05-13", "phase": "extract", "status": "starting"}
{"date": "2023-05-13", "source": "complete", "count": "complete"}
{"passed": true, "date": "2023-05-13", "count_verified": true}
{"date": "2023-05-13", "source": "complete", "graph": "complete", "completed_days": 498, "stopped": null}
{"date": "2023-05-14", "phase": "extract", "status": "starting"}
{"date": "2023-05-14", "source": "complete", "count": "complete"}
{"passed": true, "date": "2023-05-14", "count_verified": true}
{"date": "2023-05-14", "source": "complete", "graph": "complete", "completed_days": 499, "stopped": null}
{"date": "2023-05-15", "phase": "extract", "status": "starting"}
{"date": "2023-05-15", "source": "complete", "count": "complete"}
{"passed": true, "date": "2023-05-15", "count_verified": true}
{"date": "2023-05-15", "source": "complete", "graph": "complete", "completed_days": 500, "stopped": null}
{"date": "2023-05-16", "phase": "extract", "status": "starting"}
{"date": "2023-05-16", "source": "complete", "count": "complete"}
{"passed": true, "date": "2023-05-16", "count_verified": true}
{"date": "2023-05-16", "source": "complete", "graph": "complete", "completed_days": 501, "stopped": null}
{"date": "2023-05-17", "phase": "extract", "status": "starting"}
{"date": "2023-05-17", "source": "complete", "count": "complete"}
{"passed": true, "date": "2023-05-17", "count_verified": true}
{"date": "2023-05-17", "source": "complete", "graph": "complete", "completed_days": 502, "stopped": null}
{"date": "2023-05-18", "phase": "extract", "status": "starting"}
{"date": "2023-05-18", "source": "complete", "count": "complete"}
{"passed": true, "date": "2023-05-18", "count_verified": true}
{"date": "2023-05-18", "source": "complete", "graph": "complete", "completed_days": 503, "stopped": null}
{"date": "2023-05-19", "phase": "extract", "status": "starting"}
{"date": "2023-05-19", "source": "complete", "count": "complete"}
{"passed": true, "date": "2023-05-19", "count_verified": true}
{"date": "2023-05-19", "source": "complete", "graph": "complete", "completed_days": 504, "stopped": null}
{"date": "2023-05-20", "phase": "extract", "status": "starting"}
{"date": "2023-05-20", "source": "complete", "count": "complete"}
{"passed": true, "date": "2023-05-20", "count_verified": true}
{"date": "2023-05-20", "source": "complete", "graph": "complete", "completed_days": 505, "stopped": null}
{"date": "2023-05-21", "phase": "extract", "status": "starting"}
{"date": "2023-05-21", "source": "complete", "count": "complete"}
{"passed": true, "date": "2023-05-21", "count_verified": true}
{"date": "2023-05-21", "source": "complete", "graph": "complete", "completed_days": 506, "stopped": null}
{"date": "2023-05-22", "phase": "extract", "status": "starting"}
{"date": "2023-05-22", "source": "complete", "count": "complete"}
{"passed": true, "date": "2023-05-22", "count_verified": true}
{"date": "2023-05-22", "source": "complete", "graph": "complete", "completed_days": 507, "stopped": null}
{"date": "2023-05-23", "phase": "extract", "status": "starting"}
{"date": "2023-05-23", "source": "complete", "count": "complete"}
{"passed": true, "date": "2023-05-23", "count_verified": true}
{"date": "2023-05-23", "source": "complete", "graph": "complete", "completed_days": 508, "stopped": null}
{"date": "2023-05-24", "phase": "extract", "status": "starting"}
{"date": "2023-05-24", "source": "complete", "count": "complete"}
{"passed": true, "date": "2023-05-24", "count_verified": true}
{"date": "2023-05-24", "source": "complete", "graph": "complete", "completed_days": 509, "stopped": null}
{"date": "2023-05-25", "phase": "extract", "status": "starting"}
{"date": "2023-05-25", "source": "complete", "count": "complete"}
{"passed": true, "date": "2023-05-25", "count_verified": true}
{"date": "2023-05-25", "source": "complete", "graph": "complete", "completed_days": 510, "stopped": null}
{"date": "2023-05-26", "phase": "extract", "status": "starting"}
{"date": "2023-05-26", "source": "complete", "count": "complete"}
{"passed": true, "date": "2023-05-26", "count_verified": true}
{"date": "2023-05-26", "source": "complete", "graph": "complete", "completed_days": 511, "stopped": null}
{"date": "2023-05-27", "phase": "extract", "status": "starting"}
{"date": "2023-05-27", "source": "complete", "count": "complete"}
{"passed": true, "date": "2023-05-27", "count_verified": true}
{"date": "2023-05-27", "source": "complete", "graph": "complete", "completed_days": 512, "stopped": null}
{"date": "2023-05-28", "phase": "extract", "status": "starting"}
{"date": "2023-05-28", "source": "complete", "count": "complete"}
{"passed": true, "date": "2023-05-28", "count_verified": true}
{"date": "2023-05-28", "source": "complete", "graph": "complete", "completed_days": 513, "stopped": null}
{"date": "2023-05-29", "phase": "extract", "status": "starting"}
{"date": "2023-05-29", "source": "complete", "count": "complete"}
{"passed": true, "date": "2023-05-29", "count_verified": true}
{"date": "2023-05-29", "source": "complete", "graph": "complete", "completed_days": 514, "stopped": null}
{"date": "2023-05-30", "phase": "extract", "status": "starting"}
{"date": "2023-05-30", "source": "complete", "count": "complete"}
{"passed": true, "date": "2023-05-30", "count_verified": true}
{"date": "2023-05-30", "source": "complete", "graph": "complete", "completed_days": 515, "stopped": null}
{"date": "2023-05-31", "phase": "extract", "status": "starting"}
{"date": "2023-05-31", "source": "complete", "count": "complete"}
{"passed": true, "date": "2023-05-31", "count_verified": true}
{"date": "2023-05-31", "source": "complete", "graph": "complete", "completed_days": 516, "stopped": null}
{"date": "2023-06-01", "phase": "extract", "status": "starting"}
{"date": "2023-06-01", "source": "complete", "count": "complete"}
{"passed": true, "date": "2023-06-01", "count_verified": true}
{"date": "2023-06-01", "source": "complete", "graph": "complete", "completed_days": 517, "stopped": null}
{"date": "2023-06-02", "phase": "extract", "status": "starting"}
{"date": "2023-06-02", "source": "complete", "count": "complete"}
{"passed": true, "date": "2023-06-02", "count_verified": true}
{"date": "2023-06-02", "source": "complete", "graph": "complete", "completed_days": 518, "stopped": null}
{"date": "2023-06-03", "phase": "extract", "status": "starting"}
{"date": "2023-06-03", "source": "complete", "count": "complete"}
{"passed": true, "date": "2023-06-03", "count_verified": true}
{"date": "2023-06-03", "source": "complete", "graph": "complete", "completed_days": 519, "stopped": null}
{"date": "2023-06-04", "phase": "extract", "status": "starting"}
{"date": "2023-06-04", "source": "complete", "count": "complete"}
{"passed": true, "date": "2023-06-04", "count_verified": true}
{"date": "2023-06-04", "source": "complete", "graph": "complete", "completed_days": 520, "stopped": null}
{"date": "2023-06-05", "phase": "extract", "status": "starting"}
{"date": "2023-06-05", "source": "complete", "count": "complete"}
{"passed": true, "date": "2023-06-05", "count_verified": true}
{"date": "2023-06-05", "source": "complete", "graph": "complete", "completed_days": 521, "stopped": null}
{"date": "2023-06-06", "phase": "extract", "status": "starting"}
{"date": "2023-06-06", "source": "complete", "count": "complete"}
{"passed": true, "date": "2023-06-06", "count_verified": true}
{"date": "2023-06-06", "source": "complete", "graph": "complete", "completed_days": 522, "stopped": null}
{"date": "2023-06-07", "phase": "extract", "status": "starting"}
{"date": "2023-06-07", "source": "complete", "count": "complete"}
{"passed": true, "date": "2023-06-07", "count_verified": true}
{"date": "2023-06-07", "source": "complete", "graph": "complete", "completed_days": 523, "stopped": null}
{"date": "2023-06-08", "phase": "extract", "status": "starting"}
{"date": "2023-06-08", "source": "complete", "count": "complete"}
{"passed": true, "date": "2023-06-08", "count_verified": true}
{"date": "2023-06-08", "source": "complete", "graph": "complete", "completed_days": 524, "stopped": null}
{"date": "2023-06-09", "phase": "extract", "status": "starting"}
{"date": "2023-06-09", "source": "complete", "count": "complete"}
{"passed": true, "date": "2023-06-09", "count_verified": true}
{"date": "2023-06-09", "source": "complete", "graph": "complete", "completed_days": 525, "stopped": null}
{"date": "2023-06-10", "phase": "extract", "status": "starting"}
{"date": "2023-06-10", "source": "complete", "count": "complete"}
{"passed": true, "date": "2023-06-10", "count_verified": true}
{"date": "2023-06-10", "source": "complete", "graph": "complete", "completed_days": 526, "stopped": null}
{"date": "2023-06-11", "phase": "extract", "status": "starting"}
{"date": "2023-06-11", "source": "complete", "count": "complete"}
{"passed": true, "date": "2023-06-11", "count_verified": true}
{"date": "2023-06-11", "source": "complete", "graph": "complete", "completed_days": 527, "stopped": null}
{"date": "2023-06-12", "phase": "extract", "status": "starting"}
{"date": "2023-06-12", "source": "complete", "count": "complete"}
{"passed": true, "date": "2023-06-12", "count_verified": true}
{"date": "2023-06-12", "source": "complete", "graph": "complete", "completed_days": 528, "stopped": null}
{"date": "2023-06-13", "phase": "extract", "status": "starting"}
{"date": "2023-06-13", "source": "complete", "count": "complete"}
{"passed": true, "date": "2023-06-13", "count_verified": true}
{"date": "2023-06-13", "source": "complete", "graph": "complete", "completed_days": 529, "stopped": null}
{"date": "2023-06-14", "phase": "extract", "status": "starting"}
{"date": "2023-06-14", "source": "complete", "count": "complete"}
{"passed": true, "date": "2023-06-14", "count_verified": true}
{"date": "2023-06-14", "source": "complete", "graph": "complete", "completed_days": 530, "stopped": null}
{"date": "2023-06-15", "phase": "extract", "status": "starting"}
{"date": "2023-06-15", "source": "complete", "count": "complete"}
{"passed": true, "date": "2023-06-15", "count_verified": true}
{"date": "2023-06-15", "source": "complete", "graph": "complete", "completed_days": 531, "stopped": null}
{"date": "2023-06-16", "phase": "extract", "status": "starting"}
{"date": "2023-06-16", "source": "complete", "count": "complete"}
{"passed": true, "date": "2023-06-16", "count_verified": true}
{"date": "2023-06-16", "source": "complete", "graph": "complete", "completed_days": 532, "stopped": null}
{"date": "2023-06-17", "phase": "extract", "status": "starting"}
{"date": "2023-06-17", "source": "complete", "count": "complete"}
{"passed": true, "date": "2023-06-17", "count_verified": true}
{"date": "2023-06-17", "source": "complete", "graph": "complete", "completed_days": 533, "stopped": null}
{"date": "2023-06-18", "phase": "extract", "status": "starting"}
{"date": "2023-06-18", "source": "complete", "count": "complete"}
{"passed": true, "date": "2023-06-18", "count_verified": true}
{"date": "2023-06-18", "source": "complete", "graph": "complete", "completed_days": 534, "stopped": null}
{"date": "2023-06-19", "phase": "extract", "status": "starting"}
{"date": "2023-06-19", "source": "complete", "count": "complete"}
{"passed": true, "date": "2023-06-19", "count_verified": true}
{"date": "2023-06-19", "source": "complete", "graph": "complete", "completed_days": 535, "stopped": null}
{"date": "2023-06-20", "phase": "extract", "status": "starting"}
{"date": "2023-06-20", "source": "complete", "count": "complete"}
{"passed": true, "date": "2023-06-20", "count_verified": true}
{"date": "2023-06-20", "source": "complete", "graph": "complete", "completed_days": 536, "stopped": null}
{"date": "2023-06-21", "phase": "extract", "status": "starting"}
{"date": "2023-06-21", "source": "complete", "count": "complete"}
{"passed": true, "date": "2023-06-21", "count_verified": true}
{"date": "2023-06-21", "source": "complete", "graph": "complete", "completed_days": 537, "stopped": null}
{"date": "2023-06-22", "phase": "extract", "status": "starting"}
{"date": "2023-06-22", "source": "complete", "count": "complete"}
{"passed": true, "date": "2023-06-22", "count_verified": true}
{"date": "2023-06-22", "source": "complete", "graph": "complete", "completed_days": 538, "stopped": null}
{"date": "2023-06-23", "phase": "extract", "status": "starting"}
{"date": "2023-06-23", "source": "complete", "count": "complete"}
{"passed": true, "date": "2023-06-23", "count_verified": true}
{"date": "2023-06-23", "source": "complete", "graph": "complete", "completed_days": 539, "stopped": null}
{"date": "2023-06-24", "phase": "extract", "status": "starting"}
{"date": "2023-06-24", "source": "complete", "count": "complete"}
{"passed": true, "date": "2023-06-24", "count_verified": true}
{"date": "2023-06-24", "source": "complete", "graph": "complete", "completed_days": 540, "stopped": null}
{"date": "2023-06-25", "phase": "extract", "status": "starting"}
{"date": "2023-06-25", "source": "complete", "count": "complete"}
{"passed": true, "date": "2023-06-25", "count_verified": true}
{"date": "2023-06-25", "source": "complete", "graph": "complete", "completed_days": 541, "stopped": null}
{"date": "2023-06-26", "phase": "extract", "status": "starting"}
{"date": "2023-06-26", "source": "complete", "count": "complete"}
{"passed": true, "date": "2023-06-26", "count_verified": true}
{"date": "2023-06-26", "source": "complete", "graph": "complete", "completed_days": 542, "stopped": null}
{"date": "2023-06-27", "phase": "extract", "status": "starting"}
{"date": "2023-06-27", "source": "complete", "count": "complete"}
{"passed": true, "date": "2023-06-27", "count_verified": true}
{"date": "2023-06-27", "source": "complete", "graph": "complete", "completed_days": 543, "stopped": null}
{"date": "2023-06-28", "phase": "extract", "status": "starting"}
{"date": "2023-06-28", "source": "complete", "count": "complete"}
{"passed": true, "date": "2023-06-28", "count_verified": true}
{"date": "2023-06-28", "source": "complete", "graph": "complete", "completed_days": 544, "stopped": null}
{"date": "2023-06-29", "phase": "extract", "status": "starting"}
{"date": "2023-06-29", "source": "complete", "count": "complete"}
{"passed": true, "date": "2023-06-29", "count_verified": true}
{"date": "2023-06-29", "source": "complete", "graph": "complete", "completed_days": 545, "stopped": null}
{"date": "2023-06-30", "phase": "extract", "status": "starting"}
{"date": "2023-06-30", "source": "complete", "count": "complete"}
{"passed": true, "date": "2023-06-30", "count_verified": true}
{"date": "2023-06-30", "source": "complete", "graph": "complete", "completed_days": 546, "stopped": null}
{"date": "2023-07-01", "phase": "extract", "status": "starting"}
{"date": "2023-07-01", "source": "complete", "count": "complete"}
{"passed": true, "date": "2023-07-01", "count_verified": true}
{"date": "2023-07-01", "source": "complete", "graph": "complete", "completed_days": 547, "stopped": null}
{"date": "2023-07-02", "phase": "extract", "status": "starting"}
{"date": "2023-07-02", "source": "complete", "count": "complete"}
{"passed": true, "date": "2023-07-02", "count_verified": true}
{"date": "2023-07-02", "source": "complete", "graph": "complete", "completed_days": 548, "stopped": null}
{"date": "2023-07-03", "phase": "extract", "status": "starting"}
{"date": "2023-07-03", "source": "complete", "count": "complete"}
{"passed": true, "date": "2023-07-03", "count_verified": true}
{"date": "2023-07-03", "source": "complete", "graph": "complete", "completed_days": 549, "stopped": null}
{"date": "2023-07-04", "phase": "extract", "status": "starting"}
{"date": "2023-07-04", "source": "complete", "count": "complete"}
{"passed": true, "date": "2023-07-04", "count_verified": true}
{"date": "2023-07-04", "source": "complete", "graph": "complete", "completed_days": 550, "stopped": null}
{"date": "2023-07-05", "phase": "extract", "status": "starting"}
{"date": "2023-07-05", "source": "complete", "count": "complete"}
{"passed": true, "date": "2023-07-05", "count_verified": true}
{"date": "2023-07-05", "source": "complete", "graph": "complete", "completed_days": 551, "stopped": null}
{"date": "2023-07-06", "phase": "extract", "status": "starting"}
{"date": "2023-07-06", "source": "complete", "count": "complete"}
{"passed": true, "date": "2023-07-06", "count_verified": true}
{"date": "2023-07-06", "source": "complete", "graph": "complete", "completed_days": 552, "stopped": null}
{"date": "2023-07-07", "phase": "extract", "status": "starting"}
{"date": "2023-07-07", "source": "complete", "count": "complete"}
{"passed": true, "date": "2023-07-07", "count_verified": true}
{"date": "2023-07-07", "source": "complete", "graph": "complete", "completed_days": 553, "stopped": null}
{"date": "2023-07-08", "phase": "extract", "status": "starting"}
{"date": "2023-07-08", "source": "complete", "count": "complete"}
{"passed": true, "date": "2023-07-08", "count_verified": true}
{"date": "2023-07-08", "source": "complete", "graph": "complete", "completed_days": 554, "stopped": null}
{"date": "2023-07-09", "phase": "extract", "status": "starting"}
{"date": "2023-07-09", "source": "complete", "count": "complete"}
{"passed": true, "date": "2023-07-09", "count_verified": true}
{"date": "2023-07-09", "source": "complete", "graph": "complete", "completed_days": 555, "stopped": null}
{"date": "2023-07-10", "phase": "extract", "status": "starting"}
{"date": "2023-07-10", "source": "complete", "count": "complete"}
{"passed": true, "date": "2023-07-10", "count_verified": true}
{"date": "2023-07-10", "source": "complete", "graph": "complete", "completed_days": 556, "stopped": null}
{"date": "2023-07-11", "phase": "extract", "status": "starting"}
{"date": "2023-07-11", "source": "complete", "count": "complete"}
{"passed": true, "date": "2023-07-11", "count_verified": true}
{"date": "2023-07-11", "source": "complete", "graph": "complete", "completed_days": 557, "stopped": null}
{"date": "2023-07-12", "phase": "extract", "status": "starting"}
{"date": "2023-07-12", "source": "complete", "count": "complete"}
{"passed": true, "date": "2023-07-12", "count_verified": true}
{"date": "2023-07-12", "source": "complete", "graph": "complete", "completed_days": 558, "stopped": null}
{"date": "2023-07-13", "phase": "extract", "status": "starting"}
{"date": "2023-07-13", "source": "complete", "count": "complete"}
{"passed": true, "date": "2023-07-13", "count_verified": true}
{"date": "2023-07-13", "source": "complete", "graph": "complete", "completed_days": 559, "stopped": null}
{"date": "2023-07-14", "phase": "extract", "status": "starting"}
{"date": "2023-07-14", "source": "complete", "count": "complete"}
{"passed": true, "date": "2023-07-14", "count_verified": true}
{"date": "2023-07-14", "source": "complete", "graph": "complete", "completed_days": 560, "stopped": null}
{"date": "2023-07-15", "phase": "extract", "status": "starting"}
{"date": "2023-07-15", "source": "complete", "count": "complete"}
{"passed": true, "date": "2023-07-15", "count_verified": true}
{"date": "2023-07-15", "source": "complete", "graph": "complete", "completed_days": 561, "stopped": null}
{"date": "2023-07-16", "phase": "extract", "status": "starting"}
{"date": "2023-07-16", "source": "complete", "count": "complete"}
{"passed": true, "date": "2023-07-16", "count_verified": true}
{"date": "2023-07-16", "source": "complete", "graph": "complete", "completed_days": 562, "stopped": null}
{"date": "2023-07-17", "phase": "extract", "status": "starting"}
{"date": "2023-07-17", "source": "complete", "count": "complete"}
{"passed": true, "date": "2023-07-17", "count_verified": true}
{"date": "2023-07-17", "source": "complete", "graph": "complete", "completed_days": 563, "stopped": null}
{"date": "2023-07-18", "phase": "extract", "status": "starting"}
{"date": "2023-07-18", "source": "complete", "count": "complete"}
{"passed": true, "date": "2023-07-18", "count_verified": true}
{"date": "2023-07-18", "source": "complete", "graph": "complete", "completed_days": 564, "stopped": null}
{"date": "2023-07-19", "phase": "extract", "status": "starting"}
{"date": "2023-07-19", "source": "complete", "count": "complete"}
{"passed": true, "date": "2023-07-19", "count_verified": true}
{"date": "2023-07-19", "source": "complete", "graph": "complete", "completed_days": 565, "stopped": null}
{"date": "2023-07-20", "phase": "extract", "status": "starting"}
{"date": "2023-07-20", "source": "complete", "count": "complete"}
{"passed": true, "date": "2023-07-20", "count_verified": true}
{"date": "2023-07-20", "source": "complete", "graph": "complete", "completed_days": 566, "stopped": null}
{"date": "2023-07-21", "phase": "extract", "status": "starting"}
{"date": "2023-07-21", "source": "complete", "count": "complete"}
{"passed": true, "date": "2023-07-21", "count_verified": true}
{"date": "2023-07-21", "source": "complete", "graph": "complete", "completed_days": 567, "stopped": null}
{"date": "2023-07-22", "phase": "extract", "status": "starting"}
{"date": "2023-07-22", "source": "complete", "count": "complete"}
{"passed": true, "date": "2023-07-22", "count_verified": true}
{"date": "2023-07-22", "source": "complete", "graph": "complete", "completed_days": 568, "stopped": null}
{"date": "2023-07-23", "phase": "extract", "status": "starting"}
{"date": "2023-07-23", "source": "complete", "count": "complete"}
{"passed": true, "date": "2023-07-23", "count_verified": true}
{"date": "2023-07-23", "source": "complete", "graph": "complete", "completed_days": 569, "stopped": null}
{"date": "2023-07-24", "phase": "extract", "status": "starting"}
{"date": "2023-07-24", "source": "complete", "count": "complete"}
{"passed": true, "date": "2023-07-24", "count_verified": true}
{"date": "2023-07-24", "source": "complete", "graph": "complete", "completed_days": 570, "stopped": null}
{"date": "2023-07-25", "phase": "extract", "status": "starting"}
{"date": "2023-07-25", "source": "complete", "count": "complete"}
{"passed": true, "date": "2023-07-25", "count_verified": true}
{"date": "2023-07-25", "source": "complete", "graph": "complete", "completed_days": 571, "stopped": null}
{"date": "2023-07-26", "phase": "extract", "status": "starting"}
{"date": "2023-07-26", "source": "complete", "count": "complete"}
{"passed": true, "date": "2023-07-26", "count_verified": true}
{"date": "2023-07-26", "source": "complete", "graph": "complete", "completed_days": 572, "stopped": null}
{"date": "2023-07-27", "phase": "extract", "status": "starting"}
{"date": "2023-07-27", "source": "complete", "count": "complete"}
{"passed": true, "date": "2023-07-27", "count_verified": true}
{"date": "2023-07-27", "source": "complete", "graph": "complete", "completed_days": 573, "stopped": null}
{"date": "2023-07-28", "phase": "extract", "status": "starting"}
{"date": "2023-07-28", "source": "complete", "count": "complete"}
{"passed": true, "date": "2023-07-28", "count_verified": true}
{"date": "2023-07-28", "source": "complete", "graph": "complete", "completed_days": 574, "stopped": null}
{"date": "2023-07-29", "phase": "extract", "status": "starting"}
{"date": "2023-07-29", "source": "complete", "count": "complete"}
{"passed": true, "date": "2023-07-29", "count_verified": true}
{"date": "2023-07-29", "source": "complete", "graph": "complete", "completed_days": 575, "stopped": null}
{"date": "2023-07-30", "phase": "extract", "status": "starting"}
{"date": "2023-07-30", "source": "complete", "count": "complete"}
{"passed": true, "date": "2023-07-30", "count_verified": true}
{"date": "2023-07-30", "source": "complete", "graph": "complete", "completed_days": 576, "stopped": null}
{"date": "2023-07-31", "phase": "extract", "status": "starting"}
{"date": "2023-07-31", "source": "complete", "count": "complete"}
{"passed": true, "date": "2023-07-31", "count_verified": true}
{"date": "2023-07-31", "source": "complete", "graph": "complete", "completed_days": 577, "stopped": null}
{"date": "2023-08-01", "phase": "extract", "status": "starting"}
{"date": "2023-08-01", "source": "complete", "count": "complete"}
{"passed": true, "date": "2023-08-01", "count_verified": true}
{"date": "2023-08-01", "source": "complete", "graph": "complete", "completed_days": 578, "stopped": null}
{"date": "2023-08-02", "phase": "extract", "status": "starting"}
{"date": "2023-08-02", "source": "complete", "count": "complete"}
{"passed": true, "date": "2023-08-02", "count_verified": true}
{"date": "2023-08-02", "source": "complete", "graph": "complete", "completed_days": 579, "stopped": null}
{"date": "2023-08-03", "phase": "extract", "status": "starting"}
{"date": "2023-08-03", "source": "complete", "count": "complete"}
{"passed": true, "date": "2023-08-03", "count_verified": true}
{"date": "2023-08-03", "source": "complete", "graph": "complete", "completed_days": 580, "stopped": null}
{"date": "2023-08-04", "phase": "extract", "status": "starting"}
{"date": "2023-08-04", "source": "complete", "count": "complete"}
{"passed": true, "date": "2023-08-04", "count_verified": true}
{"date": "2023-08-04", "source": "complete", "graph": "complete", "completed_days": 581, "stopped": null}
{"date": "2023-08-05", "phase": "extract", "status": "starting"}
{"date": "2023-08-05", "source": "complete", "count": "complete"}
{"passed": true, "date": "2023-08-05", "count_verified": true}
{"date": "2023-08-05", "source": "complete", "graph": "complete", "completed_days": 582, "stopped": null}
{"date": "2023-08-06", "phase": "extract", "status": "starting"}
{"date": "2023-08-06", "source": "complete", "count": "complete"}
{"passed": true, "date": "2023-08-06", "count_verified": true}
{"date": "2023-08-06", "source": "complete", "graph": "complete", "completed_days": 583, "stopped": null}
{"date": "2023-08-07", "phase": "extract", "status": "starting"}
{"date": "2023-08-07", "source": "complete", "count": "complete"}
{"passed": true, "date": "2023-08-07", "count_verified": true}
{"date": "2023-08-07", "source": "complete", "graph": "complete", "completed_days": 584, "stopped": null}
{"date": "2023-08-08", "phase": "extract", "status": "starting"}
{"date": "2023-08-08", "source": "complete", "count": "complete"}
{"passed": true, "date": "2023-08-08", "count_verified": true}
{"date": "2023-08-08", "source": "complete", "graph": "complete", "completed_days": 585, "stopped": null}
{"date": "2023-08-09", "phase": "extract", "status": "starting"}
{"date": "2023-08-09", "source": "complete", "count": "complete"}
{"passed": true, "date": "2023-08-09", "count_verified": true}
{"date": "2023-08-09", "source": "complete", "graph": "complete", "completed_days": 586, "stopped": null}
{"date": "2023-08-10", "phase": "extract", "status": "starting"}
{"date": "2023-08-10", "source": "complete", "count": "complete"}
{"passed": true, "date": "2023-08-10", "count_verified": true}
{"date": "2023-08-10", "source": "complete", "graph": "complete", "completed_days": 587, "stopped": null}
{"date": "2023-08-11", "phase": "extract", "status": "starting"}
{"date": "2023-08-11", "source": "complete", "count": "complete"}
{"passed": true, "date": "2023-08-11", "count_verified": true}
{"date": "2023-08-11", "source": "complete", "graph": "complete", "completed_days": 588, "stopped": null}
{"date": "2023-08-12", "phase": "extract", "status": "starting"}
{"date": "2023-08-12", "source": "complete", "count": "complete"}
{"passed": true, "date": "2023-08-12", "count_verified": true}
{"date": "2023-08-12", "source": "complete", "graph": "complete", "completed_days": 589, "stopped": null}
{"date": "2023-08-13", "phase": "extract", "status": "starting"}
{"date": "2023-08-13", "source": "complete", "count": "complete"}
{"passed": true, "date": "2023-08-13", "count_verified": true}
{"date": "2023-08-13", "source": "complete", "graph": "complete", "completed_days": 590, "stopped": null}
{"date": "2023-08-14", "phase": "extract", "status": "starting"}
{"date": "2023-08-14", "source": "complete", "count": "complete"}
{"passed": true, "date": "2023-08-14", "count_verified": true}
{"date": "2023-08-14", "source": "complete", "graph": "complete", "completed_days": 591, "stopped": null}
{"date": "2023-08-15", "phase": "extract", "status": "starting"}
{"date": "2023-08-15", "source": "complete", "count": "complete"}
{"passed": true, "date": "2023-08-15", "count_verified": true}
{"date": "2023-08-15", "source": "complete", "graph": "complete", "completed_days": 592, "stopped": null}
{"date": "2023-08-16", "phase": "extract", "status": "starting"}
{"date": "2023-08-16", "source": "complete", "count": "complete"}
{"passed": true, "date": "2023-08-16", "count_verified": true}
{"date": "2023-08-16", "source": "complete", "graph": "complete", "completed_days": 593, "stopped": null}
{"date": "2023-08-17", "phase": "extract", "status": "starting"}
{"date": "2023-08-17", "source": "complete", "count": "complete"}
{"passed": true, "date": "2023-08-17", "count_verified": true}
{"date": "2023-08-17", "source": "complete", "graph": "complete", "completed_days": 594, "stopped": null}
{"date": "2023-08-18", "phase": "extract", "status": "starting"}
{"date": "2023-08-18", "source": "complete", "count": "complete"}
{"passed": true, "date": "2023-08-18", "count_verified": true}
{"date": "2023-08-18", "source": "complete", "graph": "complete", "completed_days": 595, "stopped": null}
{"date": "2023-08-19", "phase": "extract", "status": "starting"}
{"date": "2023-08-19", "source": "complete", "count": "complete"}
{"passed": true, "date": "2023-08-19", "count_verified": true}
{"date": "2023-08-19", "source": "complete", "graph": "complete", "completed_days": 596, "stopped": null}
{"date": "2023-08-20", "phase": "extract", "status": "starting"}
{"date": "2023-08-20", "source": "complete", "count": "complete"}
{"passed": true, "date": "2023-08-20", "count_verified": true}
{"date": "2023-08-20", "source": "complete", "graph": "complete", "completed_days": 597, "stopped": null}
{"date": "2023-08-21", "phase": "extract", "status": "starting"}
{"date": "2023-08-21", "source": "complete", "count": "complete"}
{"passed": true, "date": "2023-08-21", "count_verified": true}
{"date": "2023-08-21", "source": "complete", "graph": "complete", "completed_days": 598, "stopped": null}
{"date": "2023-08-22", "phase": "extract", "status": "starting"}
{"date": "2023-08-22", "source": "complete", "count": "complete"}
{"passed": true, "date": "2023-08-22", "count_verified": true}
{"date": "2023-08-22", "source": "complete", "graph": "complete", "completed_days": 599, "stopped": null}
{"date": "2023-08-23", "phase": "extract", "status": "starting"}
{"date": "2023-08-23", "source": "complete", "count": "complete"}
{"passed": true, "date": "2023-08-23", "count_verified": true}
{"date": "2023-08-23", "source": "complete", "graph": "complete", "completed_days": 600, "stopped": null}
{"date": "2023-08-24", "phase": "extract", "status": "starting"}
{"date": "2023-08-24", "source": "complete", "count": "complete"}
{"passed": true, "date": "2023-08-24", "count_verified": true}
{"date": "2023-08-24", "source": "complete", "graph": "complete", "completed_days": 601, "stopped": null}
{"date": "2023-08-25", "phase": "extract", "status": "starting"}
{"date": "2023-08-25", "source": "complete", "count": "complete"}
{"passed": true, "date": "2023-08-25", "count_verified": true}
{"date": "2023-08-25", "source": "complete", "graph": "complete", "completed_days": 602, "stopped": null}
{"date": "2023-08-26", "phase": "extract", "status": "starting"}
{"date": "2023-08-26", "source": "complete", "count": "complete"}
{"passed": true, "date": "2023-08-26", "count_verified": true}
{"date": "2023-08-26", "source": "complete", "graph": "complete", "completed_days": 603, "stopped": null}
{"date": "2023-08-27", "phase": "extract", "status": "starting"}
{"date": "2023-08-27", "source": "complete", "count": "complete"}
{"passed": true, "date": "2023-08-27", "count_verified": true}
{"date": "2023-08-27", "source": "complete", "graph": "complete", "completed_days": 604, "stopped": null}
{"date": "2023-08-28", "phase": "extract", "status": "starting"}
{"date": "2023-08-28", "source": "complete", "count": "complete"}
{"passed": true, "date": "2023-08-28", "count_verified": true}
{"date": "2023-08-28", "source": "complete", "graph": "complete", "completed_days": 605, "stopped": null}
{"date": "2023-08-29", "phase": "extract", "status": "starting"}
{"date": "2023-08-29", "source": "complete", "count": "complete"}
{"passed": true, "date": "2023-08-29", "count_verified": true}
{"date": "2023-08-29", "source": "complete", "graph": "complete", "completed_days": 606, "stopped": null}
{"date": "2023-08-30", "phase": "extract", "status": "starting"}
{"date": "2023-08-30", "source": "complete", "count": "complete"}
{"passed": true, "date": "2023-08-30", "count_verified": true}
{"date": "2023-08-30", "source": "complete", "graph": "complete", "completed_days": 607, "stopped": null}
{"date": "2023-08-31", "phase": "extract", "status": "starting"}
{"date": "2023-08-31", "source": "complete", "count": "complete"}
{"passed": true, "date": "2023-08-31", "count_verified": true}
{"date": "2023-08-31", "source": "complete", "graph": "complete", "completed_days": 608, "stopped": null}
{"date": "2023-09-01", "phase": "extract", "status": "starting"}
{"date": "2023-09-01", "source": "complete", "count": "complete"}
{"passed": true, "date": "2023-09-01", "count_verified": true}
{"date": "2023-09-01", "source": "complete", "graph": "complete", "completed_days": 609, "stopped": null}
{"date": "2023-09-02", "phase": "extract", "status": "starting"}
{"date": "2023-09-02", "source": "complete", "count": "complete"}
{"passed": true, "date": "2023-09-02", "count_verified": true}
{"date": "2023-09-02", "source": "complete", "graph": "complete", "completed_days": 610, "stopped": null}
{"date": "2023-09-03", "phase": "extract", "status": "starting"}
{"date": "2023-09-03", "source": "complete", "count": "complete"}
{"passed": true, "date": "2023-09-03", "count_verified": true}
{"date": "2023-09-03", "source": "complete", "graph": "complete", "completed_days": 611, "stopped": null}
{"date": "2023-09-04", "phase": "extract", "status": "starting"}
{"date": "2023-09-04", "source": "complete", "count": "complete"}
{"passed": true, "date": "2023-09-04", "count_verified": true}
{"date": "2023-09-04", "source": "complete", "graph": "complete", "completed_days": 612, "stopped": null}
{"date": "2023-09-05", "phase": "extract", "status": "starting"}
{"date": "2023-09-05", "source": "complete", "count": "complete"}
{"passed": true, "date": "2023-09-05", "count_verified": true}
{"date": "2023-09-05", "source": "complete", "graph": "complete", "completed_days": 613, "stopped": null}
{"date": "2023-09-06", "phase": "extract", "status": "starting"}
{"date": "2023-09-06", "source": "complete", "count": "complete"}
{"passed": true, "date": "2023-09-06", "count_verified": true}
{"date": "2023-09-06", "source": "complete", "graph": "complete", "completed_days": 614, "stopped": null}
{"date": "2023-09-07", "phase": "extract", "status": "starting"}
{"date": "2023-09-07", "source": "complete", "count": "complete"}
{"passed": true, "date": "2023-09-07", "count_verified": true}
{"date": "2023-09-07", "source": "complete", "graph": "complete", "completed_days": 615, "stopped": null}
{"date": "2023-09-08", "phase": "extract", "status": "starting"}
{"date": "2023-09-08", "source": "complete", "count": "complete"}
{"passed": true, "date": "2023-09-08", "count_verified": true}
{"date": "2023-09-08", "source": "complete", "graph": "complete", "completed_days": 616, "stopped": null}
{"date": "2023-09-09", "phase": "extract", "status": "starting"}
{"date": "2023-09-09", "source": "complete", "count": "complete"}
{"passed": true, "date": "2023-09-09", "count_verified": true}
{"date": "2023-09-09", "source": "complete", "graph": "complete", "completed_days": 617, "stopped": null}
{"date": "2023-09-10", "phase": "extract", "status": "starting"}
{"date": "2023-09-10", "source": "complete", "count": "complete"}
{"passed": true, "date": "2023-09-10", "count_verified": true}
{"date": "2023-09-10", "source": "complete", "graph": "complete", "completed_days": 618, "stopped": null}
{"date": "2023-09-11", "phase": "extract", "status": "starting"}
{"date": "2023-09-11", "source": "complete", "count": "complete"}
{"passed": true, "date": "2023-09-11", "count_verified": true}
{"date": "2023-09-11", "source": "complete", "graph": "complete", "completed_days": 619, "stopped": null}
{"date": "2023-09-12", "phase": "extract", "status": "starting"}
{"date": "2023-09-12", "source": "complete", "count": "complete"}
{"passed": true, "date": "2023-09-12", "count_verified": true}
{"date": "2023-09-12", "source": "complete", "graph": "complete", "completed_days": 620, "stopped": null}
{"date": "2023-09-13", "phase": "extract", "status": "starting"}
{"date": "2023-09-13", "source": "complete", "count": "complete"}
{"passed": true, "date": "2023-09-13", "count_verified": true}
{"date": "2023-09-13", "source": "complete", "graph": "complete", "completed_days": 621, "stopped": null}
{"date": "2023-09-14", "phase": "extract", "status": "starting"}
{"date": "2023-09-14", "source": "complete", "count": "complete"}
{"passed": true, "date": "2023-09-14", "count_verified": true}
{"date": "2023-09-14", "source": "complete", "graph": "complete", "completed_days": 622, "stopped": null}
{"date": "2023-09-15", "phase": "extract", "status": "starting"}
{"date": "2023-09-15", "source": "complete", "count": "complete"}
{"passed": true, "date": "2023-09-15", "count_verified": true}
{"date": "2023-09-15", "source": "complete", "graph": "complete", "completed_days": 623, "stopped": null}
{"date": "2023-09-16", "phase": "extract", "status": "starting"}
{"date": "2023-09-16", "source": "complete", "count": "complete"}
{"passed": true, "date": "2023-09-16", "count_verified": true}
{"date": "2023-09-16", "source": "complete", "graph": "complete", "completed_days": 624, "stopped": null}
{"date": "2023-09-17", "phase": "extract", "status": "starting"}
{"date": "2023-09-17", "source": "complete", "count": "complete"}
{"passed": true, "date": "2023-09-17", "count_verified": true}
{"date": "2023-09-17", "source": "complete", "graph": "complete", "completed_days": 625, "stopped": null}
{"date": "2023-09-18", "phase": "extract", "status": "starting"}
{"date": "2023-09-18", "source": "complete", "count": "complete"}
{"passed": true, "date": "2023-09-18", "count_verified": true}
{"date": "2023-09-18", "source": "complete", "graph": "complete", "completed_days": 626, "stopped": null}
{"date": "2023-09-19", "phase": "extract", "status": "starting"}
{"date": "2023-09-19", "source": "complete", "count": "complete"}
{"passed": true, "date": "2023-09-19", "count_verified": true}
{"date": "2023-09-19", "source": "complete", "graph": "complete", "completed_days": 627, "stopped": null}
{"date": "2023-09-20", "phase": "extract", "status": "starting"}
{"date": "2023-09-20", "source": "complete", "count": "complete"}
{"passed": true, "date": "2023-09-20", "count_verified": true}
{"date": "2023-09-20", "source": "complete", "graph": "complete", "completed_days": 628, "stopped": null}
{"date": "2023-09-21", "phase": "extract", "status": "starting"}
{"date": "2023-09-21", "source": "complete", "count": "complete"}
{"passed": true, "date": "2023-09-21", "count_verified": true}
{"date": "2023-09-21", "source": "complete", "graph": "complete", "completed_days": 629, "stopped": null}
{"date": "2023-09-22", "phase": "extract", "status": "starting"}
{"date": "2023-09-22", "source": "complete", "count": "complete"}
{"passed": true, "date": "2023-09-22", "count_verified": true}
{"date": "2023-09-22", "source": "complete", "graph": "complete", "completed_days": 630, "stopped": null}
{"date": "2023-09-23", "phase": "extract", "status": "starting"}
{"date": "2023-09-23", "source": "complete", "count": "complete"}
{"passed": true, "date": "2023-09-23", "count_verified": true}
{"date": "2023-09-23", "source": "complete", "graph": "complete", "completed_days": 631, "stopped": null}
{"date": "2023-09-24", "phase": "extract", "status": "starting"}
{"date": "2023-09-24", "source": "complete", "count": "complete"}
{"passed": true, "date": "2023-09-24", "count_verified": true}
{"date": "2023-09-24", "source": "complete", "graph": "complete", "completed_days": 632, "stopped": null}
{"date": "2023-09-25", "phase": "extract", "status": "starting"}
{"date": "2023-09-25", "source": "complete", "count": "complete"}
{"passed": true, "date": "2023-09-25", "count_verified": true}
{"date": "2023-09-25", "source": "complete", "graph": "complete", "completed_days": 633, "stopped": null}
{"date": "2023-09-26", "phase": "extract", "status": "starting"}
{"date": "2023-09-26", "source": "complete", "count": "complete"}
{"passed": true, "date": "2023-09-26", "count_verified": true}
{"date": "2023-09-26", "source": "complete", "graph": "complete", "completed_days": 634, "stopped": null}
{"date": "2023-09-27", "phase": "extract", "status": "starting"}
{"date": "2023-09-27", "source": "complete", "count": "complete"}
{"passed": true, "date": "2023-09-27", "count_verified": true}
{"date": "2023-09-27", "source": "complete", "graph": "complete", "completed_days": 635, "stopped": null}
{"date": "2023-09-28", "phase": "extract", "status": "starting"}
{"date": "2023-09-28", "source": "complete", "count": "complete"}
{"passed": true, "date": "2023-09-28", "count_verified": true}
{"date": "2023-09-28", "source": "complete", "graph": "complete", "completed_days": 636, "stopped": null}
{"date": "2023-09-29", "phase": "extract", "status": "starting"}
{"date": "2023-09-29", "source": "complete", "count": "complete"}
{"passed": true, "date": "2023-09-29", "count_verified": true}
{"date": "2023-09-29", "source": "complete", "graph": "complete", "completed_days": 637, "stopped": null}
{"date": "2023-09-30", "phase": "extract", "status": "starting"}
{"date": "2023-09-30", "source": "complete", "count": "complete"}
{"passed": true, "date": "2023-09-30", "count_verified": true}
{"date": "2023-09-30", "source": "complete", "graph": "complete", "completed_days": 638, "stopped": null}
{"date": "2023-10-01", "phase": "extract", "status": "starting"}
{"date": "2023-10-01", "source": "complete", "count": "complete"}
{"passed": true, "date": "2023-10-01", "count_verified": true}
{"date": "2023-10-01", "source": "complete", "graph": "complete", "completed_days": 639, "stopped": null}
{"date": "2023-10-02", "phase": "extract", "status": "starting"}
{"date": "2023-10-02", "source": "complete", "count": "complete"}
{"passed": true, "date": "2023-10-02", "count_verified": true}
{"date": "2023-10-02", "source": "complete", "graph": "complete", "completed_days": 640, "stopped": null}
{"date": "2023-10-03", "phase": "extract", "status": "starting"}
{"date": "2023-10-03", "source": "complete", "count": "complete"}
{"passed": true, "date": "2023-10-03", "count_verified": true}
{"date": "2023-10-03", "source": "complete", "graph": "complete", "completed_days": 641, "stopped": null}
{"date": "2023-10-04", "phase": "extract", "status": "starting"}
{"date": "2023-10-04", "source": "complete", "count": "complete"}
{"passed": true, "date": "2023-10-04", "count_verified": true}
{"date": "2023-10-04", "source": "complete", "graph": "complete", "completed_days": 642, "stopped": null}
{"date": "2023-10-05", "phase": "extract", "status": "starting"}
{"date": "2023-10-05", "source": "complete", "count": "complete"}
{"passed": true, "date": "2023-10-05", "count_verified": true}
{"date": "2023-10-05", "source": "complete", "graph": "complete", "completed_days": 643, "stopped": null}
{"date": "2023-10-06", "phase": "extract", "status": "starting"}
{"date": "2023-10-06", "source": "complete", "count": "complete"}
{"passed": true, "date": "2023-10-06", "count_verified": true}
{"date": "2023-10-06", "source": "complete", "graph": "complete", "completed_days": 644, "stopped": null}
{"date": "2023-10-07", "phase": "extract", "status": "starting"}
{"date": "2023-10-07", "source": "complete", "count": "complete"}
{"passed": true, "date": "2023-10-07", "count_verified": true}
{"date": "2023-10-07", "source": "complete", "graph": "complete", "completed_days": 645, "stopped": null}
{"date": "2023-10-08", "phase": "extract", "status": "starting"}
{"date": "2023-10-08", "source": "complete", "count": "complete"}
{"passed": true, "date": "2023-10-08", "count_verified": true}
{"date": "2023-10-08", "source": "complete", "graph": "complete", "completed_days": 646, "stopped": null}
{"date": "2023-10-09", "phase": "extract", "status": "starting"}
{"date": "2023-10-09", "source": "complete", "count": "complete"}
{"passed": true, "date": "2023-10-09", "count_verified": true}
{"date": "2023-10-09", "source": "complete", "graph": "complete", "completed_days": 647, "stopped": null}
{"date": "2023-10-10", "phase": "extract", "status": "starting"}
{"date": "2023-10-10", "source": "complete", "count": "complete"}
{"passed": true, "date": "2023-10-10", "count_verified": true}
{"date": "2023-10-10", "source": "complete", "graph": "complete", "completed_days": 648, "stopped": null}
{"date": "2023-10-11", "phase": "extract", "status": "starting"}
{"date": "2023-10-11", "source": "complete", "count": "complete"}
{"passed": true, "date": "2023-10-11", "count_verified": true}
{"date": "2023-10-11", "source": "complete", "graph": "complete", "completed_days": 649, "stopped": null}
{"date": "2023-10-12", "phase": "extract", "status": "starting"}
{"date": "2023-10-12", "source": "complete", "count": "complete"}
{"passed": true, "date": "2023-10-12", "count_verified": true}
{"date": "2023-10-12", "source": "complete", "graph": "complete", "completed_days": 650, "stopped": null}
{"date": "2023-10-13", "phase": "extract", "status": "starting"}
{"date": "2023-10-13", "source": "complete", "count": "complete"}
{"passed": true, "date": "2023-10-13", "count_verified": true}
{"date": "2023-10-13", "source": "complete", "graph": "complete", "completed_days": 651, "stopped": null}
{"date": "2023-10-14", "phase": "extract", "status": "starting"}
{"date": "2023-10-14", "source": "complete", "count": "complete"}
{"passed": true, "date": "2023-10-14", "count_verified": true}
{"date": "2023-10-14", "source": "complete", "graph": "complete", "completed_days": 652, "stopped": null}
{"date": "2023-10-15", "phase": "extract", "status": "starting"}
{"date": "2023-10-15", "source": "complete", "count": "complete"}
{"passed": true, "date": "2023-10-15", "count_verified": true}
{"date": "2023-10-15", "source": "complete", "graph": "complete", "completed_days": 653, "stopped": null}
{"date": "2023-10-16", "phase": "extract", "status": "starting"}
{"date": "2023-10-16", "source": "complete", "count": "complete"}
{"passed": true, "date": "2023-10-16", "count_verified": true}
{"date": "2023-10-16", "source": "complete", "graph": "complete", "completed_days": 654, "stopped": null}
{"date": "2023-10-17", "phase": "extract", "status": "starting"}
{"date": "2023-10-17", "source": "complete", "count": "complete"}
{"passed": true, "date": "2023-10-17", "count_verified": true}
{"date": "2023-10-17", "source": "complete", "graph": "complete", "completed_days": 655, "stopped": null}
{"date": "2023-10-18", "phase": "extract", "status": "starting"}
{"date": "2023-10-18", "source": "complete", "count": "complete"}
{"passed": true, "date": "2023-10-18", "count_verified": true}
{"date": "2023-10-18", "source": "complete", "graph": "complete", "completed_days": 656, "stopped": null}
{"date": "2023-10-19", "phase": "extract", "status": "starting"}
{"date": "2023-10-19", "source": "complete", "count": "complete"}
{"passed": true, "date": "2023-10-19", "count_verified": true}
{"date": "2023-10-19", "source": "complete", "graph": "complete", "completed_days": 657, "stopped": null}
{"date": "2023-10-20", "phase": "extract", "status": "starting"}
{"date": "2023-10-20", "source": "complete", "count": "complete"}
{"passed": true, "date": "2023-10-20", "count_verified": true}
{"date": "2023-10-20", "source": "complete", "graph": "complete", "completed_days": 658, "stopped": null}
{"date": "2023-10-21", "phase": "extract", "status": "starting"}
{"date": "2023-10-21", "source": "complete", "count": "complete"}
{"passed": true, "date": "2023-10-21", "count_verified": true}
{"date": "2023-10-21", "source": "complete", "graph": "complete", "completed_days": 659, "stopped": null}
{"date": "2023-10-22", "phase": "extract", "status": "starting"}
{"date": "2023-10-22", "source": "complete", "count": "complete"}
{"passed": true, "date": "2023-10-22", "count_verified": true}
{"date": "2023-10-22", "source": "complete", "graph": "complete", "completed_days": 660, "stopped": null}
{"date": "2023-10-23", "phase": "extract", "status": "starting"}
{"date": "2023-10-23", "source": "complete", "count": "complete"}
{"passed": true, "date": "2023-10-23", "count_verified": true}
{"date": "2023-10-23", "source": "complete", "graph": "complete", "completed_days": 661, "stopped": null}
{"date": "2023-10-24", "phase": "extract", "status": "starting"}
{"date": "2023-10-24", "source": "complete", "count": "complete"}
{"passed": true, "date": "2023-10-24", "count_verified": true}
{"date": "2023-10-24", "source": "complete", "graph": "complete", "completed_days": 662, "stopped": null}
{"date": "2023-10-25", "phase": "extract", "status": "starting"}
{"date": "2023-10-25", "source": "complete", "count": "complete"}
{"passed": true, "date": "2023-10-25", "count_verified": true}
{"date": "2023-10-25", "source": "complete", "graph": "complete", "completed_days": 663, "stopped": null}
{"date": "2023-10-26", "phase": "extract", "status": "starting"}
{"date": "2023-10-26", "source": "complete", "count": "complete"}
{"passed": true, "date": "2023-10-26", "count_verified": true}
{"date": "2023-10-26", "source": "complete", "graph": "complete", "completed_days": 664, "stopped": null}
{"date": "2023-10-27", "phase": "extract", "status": "starting"}
{"date": "2023-10-27", "source": "complete", "count": "complete"}
{"passed": true, "date": "2023-10-27", "count_verified": true}
{"date": "2023-10-27", "source": "complete", "graph": "complete", "completed_days": 665, "stopped": null}
{"date": "2023-10-28", "phase": "extract", "status": "starting"}
{"date": "2023-10-28", "source": "complete", "count": "complete"}
{"passed": true, "date": "2023-10-28", "count_verified": true}
{"date": "2023-10-28", "source": "complete", "graph": "complete", "completed_days": 666, "stopped": null}
{"date": "2023-10-29", "phase": "extract", "status": "starting"}
{"date": "2023-10-29", "source": "complete", "count": "complete"}
{"passed": true, "date": "2023-10-29", "count_verified": true}
{"date": "2023-10-29", "source": "complete", "graph": "complete", "completed_days": 667, "stopped": null}
{"date": "2023-10-30", "phase": "extract", "status": "starting"}
{"date": "2023-10-30", "source": "complete", "count": "complete"}
{"passed": true, "date": "2023-10-30", "count_verified": true}
{"date": "2023-10-30", "source": "complete", "graph": "complete", "completed_days": 668, "stopped": null}
{"date": "2023-10-31", "phase": "extract", "status": "starting"}
{"date": "2023-10-31", "source": "complete", "count": "complete"}
{"passed": true, "date": "2023-10-31", "count_verified": true}
{"date": "2023-10-31", "source": "complete", "graph": "complete", "completed_days": 669, "stopped": null}
{"date": "2023-11-01", "phase": "extract", "status": "starting"}
{"date": "2023-11-01", "source": "complete", "count": "complete"}
{"passed": true, "date": "2023-11-01", "count_verified": true}
{"date": "2023-11-01", "source": "complete", "graph": "complete", "completed_days": 670, "stopped": null}
{"date": "2023-11-02", "phase": "extract", "status": "starting"}
{"date": "2023-11-02", "source": "complete", "count": "complete"}
{"passed": true, "date": "2023-11-02", "count_verified": true}
{"date": "2023-11-02", "source": "complete", "graph": "complete", "completed_days": 671, "stopped": null}
{"date": "2023-11-03", "phase": "extract", "status": "starting"}
{"date": "2023-11-03", "source": "complete", "count": "complete"}
{"passed": true, "date": "2023-11-03", "count_verified": true}
{"date": "2023-11-03", "source": "complete", "graph": "complete", "completed_days": 672, "stopped": null}
{"date": "2023-11-04", "phase": "extract", "status": "starting"}
{"date": "2023-11-04", "source": "complete", "count": "complete"}
{"passed": true, "date": "2023-11-04", "count_verified": true}
{"date": "2023-11-04", "source": "complete", "graph": "complete", "completed_days": 673, "stopped": null}
{"date": "2023-11-05", "phase": "extract", "status": "starting"}
{"date": "2023-11-05", "source": "complete", "count": "complete"}
{"passed": true, "date": "2023-11-05", "count_verified": true}
{"date": "2023-11-05", "source": "complete", "graph": "complete", "completed_days": 674, "stopped": null}
{"date": "2023-11-06", "phase": "extract", "status": "starting"}
{"date": "2023-11-06", "source": "complete", "count": "complete"}
{"passed": true, "date": "2023-11-06", "count_verified": true}
{"date": "2023-11-06", "source": "complete", "graph": "complete", "completed_days": 675, "stopped": null}
{"date": "2023-11-07", "phase": "extract", "status": "starting"}
{"date": "2023-11-07", "source": "complete", "count": "complete"}
{"passed": true, "date": "2023-11-07", "count_verified": true}
{"date": "2023-11-07", "source": "complete", "graph": "complete", "completed_days": 676, "stopped": null}
{"date": "2023-11-08", "phase": "extract", "status": "starting"}
{"date": "2023-11-08", "source": "complete", "count": "complete"}
{"passed": true, "date": "2023-11-08", "count_verified": true}
{"date": "2023-11-08", "source": "complete", "graph": "complete", "completed_days": 677, "stopped": null}
{"date": "2023-11-09", "phase": "extract", "status": "starting"}
{"date": "2023-11-09", "source": "complete", "count": "complete"}
{"passed": true, "date": "2023-11-09", "count_verified": true}
{"date": "2023-11-09", "source": "complete", "graph": "complete", "completed_days": 678, "stopped": null}
{"date": "2023-11-10", "phase": "extract", "status": "starting"}
{"date": "2023-11-10", "source": "complete", "count": "complete"}
{"passed": true, "date": "2023-11-10", "count_verified": true}
{"date": "2023-11-10", "source": "complete", "graph": "complete", "completed_days": 679, "stopped": null}
{"date": "2023-11-11", "phase": "extract", "status": "starting"}
{"date": "2023-11-11", "source": "complete", "count": "complete"}
{"passed": true, "date": "2023-11-11", "count_verified": true}
{"date": "2023-11-11", "source": "complete", "graph": "complete", "completed_days": 680, "stopped": null}
{"date": "2023-11-12", "phase": "extract", "status": "starting"}
{"date": "2023-11-12", "source": "complete", "count": "complete"}
{"passed": true, "date": "2023-11-12", "count_verified": true}
{"date": "2023-11-12", "source": "complete", "graph": "complete", "completed_days": 681, "stopped": null}
{"date": "2023-11-13", "phase": "extract", "status": "starting"}
{"date": "2023-11-13", "source": "complete", "count": "complete"}
{"passed": true, "date": "2023-11-13", "count_verified": true}
{"date": "2023-11-13", "source": "complete", "graph": "complete", "completed_days": 682, "stopped": null}
{"date": "2023-11-14", "phase": "extract", "status": "starting"}
{"date": "2023-11-14", "source": "complete", "count": "complete"}
{"passed": true, "date": "2023-11-14", "count_verified": true}
{"date": "2023-11-14", "source": "complete", "graph": "complete", "completed_days": 683, "stopped": null}
{"date": "2023-11-15", "phase": "extract", "status": "starting"}
{"date": "2023-11-15", "source": "complete", "count": "complete"}
{"passed": true, "date": "2023-11-15", "count_verified": true}
{"date": "2023-11-15", "source": "complete", "graph": "complete", "completed_days": 684, "stopped": null}
{"date": "2023-11-16", "phase": "extract", "status": "starting"}
{"date": "2023-11-16", "source": "complete", "count": "complete"}
{"passed": true, "date": "2023-11-16", "count_verified": true}
{"date": "2023-11-16", "source": "complete", "graph": "complete", "completed_days": 685, "stopped": null}
{"date": "2023-11-17", "phase": "extract", "status": "starting"}
{"date": "2023-11-17", "source": "complete", "count": "complete"}
{"passed": true, "date": "2023-11-17", "count_verified": true}
{"date": "2023-11-17", "source": "complete", "graph": "complete", "completed_days": 686, "stopped": null}
{"date": "2023-11-18", "phase": "extract", "status": "starting"}
{"date": "2023-11-18", "source": "complete", "count": "complete"}
{"passed": true, "date": "2023-11-18", "count_verified": true}
{"date": "2023-11-18", "source": "complete", "graph": "complete", "completed_days": 687, "stopped": null}
{"date": "2023-11-19", "phase": "extract", "status": "starting"}
{"date": "2023-11-19", "source": "complete", "count": "complete"}
{"passed": true, "date": "2023-11-19", "count_verified": true}
{"date": "2023-11-19", "source": "complete", "graph": "complete", "completed_days": 688, "stopped": null}
{"date": "2023-11-20", "phase": "extract", "status": "starting"}
{"date": "2023-11-20", "source": "complete", "count": "complete"}
{"passed": true, "date": "2023-11-20", "count_verified": true}
{"date": "2023-11-20", "source": "complete", "graph": "complete", "completed_days": 689, "stopped": null}
{"date": "2023-11-21", "phase": "extract", "status": "starting"}
{"date": "2023-11-21", "source": "complete", "count": "complete"}
{"passed": true, "date": "2023-11-21", "count_verified": true}
{"date": "2023-11-21", "source": "complete", "graph": "complete", "completed_days": 690, "stopped": null}
{"date": "2023-11-22", "phase": "extract", "status": "starting"}
{"date": "2023-11-22", "source": "complete", "count": "complete"}
{"passed": true, "date": "2023-11-22", "count_verified": true}
{"date": "2023-11-22", "source": "complete", "graph": "complete", "completed_days": 691, "stopped": null}
{"date": "2023-11-23", "phase": "extract", "status": "starting"}
{"date": "2023-11-23", "source": "complete", "count": "complete"}
{"passed": true, "date": "2023-11-23", "count_verified": true}
{"date": "2023-11-23", "source": "complete", "graph": "complete", "completed_days": 692, "stopped": null}
{"date": "2023-11-24", "phase": "extract", "status": "starting"}
{"date": "2023-11-24", "source": "complete", "count": "complete"}
{"passed": true, "date": "2023-11-24", "count_verified": true}
{"date": "2023-11-24", "source": "complete", "graph": "complete", "completed_days": 693, "stopped": null}
{"date": "2023-11-25", "phase": "extract", "status": "starting"}
{"date": "2023-11-25", "source": "complete", "count": "complete"}
{"passed": true, "date": "2023-11-25", "count_verified": true}
{"date": "2023-11-25", "source": "complete", "graph": "complete", "completed_days": 694, "stopped": null}
{"date": "2023-11-26", "phase": "extract", "status": "starting"}
{"date": "2023-11-26", "source": "complete", "count": "complete"}
{"passed": true, "date": "2023-11-26", "count_verified": true}
{"date": "2023-11-26", "source": "complete", "graph": "complete", "completed_days": 695, "stopped": null}
{"date": "2023-11-27", "phase": "extract", "status": "starting"}
{"date": "2023-11-27", "source": "complete", "count": "complete"}
{"passed": true, "date": "2023-11-27", "count_verified": true}
{"date": "2023-11-27", "source": "complete", "graph": "complete", "completed_days": 696, "stopped": null}
{"date": "2023-11-28", "phase": "extract", "status": "starting"}
{"date": "2023-11-28", "source": "complete", "count": "complete"}
{"passed": true, "date": "2023-11-28", "count_verified": true}
{"date": "2023-11-28", "source": "complete", "graph": "complete", "completed_days": 697, "stopped": null}
{"date": "2023-11-29", "phase": "extract", "status": "starting"}
{"date": "2023-11-29", "source": "complete", "count": "complete"}
{"passed": true, "date": "2023-11-29", "count_verified": true}
{"date": "2023-11-29", "source": "complete", "graph": "complete", "completed_days": 698, "stopped": null}
{"date": "2023-11-30", "phase": "extract", "status": "starting"}
{"date": "2023-11-30", "source": "complete", "count": "complete"}
{"passed": true, "date": "2023-11-30", "count_verified": true}
{"date": "2023-11-30", "source": "complete", "graph": "complete", "completed_days": 699, "stopped": null}
{"date": "2023-12-01", "phase": "extract", "status": "starting"}
{"date": "2023-12-01", "source": "complete", "count": "complete"}
{"passed": true, "date": "2023-12-01", "count_verified": true}
{"date": "2023-12-01", "source": "complete", "graph": "complete", "completed_days": 700, "stopped": null}
{"date": "2023-12-02", "phase": "extract", "status": "starting"}
{"date": "2023-12-02", "source": "complete", "count": "complete"}
{"passed": true, "date": "2023-12-02", "count_verified": true}
{"date": "2023-12-02", "source": "complete", "graph": "complete", "completed_days": 701, "stopped": null}
{"date": "2023-12-03", "phase": "extract", "status": "starting"}
{"date": "2023-12-03", "source": "complete", "count": "complete"}
{"passed": true, "date": "2023-12-03", "count_verified": true}
{"date": "2023-12-03", "source": "complete", "graph": "complete", "completed_days": 702, "stopped": null}
{"date": "2023-12-04", "phase": "extract", "status": "starting"}
{"date": "2023-12-04", "source": "complete", "count": "complete"}
{"passed": true, "date": "2023-12-04", "count_verified": true}
{"date": "2023-12-04", "source": "complete", "graph": "complete", "completed_days": 703, "stopped": null}
{"date": "2023-12-05", "phase": "extract", "status": "starting"}
{"date": "2023-12-05", "source": "complete", "count": "complete"}
{"passed": true, "date": "2023-12-05", "count_verified": true}
{"date": "2023-12-05", "source": "complete", "graph": "complete", "completed_days": 704, "stopped": null}
{"date": "2023-12-06", "phase": "extract", "status": "starting"}
{"date": "2023-12-06", "source": "complete", "count": "complete"}
{"passed": true, "date": "2023-12-06", "count_verified": true}
{"date": "2023-12-06", "source": "complete", "graph": "complete", "completed_days": 705, "stopped": null}
{"date": "2023-12-07", "phase": "extract", "status": "starting"}
{"date": "2023-12-07", "source": "complete", "count": "complete"}
{"passed": true, "date": "2023-12-07", "count_verified": true}
{"date": "2023-12-07", "source": "complete", "graph": "complete", "completed_days": 706, "stopped": null}
{"date": "2023-12-08", "phase": "extract", "status": "starting"}
{"date": "2023-12-08", "source": "complete", "count": "complete"}
{"passed": true, "date": "2023-12-08", "count_verified": true}
{"date": "2023-12-08", "source": "complete", "graph": "complete", "completed_days": 707, "stopped": null}
{"date": "2023-12-09", "phase": "extract", "status": "starting"}
{"date": "2023-12-09", "source": "complete", "count": "complete"}
{"passed": true, "date": "2023-12-09", "count_verified": true}
{"date": "2023-12-09", "source": "complete", "graph": "complete", "completed_days": 708, "stopped": null}
{"date": "2023-12-10", "phase": "extract", "status": "starting"}
{"date": "2023-12-10", "source": "complete", "count": "complete"}
{"passed": true, "date": "2023-12-10", "count_verified": true}
{"date": "2023-12-10", "source": "complete", "graph": "complete", "completed_days": 709, "stopped": null}
{"date": "2023-12-11", "phase": "extract", "status": "starting"}
{"date": "2023-12-11", "source": "complete", "count": "complete"}
{"passed": true, "date": "2023-12-11", "count_verified": true}
{"date": "2023-12-11", "source": "complete", "graph": "complete", "completed_days": 710, "stopped": null}
{"date": "2023-12-12", "phase": "extract", "status": "starting"}
{"date": "2023-12-12", "source": "complete", "count": "complete"}
{"passed": true, "date": "2023-12-12", "count_verified": true}
{"date": "2023-12-12", "source": "complete", "graph": "complete", "completed_days": 711, "stopped": null}
{"date": "2023-12-13", "phase": "extract", "status": "starting"}
{"date": "2023-12-13", "source": "complete", "count": "complete"}
{"passed": true, "date": "2023-12-13", "count_verified": true}
{"date": "2023-12-13", "source": "complete", "graph": "complete", "completed_days": 712, "stopped": null}
{"date": "2023-12-14", "phase": "extract", "status": "starting"}
{"date": "2023-12-14", "source": "complete", "count": "complete"}
{"passed": true, "date": "2023-12-14", "count_verified": true}
{"date": "2023-12-14", "source": "complete", "graph": "complete", "completed_days": 713, "stopped": null}
{"date": "2023-12-15", "phase": "extract", "status": "starting"}
{"date": "2023-12-15", "source": "complete", "count": "complete"}
{"passed": true, "date": "2023-12-15", "count_verified": true}
{"date": "2023-12-15", "source": "complete", "graph": "complete", "completed_days": 714, "stopped": null}
{"date": "2023-12-16", "phase": "extract", "status": "starting"}
{"date": "2023-12-16", "source": "complete", "count": "complete"}
{"passed": true, "date": "2023-12-16", "count_verified": true}
{"date": "2023-12-16", "source": "complete", "graph": "complete", "completed_days": 715, "stopped": null}
{"date": "2023-12-17", "phase": "extract", "status": "starting"}
{"date": "2023-12-17", "source": "complete", "count": "complete"}
{"passed": true, "date": "2023-12-17", "count_verified": true}
{"date": "2023-12-17", "source": "complete", "graph": "complete", "completed_days": 716, "stopped": null}
{"date": "2023-12-18", "phase": "extract", "status": "starting"}
{"date": "2023-12-18", "source": "complete", "count": "complete"}
{"passed": true, "date": "2023-12-18", "count_verified": true}
{"date": "2023-12-18", "source": "complete", "graph": "complete", "completed_days": 717, "stopped": null}
{"date": "2023-12-19", "phase": "extract", "status": "starting"}
{"date": "2023-12-19", "source": "complete", "count": "complete"}
{"passed": true, "date": "2023-12-19", "count_verified": true}
{"date": "2023-12-19", "source": "complete", "graph": "complete", "completed_days": 718, "stopped": null}
{"date": "2023-12-20", "phase": "extract", "status": "starting"}
{"date": "2023-12-20", "source": "complete", "count": "complete"}
{"passed": true, "date": "2023-12-20", "count_verified": true}
{"date": "2023-12-20", "source": "complete", "graph": "complete", "completed_days": 719, "stopped": null}
{"date": "2023-12-21", "phase": "extract", "status": "starting"}
{"date": "2023-12-21", "source": "complete", "count": "complete"}
{"passed": true, "date": "2023-12-21", "count_verified": true}
{"date": "2023-12-21", "source": "complete", "graph": "complete", "completed_days": 720, "stopped": null}
{"date": "2023-12-22", "phase": "extract", "status": "starting"}
{"date": "2023-12-22", "source": "complete", "count": "complete"}
{"passed": true, "date": "2023-12-22", "count_verified": true}
{"date": "2023-12-22", "source": "complete", "graph": "complete", "completed_days": 721, "stopped": null}
{"date": "2023-12-23", "phase": "extract", "status": "starting"}
{"date": "2023-12-23", "source": "complete", "count": "complete"}
{"passed": true, "date": "2023-12-23", "count_verified": true}
{"date": "2023-12-23", "source": "complete", "graph": "complete", "completed_days": 722, "stopped": null}
{"date": "2023-12-24", "phase": "extract", "status": "starting"}
{"date": "2023-12-24", "source": "complete", "count": "complete"}
{"passed": true, "date": "2023-12-24", "count_verified": true}
{"date": "2023-12-24", "source": "complete", "graph": "complete", "completed_days": 723, "stopped": null}
{"date": "2023-12-25", "phase": "extract", "status": "starting"}
{"date": "2023-12-25", "source": "complete", "count": "complete"}
{"passed": true, "date": "2023-12-25", "count_verified": true}
{"date": "2023-12-25", "source": "complete", "graph": "complete", "completed_days": 724, "stopped": null}
{"date": "2023-12-26", "phase": "extract", "status": "starting"}
{"date": "2023-12-26", "source": "complete", "count": "complete"}
{"passed": true, "date": "2023-12-26", "count_verified": true}
{"date": "2023-12-26", "source": "complete", "graph": "complete", "completed_days": 725, "stopped": null}
{"date": "2023-12-27", "phase": "extract", "status": "starting"}
{"date": "2023-12-27", "source": "complete", "count": "complete"}
{"passed": true, "date": "2023-12-27", "count_verified": true}
{"date": "2023-12-27", "source": "complete", "graph": "complete", "completed_days": 726, "stopped": null}
{"date": "2023-12-28", "phase": "extract", "status": "starting"}
{"date": "2023-12-28", "source": "complete", "count": "complete"}
{"passed": true, "date": "2023-12-28", "count_verified": true}
{"date": "2023-12-28", "source": "complete", "graph": "complete", "completed_days": 727, "stopped": null}
{"date": "2023-12-29", "phase": "extract", "status": "starting"}
{"date": "2023-12-29", "source": "complete", "count": "complete"}
{"passed": true, "date": "2023-12-29", "count_verified": true}
{"date": "2023-12-29", "source": "complete", "graph": "complete", "completed_days": 728, "stopped": null}
{"date": "2023-12-30", "phase": "extract", "status": "starting"}
{"date": "2023-12-30", "source": "complete", "count": "complete"}
{"passed": true, "date": "2023-12-30", "count_verified": true}
{"date": "2023-12-30", "source": "complete", "graph": "complete", "completed_days": 729, "stopped": null}
{"date": "2023-12-31", "phase": "extract", "status": "starting"}
{"date": "2023-12-31", "source": "complete", "count": "complete"}
{"passed": true, "date": "2023-12-31", "count_verified": true}
{"date": "2023-12-31", "source": "complete", "graph": "complete", "completed_days": 730, "stopped": null}
{"date": "2024-01-01", "phase": "extract", "status": "starting"}
{"date": "2024-01-01", "source": "complete", "count": "complete"}
{"passed": true, "date": "2024-01-01", "count_verified": true}
{"date": "2024-01-01", "source": "complete", "graph": "complete", "completed_days": 731, "stopped": null}
{"date": "2024-01-02", "phase": "extract", "status": "starting"}
{"date": "2024-01-02", "source": "complete", "count": "complete"}
{"passed": true, "date": "2024-01-02", "count_verified": true}
{"date": "2024-01-02", "source": "complete", "graph": "complete", "completed_days": 732, "stopped": null}
{"date": "2024-01-03", "phase": "extract", "status": "starting"}
{"date": "2024-01-03", "source": "complete", "count": "complete"}
{"passed": true, "date": "2024-01-03", "count_verified": true}
{"date": "2024-01-03", "source": "complete", "graph": "complete", "completed_days": 733, "stopped": null}
{"date": "2024-01-04", "phase": "extract", "status": "starting"}
{"date": "2024-01-04", "source": "complete", "count": "complete"}
{"passed": true, "date": "2024-01-04", "count_verified": true}
{"date": "2024-01-04", "source": "complete", "graph": "complete", "completed_days": 734, "stopped": null}
{"date": "2024-01-05", "phase": "extract", "status": "starting"}
{"date": "2024-01-05", "source": "complete", "count": "complete"}
{"passed": true, "date": "2024-01-05", "count_verified": true}
{"date": "2024-01-05", "source": "complete", "graph": "complete", "completed_days": 735, "stopped": null}
{"date": "2024-01-06", "phase": "extract", "status": "starting"}
{"date": "2024-01-06", "source": "complete", "count": "complete"}
{"passed": true, "date": "2024-01-06", "count_verified": true}
{"date": "2024-01-06", "source": "complete", "graph": "complete", "completed_days": 736, "stopped": null}
{"date": "2024-01-07", "phase": "extract", "status": "starting"}
{"date": "2024-01-07", "source": "complete", "count": "complete"}
{"passed": true, "date": "2024-01-07", "count_verified": true}
{"date": "2024-01-07", "source": "complete", "graph": "complete", "completed_days": 737, "stopped": null}
{"date": "2024-01-08", "phase": "extract", "status": "starting"}
{"date": "2024-01-08", "source": "complete", "count": "complete"}
{"passed": true, "date": "2024-01-08", "count_verified": true}
{"date": "2024-01-08", "source": "complete", "graph": "complete", "completed_days": 738, "stopped": null}
{"date": "2024-01-09", "phase": "extract", "status": "starting"}
{"date": "2024-01-09", "source": "complete", "count": "complete"}
{"passed": true, "date": "2024-01-09", "count_verified": true}
{"date": "2024-01-09", "source": "complete", "graph": "complete", "completed_days": 739, "stopped": null}
{"date": "2024-01-10", "phase": "extract", "status": "starting"}
{"date": "2024-01-10", "source": "complete", "count": "complete"}
{"passed": true, "date": "2024-01-10", "count_verified": true}
{"date": "2024-01-10", "source": "complete", "graph": "complete", "completed_days": 740, "stopped": null}
{"date": "2024-01-11", "phase": "extract", "status": "starting"}
{"date": "2024-01-11", "source": "complete", "count": "complete"}
{"passed": true, "date": "2024-01-11", "count_verified": true}
{"date": "2024-01-11", "source": "complete", "graph": "complete", "completed_days": 741, "stopped": null}
{"date": "2024-01-12", "phase": "extract", "status": "starting"}
{"date": "2024-01-12", "source": "complete", "count": "complete"}
{"passed": true, "date": "2024-01-12", "count_verified": true}
{"date": "2024-01-12", "source": "complete", "graph": "complete", "completed_days": 742, "stopped": null}
{"date": "2024-01-13", "phase": "extract", "status": "starting"}
{"date": "2024-01-13", "source": "complete", "count": "complete"}
{"passed": true, "date": "2024-01-13", "count_verified": true}
{"date": "2024-01-13", "source": "complete", "graph": "complete", "completed_days": 743, "stopped": null}
{"date": "2024-01-14", "phase": "extract", "status": "starting"}
{"date": "2024-01-14", "source": "complete", "count": "complete"}
{"passed": true, "date": "2024-01-14", "count_verified": true}
{"date": "2024-01-14", "source": "complete", "graph": "complete", "completed_days": 744, "stopped": null}
{"date": "2024-01-15", "phase": "extract", "status": "starting"}
{"date": "2024-01-15", "source": "complete", "count": "complete"}
{"passed": true, "date": "2024-01-15", "count_verified": true}
{"date": "2024-01-15", "source": "complete", "graph": "complete", "completed_days": 745, "stopped": null}
{"date": "2024-01-16", "phase": "extract", "status": "starting"}
{"date": "2024-01-16", "source": "complete", "count": "complete"}
{"passed": true, "date": "2024-01-16", "count_verified": true}
{"date": "2024-01-16", "source": "complete", "graph": "complete", "completed_days": 746, "stopped": null}
{"date": "2024-01-17", "phase": "extract", "status": "starting"}
{"date": "2024-01-17", "source": "complete", "count": "complete"}
{"passed": true, "date": "2024-01-17", "count_verified": true}
{"date": "2024-01-17", "source": "complete", "graph": "complete", "completed_days": 747, "stopped": null}
{"date": "2024-01-18", "phase": "extract", "status": "starting"}
{"date": "2024-01-18", "source": "complete", "count": "complete"}
{"passed": true, "date": "2024-01-18", "count_verified": true}
{"date": "2024-01-18", "source": "complete", "graph": "complete", "completed_days": 748, "stopped": null}
{"date": "2024-01-19", "phase": "extract", "status": "starting"}
{"date": "2024-01-19", "source": "complete", "count": "complete"}
{"passed": true, "date": "2024-01-19", "count_verified": true}
{"date": "2024-01-19", "source": "complete", "graph": "complete", "completed_days": 749, "stopped": null}
{"date": "2024-01-20", "phase": "extract", "status": "starting"}
{"date": "2024-01-20", "source": "complete", "count": "complete"}
{"passed": true, "date": "2024-01-20", "count_verified": true}
{"date": "2024-01-20", "source": "complete", "graph": "complete", "completed_days": 750, "stopped": null}
{"date": "2024-01-21", "phase": "extract", "status": "starting"}
{"date": "2024-01-21", "source": "complete", "count": "complete"}
{"passed": true, "date": "2024-01-21", "count_verified": true}
{"date": "2024-01-21", "source": "complete", "graph": "complete", "completed_days": 751, "stopped": null}
{"date": "2024-01-22", "phase": "extract", "status": "starting"}
{"date": "2024-01-22", "source": "complete", "count": "complete"}
{"passed": true, "date": "2024-01-22", "count_verified": true}
{"date": "2024-01-22", "source": "complete", "graph": "complete", "completed_days": 752, "stopped": null}
{"date": "2024-01-23", "phase": "extract", "status": "starting"}
{"date": "2024-01-23", "source": "complete", "count": "complete"}
{"passed": true, "date": "2024-01-23", "count_verified": true}
{"date": "2024-01-23", "source": "complete", "graph": "complete", "completed_days": 753, "stopped": null}
{"date": "2024-01-24", "phase": "extract", "status": "starting"}
{"date": "2024-01-24", "source": "complete", "count": "complete"}
{"passed": true, "date": "2024-01-24", "count_verified": true}
{"date": "2024-01-24", "source": "complete", "graph": "complete", "completed_days": 754, "stopped": null}
{"date": "2024-01-25", "phase": "extract", "status": "starting"}
{"date": "2024-01-25", "source": "complete", "count": "complete"}
{"passed": true, "date": "2024-01-25", "count_verified": true}
{"date": "2024-01-25", "source": "complete", "graph": "complete", "completed_days": 755, "stopped": null}
{"date": "2024-01-26", "phase": "extract", "status": "starting"}
{"date": "2024-01-26", "source": "complete", "count": "complete"}
{"passed": true, "date": "2024-01-26", "count_verified": true}
{"date": "2024-01-26", "source": "complete", "graph": "complete", "completed_days": 756, "stopped": null}
{"date": "2024-01-27", "phase": "extract", "status": "starting"}
{"date": "2024-01-27", "source": "complete", "count": "complete"}
{"passed": true, "date": "2024-01-27", "count_verified": true}
{"date": "2024-01-27", "source": "complete", "graph": "complete", "completed_days": 757, "stopped": null}
{"date": "2024-01-28", "phase": "extract", "status": "starting"}
{"date": "2024-01-28", "source": "complete", "count": "complete"}
{"passed": true, "date": "2024-01-28", "count_verified": true}
{"date": "2024-01-28", "source": "complete", "graph": "complete", "completed_days": 758, "stopped": null}
{"date": "2024-01-29", "phase": "extract", "status": "starting"}
{"date": "2024-01-29", "source": "complete", "count": "complete"}
{"passed": true, "date": "2024-01-29", "count_verified": true}
{"date": "2024-01-29", "source": "complete", "graph": "complete", "completed_days": 759, "stopped": null}
{"date": "2024-01-30", "phase": "extract", "status": "starting"}
{"date": "2024-01-30", "source": "complete", "count": "complete"}
{"passed": true, "date": "2024-01-30", "count_verified": true}
{"date": "2024-01-30", "source": "complete", "graph": "complete", "completed_days": 760, "stopped": null}
{"date": "2024-01-31", "phase": "extract", "status": "starting"}
{"date": "2024-01-31", "source": "complete", "count": "complete"}
{"passed": true, "date": "2024-01-31", "count_verified": true}
{"date": "2024-01-31", "source": "complete", "graph": "complete", "completed_days": 761, "stopped": null}
{"date": "2024-02-01", "phase": "extract", "status": "starting"}
{"date": "2024-02-01", "source": "complete", "count": "complete"}
{"passed": true, "date": "2024-02-01", "count_verified": true}
{"date": "2024-02-01", "source": "complete", "graph": "complete", "completed_days": 762, "stopped": null}
{"date": "2024-02-02", "phase": "extract", "status": "starting"}
{"date": "2024-02-02", "source": "complete", "count": "complete"}
{"passed": true, "date": "2024-02-02", "count_verified": true}
{"date": "2024-02-02", "source": "complete", "graph": "complete", "completed_days": 763, "stopped": null}
{"date": "2024-02-03", "phase": "extract", "status": "starting"}
{"date": "2024-02-03", "source": "complete", "count": "complete"}
{"passed": true, "date": "2024-02-03", "count_verified": true}
{"date": "2024-02-03", "source": "complete", "graph": "complete", "completed_days": 764, "stopped": null}
{"date": "2024-02-04", "phase": "extract", "status": "starting"}
{"date": "2024-02-04", "source": "complete", "count": "complete"}
{"passed": true, "date": "2024-02-04", "count_verified": true}
{"date": "2024-02-04", "source": "complete", "graph": "complete", "completed_days": 765, "stopped": null}
{"date": "2024-02-05", "phase": "extract", "status": "starting"}
{"date": "2024-02-05", "source": "complete", "count": "complete"}
{"passed": true, "date": "2024-02-05", "count_verified": true}
{"date": "2024-02-05", "source": "complete", "graph": "complete", "completed_days": 766, "stopped": null}
{"date": "2024-02-06", "phase": "extract", "status": "starting"}
{"date": "2024-02-06", "source": "complete", "count": "complete"}
{"passed": true, "date": "2024-02-06", "count_verified": true}
{"date": "2024-02-06", "source": "complete", "graph": "complete", "completed_days": 767, "stopped": null}
{"date": "2024-02-07", "phase": "extract", "status": "starting"}
{"date": "2024-02-07", "source": "complete", "count": "complete"}
{"passed": true, "date": "2024-02-07", "count_verified": true}
{"date": "2024-02-07", "source": "complete", "graph": "complete", "completed_days": 768, "stopped": null}
{"date": "2024-02-08", "phase": "extract", "status": "starting"}
{"date": "2024-02-08", "source": "complete", "count": "complete"}
{"passed": true, "date": "2024-02-08", "count_verified": true}
{"date": "2024-02-08", "source": "complete", "graph": "complete", "completed_days": 769, "stopped": null}
{"date": "2024-02-09", "phase": "extract", "status": "starting"}
{"date": "2024-02-09", "source": "complete", "count": "complete"}
{"passed": true, "date": "2024-02-09", "count_verified": true}
{"date": "2024-02-09", "source": "complete", "graph": "complete", "completed_days": 770, "stopped": null}
{"date": "2024-02-10", "phase": "extract", "status": "starting"}
{"date": "2024-02-10", "source": "complete", "count": "complete"}
{"passed": true, "date": "2024-02-10", "count_verified": true}
{"date": "2024-02-10", "source": "complete", "graph": "complete", "completed_days": 771, "stopped": null}
{"date": "2024-02-11", "phase": "extract", "status": "starting"}
{"date": "2024-02-11", "source": "complete", "count": "complete"}
{"passed": true, "date": "2024-02-11", "count_verified": true}
{"date": "2024-02-11", "source": "complete", "graph": "complete", "completed_days": 772, "stopped": null}
{"date": "2024-02-12", "phase": "extract", "status": "starting"}
{"date": "2024-02-12", "source": "complete", "count": "complete"}
{"passed": true, "date": "2024-02-12", "count_verified": true}
{"date": "2024-02-12", "source": "complete", "graph": "complete", "completed_days": 773, "stopped": null}
{"date": "2024-02-13", "phase": "extract", "status": "starting"}
{"date": "2024-02-13", "source": "complete", "count": "complete"}
{"passed": true, "date": "2024-02-13", "count_verified": true}
{"date": "2024-02-13", "source": "complete", "graph": "complete", "completed_days": 774, "stopped": null}
{"date": "2024-02-14", "phase": "extract", "status": "starting"}
{"date": "2024-02-14", "source": "complete", "count": "complete"}
{"passed": true, "date": "2024-02-14", "count_verified": true}
{"date": "2024-02-14", "source": "complete", "graph": "complete", "completed_days": 775, "stopped": null}
{"date": "2024-02-15", "phase": "extract", "status": "starting"}
{"date": "2024-02-15", "source": "complete", "count": "complete"}
{"passed": true, "date": "2024-02-15", "count_verified": true}
{"date": "2024-02-15", "source": "complete", "graph": "complete", "completed_days": 776, "stopped": null}
{"date": "2024-02-16", "phase": "extract", "status": "starting"}
{"date": "2024-02-16", "source": "complete", "count": "complete"}
{"passed": true, "date": "2024-02-16", "count_verified": true}
{"date": "2024-02-16", "source": "complete", "graph": "complete", "completed_days": 777, "stopped": null}
{"date": "2024-02-17", "phase": "extract", "status": "starting"}
{"date": "2024-02-17", "source": "complete", "count": "complete"}
{"passed": true, "date": "2024-02-17", "count_verified": true}
{"date": "2024-02-17", "source": "complete", "graph": "complete", "completed_days": 778, "stopped": null}
{"date": "2024-02-18", "phase": "extract", "status": "starting"}
{"date": "2024-02-18", "source": "complete", "count": "complete"}
{"passed": true, "date": "2024-02-18", "count_verified": true}
{"date": "2024-02-18", "source": "complete", "graph": "complete", "completed_days": 779, "stopped": null}
{"date": "2024-02-19", "phase": "extract", "status": "starting"}
{"date": "2024-02-19", "source": "complete", "count": "complete"}
{"passed": true, "date": "2024-02-19", "count_verified": true}
{"date": "2024-02-19", "source": "complete", "graph": "complete", "completed_days": 780, "stopped": null}
{"date": "2024-02-20", "phase": "extract", "status": "starting"}
{"date": "2024-02-20", "source": "complete", "count": "complete"}
{"passed": true, "date": "2024-02-20", "count_verified": true}
{"date": "2024-02-20", "source": "complete", "graph": "complete", "completed_days": 781, "stopped": null}
{"date": "2024-02-21", "phase": "extract", "status": "starting"}
{"date": "2024-02-21", "source": "complete", "count": "complete"}
{"passed": true, "date": "2024-02-21", "count_verified": true}
{"date": "2024-02-21", "source": "complete", "graph": "complete", "completed_days": 782, "stopped": null}
{"date": "2024-02-22", "phase": "extract", "status": "starting"}
{"date": "2024-02-22", "source": "complete", "count": "complete"}
{"passed": true, "date": "2024-02-22", "count_verified": true}
{"date": "2024-02-22", "source": "complete", "graph": "complete", "completed_days": 783, "stopped": null}
{"date": "2024-02-23", "phase": "extract", "status": "starting"}
{"date": "2024-02-23", "source": "complete", "count": "complete"}
{"passed": true, "date": "2024-02-23", "count_verified": true}
{"date": "2024-02-23", "source": "complete", "graph": "complete", "completed_days": 784, "stopped": null}
{"date": "2024-02-24", "phase": "extract", "status": "starting"}
{"date": "2024-02-24", "source": "complete", "count": "complete"}
{"passed": true, "date": "2024-02-24", "count_verified": true}
{"date": "2024-02-24", "source": "complete", "graph": "complete", "completed_days": 785, "stopped": null}
{"date": "2024-02-25", "phase": "extract", "status": "starting"}
{"date": "2024-02-25", "source": "complete", "count": "complete"}
{"passed": true, "date": "2024-02-25", "count_verified": true}
{"date": "2024-02-25", "source": "complete", "graph": "complete", "completed_days": 786, "stopped": null}
{"date": "2024-02-26", "phase": "extract", "status": "starting"}
{"date": "2024-02-26", "source": "complete", "count": "complete"}
{"passed": true, "date": "2024-02-26", "count_verified": true}
{"date": "2024-02-26", "source": "complete", "graph": "complete", "completed_days": 787, "stopped": null}
{"date": "2024-02-27", "phase": "extract", "status": "starting"}
{"date": "2024-02-27", "source": "complete", "count": "complete"}
{"passed": true, "date": "2024-02-27", "count_verified": true}
{"date": "2024-02-27", "source": "complete", "graph": "complete", "completed_days": 788, "stopped": null}
{"date": "2024-02-28", "phase": "extract", "status": "starting"}
{"date": "2024-02-28", "source": "complete", "count": "complete"}
{"passed": true, "date": "2024-02-28", "count_verified": true}
{"date": "2024-02-28", "source": "complete", "graph": "complete", "completed_days": 789, "stopped": null}
{"date": "2024-02-29", "phase": "extract", "status": "starting"}
{"date": "2024-02-29", "source": "complete", "count": "complete"}
{"passed": true, "date": "2024-02-29", "count_verified": true}
{"date": "2024-02-29", "source": "complete", "graph": "complete", "completed_days": 790, "stopped": null}
{"date": "2024-03-01", "phase": "extract", "status": "starting"}
{"date": "2024-03-01", "source": "complete", "count": "complete"}
{"passed": true, "date": "2024-03-01", "count_verified": true}
{"date": "2024-03-01", "source": "complete", "graph": "complete", "completed_days": 791, "stopped": null}
{"date": "2024-03-02", "phase": "extract", "status": "starting"}
{"date": "2024-03-02", "source": "complete", "count": "complete"}
{"passed": true, "date": "2024-03-02", "count_verified": true}
{"date": "2024-03-02", "source": "complete", "graph": "complete", "completed_days": 792, "stopped": null}
{"date": "2024-03-03", "phase": "extract", "status": "starting"}
{"date": "2024-03-03", "source": "complete", "count": "complete"}
{"passed": true, "date": "2024-03-03", "count_verified": true}
{"date": "2024-03-03", "source": "complete", "graph": "complete", "completed_days": 793, "stopped": null}
{"date": "2024-03-04", "phase": "extract", "status": "starting"}
{"date": "2024-03-04", "source": "complete", "count": "complete"}
{"passed": true, "date": "2024-03-04", "count_verified": true}
{"date": "2024-03-04", "source": "complete", "graph": "complete", "completed_days": 794, "stopped": null}
{"date": "2024-03-05", "phase": "extract", "status": "starting"}
{"date": "2024-03-05", "source": "complete", "count": "complete"}
{"passed": true, "date": "2024-03-05", "count_verified": true}
{"date": "2024-03-05", "source": "complete", "graph": "complete", "completed_days": 795, "stopped": null}
{"date": "2024-03-06", "phase": "extract", "status": "starting"}
{"date": "2024-03-06", "source": "complete", "count": "complete"}
{"passed": true, "date": "2024-03-06", "count_verified": true}
{"date": "2024-03-06", "source": "complete", "graph": "complete", "completed_days": 796, "stopped": null}
{"date": "2024-03-07", "phase": "extract", "status": "starting"}
{"date": "2024-03-07", "source": "complete", "count": "complete"}
{"passed": true, "date": "2024-03-07", "count_verified": true}
{"date": "2024-03-07", "source": "complete", "graph": "complete", "completed_days": 797, "stopped": null}
{"date": "2024-03-08", "phase": "extract", "status": "starting"}
{"date": "2024-03-08", "source": "complete", "count": "complete"}
{"passed": true, "date": "2024-03-08", "count_verified": true}
{"date": "2024-03-08", "source": "complete", "graph": "complete", "completed_days": 798, "stopped": null}
{"date": "2024-03-09", "phase": "extract", "status": "starting"}
{"date": "2024-03-09", "source": "complete", "count": "complete"}
{"passed": true, "date": "2024-03-09", "count_verified": true}
{"date": "2024-03-09", "source": "complete", "graph": "complete", "completed_days": 799, "stopped": null}
{"date": "2024-03-10", "phase": "extract", "status": "starting"}
{"date": "2024-03-10", "source": "complete", "count": "complete"}
{"passed": true, "date": "2024-03-10", "count_verified": true}
{"date": "2024-03-10", "source": "complete", "graph": "complete", "completed_days": 800, "stopped": null}
{"date": "2024-03-11", "phase": "extract", "status": "starting"}
{"date": "2024-03-11", "source": "complete", "count": "complete"}
{"passed": true, "date": "2024-03-11", "count_verified": true}
{"date": "2024-03-11", "source": "complete", "graph": "complete", "completed_days": 801, "stopped": null}
{"date": "2024-03-12", "phase": "extract", "status": "starting"}
{"date": "2024-03-12", "source": "complete", "count": "complete"}
{"passed": true, "date": "2024-03-12", "count_verified": true}
{"date": "2024-03-12", "source": "complete", "graph": "complete", "completed_days": 802, "stopped": null}
{"date": "2024-03-13", "phase": "extract", "status": "starting"}
{"date": "2024-03-13", "source": "complete", "count": "complete"}
{"passed": true, "date": "2024-03-13", "count_verified": true}
{"date": "2024-03-13", "source": "complete", "graph": "complete", "completed_days": 803, "stopped": null}
{"date": "2024-03-14", "phase": "extract", "status": "starting"}
{"date": "2024-03-14", "source": "complete", "count": "complete"}
{"passed": true, "date": "2024-03-14", "count_verified": true}
{"date": "2024-03-14", "source": "complete", "graph": "complete", "completed_days": 804, "stopped": null}
{"date": "2024-03-15", "phase": "extract", "status": "starting"}
{"date": "2024-03-15", "source": "complete", "count": "complete"}
{"passed": true, "date": "2024-03-15", "count_verified": true}
{"date": "2024-03-15", "source": "complete", "graph": "complete", "completed_days": 805, "stopped": null}
{"date": "2024-03-16", "phase": "extract", "status": "starting"}
{"date": "2024-03-16", "source": "complete", "count": "complete"}
{"passed": true, "date": "2024-03-16", "count_verified": true}
{"date": "2024-03-16", "source": "complete", "graph": "complete", "completed_days": 806, "stopped": null}
{"date": "2024-03-17", "phase": "extract", "status": "starting"}
{"date": "2024-03-17", "source": "complete", "count": "complete"}
{"passed": true, "date": "2024-03-17", "count_verified": true}
{"date": "2024-03-17", "source": "complete", "graph": "complete", "completed_days": 807, "stopped": null}
{"date": "2024-03-18", "phase": "extract", "status": "starting"}
{"date": "2024-03-18", "source": "complete", "count": "complete"}
{"passed": true, "date": "2024-03-18", "count_verified": true}
{"date": "2024-03-18", "source": "complete", "graph": "complete", "completed_days": 808, "stopped": null}
{"date": "2024-03-19", "phase": "extract", "status": "starting"}
{"date": "2024-03-19", "source": "complete", "count": "complete"}
{"passed": true, "date": "2024-03-19", "count_verified": true}
{"date": "2024-03-19", "source": "complete", "graph": "complete", "completed_days": 809, "stopped": null}
{"date": "2024-03-20", "phase": "extract", "status": "starting"}
{"date": "2024-03-20", "source": "complete", "count": "complete"}
{"passed": true, "date": "2024-03-20", "count_verified": true}
{"date": "2024-03-20", "source": "complete", "graph": "complete", "completed_days": 810, "stopped": null}
{"date": "2024-03-21", "phase": "extract", "status": "starting"}
{"date": "2024-03-21", "source": "complete", "count": "complete"}
{"passed": true, "date": "2024-03-21", "count_verified": true}
{"date": "2024-03-21", "source": "complete", "graph": "complete", "completed_days": 811, "stopped": null}
{"date": "2024-03-22", "phase": "extract", "status": "starting"}
{"date": "2024-03-22", "source": "complete", "count": "complete"}
{"passed": true, "date": "2024-03-22", "count_verified": true}
{"date": "2024-03-22", "source": "complete", "graph": "complete", "completed_days": 812, "stopped": null}
{"date": "2024-03-23", "phase": "extract", "status": "starting"}
{"date": "2024-03-23", "source": "complete", "count": "complete"}
{"passed": true, "date": "2024-03-23", "count_verified": true}
{"date": "2024-03-23", "source": "complete", "graph": "complete", "completed_days": 813, "stopped": null}
{"date": "2024-03-24", "phase": "extract", "status": "starting"}
{"date": "2024-03-24", "source": "complete", "count": "complete"}
{"passed": true, "date": "2024-03-24", "count_verified": true}
{"date": "2024-03-24", "source": "complete", "graph": "complete", "completed_days": 814, "stopped": null}
{"date": "2024-03-25", "phase": "extract", "status": "starting"}
{"date": "2024-03-25", "source": "complete", "count": "complete"}
{"passed": true, "date": "2024-03-25", "count_verified": true}
{"date": "2024-03-25", "source": "complete", "graph": "complete", "completed_days": 815, "stopped": null}
{"date": "2024-03-26", "phase": "extract", "status": "starting"}
{"date": "2024-03-26", "source": "complete", "count": "complete"}
{"passed": true, "date": "2024-03-26", "count_verified": true}
{"date": "2024-03-26", "source": "complete", "graph": "complete", "completed_days": 816, "stopped": null}
{"date": "2024-03-27", "phase": "extract", "status": "starting"}
{"date": "2024-03-27", "source": "complete", "count": "complete"}
{"passed": true, "date": "2024-03-27", "count_verified": true}
{"date": "2024-03-27", "source": "complete", "graph": "complete", "completed_days": 817, "stopped": null}
{"date": "2024-03-28", "phase": "extract", "status": "starting"}
{"date": "2024-03-28", "source": "complete", "count": "complete"}
{"passed": true, "date": "2024-03-28", "count_verified": true}
{"date": "2024-03-28", "source": "complete", "graph": "complete", "completed_days": 818, "stopped": null}
{"date": "2024-03-29", "phase": "extract", "status": "starting"}
{"date": "2024-03-29", "source": "complete", "count": "complete"}
{"passed": true, "date": "2024-03-29", "count_verified": true}
{"date": "2024-03-29", "source": "complete", "graph": "complete", "completed_days": 819, "stopped": null}
{"date": "2024-03-30", "phase": "extract", "status": "starting"}
{"date": "2024-03-30", "source": "complete", "count": "complete"}
{"passed": true, "date": "2024-03-30", "count_verified": true}
{"date": "2024-03-30", "source": "complete", "graph": "complete", "completed_days": 820, "stopped": null}
{"date": "2024-03-31", "phase": "extract", "status": "starting"}
{"date": "2024-03-31", "source": "complete", "count": "complete"}
{"passed": true, "date": "2024-03-31", "count_verified": true}
{"date": "2024-03-31", "source": "complete", "graph": "complete", "completed_days": 821, "stopped": null}
{"date": "2024-04-01", "phase": "extract", "status": "starting"}
{"date": "2024-04-01", "source": "complete", "count": "complete"}
{"passed": true, "date": "2024-04-01", "count_verified": true}
{"date": "2024-04-01", "source": "complete", "graph": "complete", "completed_days": 822, "stopped": null}
{"date": "2024-04-02", "phase": "extract", "status": "starting"}
{"date": "2024-04-02", "source": "complete", "count": "complete"}
{"passed": true, "date": "2024-04-02", "count_verified": true}
{"date": "2024-04-02", "source": "complete", "graph": "complete", "completed_days": 823, "stopped": null}
{"date": "2024-04-03", "phase": "extract", "status": "starting"}
{"date": "2024-04-03", "source": "complete", "count": "complete"}
{"passed": true, "date": "2024-04-03", "count_verified": true}
{"date": "2024-04-03", "source": "complete", "graph": "complete", "completed_days": 824, "stopped": null}
{"date": "2024-04-04", "phase": "extract", "status": "starting"}
{"date": "2024-04-04", "source": "complete", "count": "complete"}
{"passed": true, "date": "2024-04-04", "count_verified": true}
{"date": "2024-04-04", "source": "complete", "graph": "complete", "completed_days": 825, "stopped": null}
{"date": "2024-04-05", "phase": "extract", "status": "starting"}
{"date": "2024-04-05", "source": "complete", "count": "complete"}
{"passed": true, "date": "2024-04-05", "count_verified": true}
{"date": "2024-04-05", "source": "complete", "graph": "complete", "completed_days": 826, "stopped": null}
{"date": "2024-04-06", "phase": "extract", "status": "starting"}
{"date": "2024-04-06", "source": "complete", "count": "complete"}
{"passed": true, "date": "2024-04-06", "count_verified": true}
{"date": "2024-04-06", "source": "complete", "graph": "complete", "completed_days": 827, "stopped": null}
{"date": "2024-04-07", "phase": "extract", "status": "starting"}
{"date": "2024-04-07", "source": "complete", "count": "complete"}
{"passed": true, "date": "2024-04-07", "count_verified": true}
{"date": "2024-04-07", "source": "complete", "graph": "complete", "completed_days": 828, "stopped": null}
{"date": "2024-04-08", "phase": "extract", "status": "starting"}
{"date": "2024-04-08", "source": "complete", "count": "complete"}
{"passed": true, "date": "2024-04-08", "count_verified": true}
{"date": "2024-04-08", "source": "complete", "graph": "complete", "completed_days": 829, "stopped": null}
{"date": "2024-04-09", "phase": "extract", "status": "starting"}
{"date": "2024-04-09", "source": "complete", "count": "complete"}
{"passed": true, "date": "2024-04-09", "count_verified": true}
{"date": "2024-04-09", "source": "complete", "graph": "complete", "completed_days": 830, "stopped": null}
{"date": "2024-04-10", "phase": "extract", "status": "starting"}
{"date": "2024-04-10", "source": "complete", "count": "complete"}
{"passed": true, "date": "2024-04-10", "count_verified": true}
{"date": "2024-04-10", "source": "complete", "graph": "complete", "completed_days": 831, "stopped": null}
{"date": "2024-04-11", "phase": "extract", "status": "starting"}
{"date": "2024-04-11", "source": "complete", "count": "complete"}
{"passed": true, "date": "2024-04-11", "count_verified": true}
{"date": "2024-04-11", "source": "complete", "graph": "complete", "completed_days": 832, "stopped": null}
{"date": "2024-04-12", "phase": "extract", "status": "starting"}
{"date": "2024-04-12", "source": "complete", "count": "complete"}
{"passed": true, "date": "2024-04-12", "count_verified": true}
{"date": "2024-04-12", "source": "complete", "graph": "complete", "completed_days": 833, "stopped": null}
{"date": "2024-04-13", "phase": "extract", "status": "starting"}
{"date": "2024-04-13", "source": "complete", "count": "complete"}
{"passed": true, "date": "2024-04-13", "count_verified": true}
{"date": "2024-04-13", "source": "complete", "graph": "complete", "completed_days": 834, "stopped": null}
{"date": "2024-04-14", "phase": "extract", "status": "starting"}
{"date": "2024-04-14", "source": "complete", "count": "complete"}
{"passed": true, "date": "2024-04-14", "count_verified": true}
{"date": "2024-04-14", "source": "complete", "graph": "complete", "completed_days": 835, "stopped": null}
{"date": "2024-04-15", "phase": "extract", "status": "starting"}
{"date": "2024-04-15", "source": "complete", "count": "complete"}
{"passed": true, "date": "2024-04-15", "count_verified": true}
{"date": "2024-04-15", "source": "complete", "graph": "complete", "completed_days": 836, "stopped": null}
{"date": "2024-04-16", "phase": "extract", "status": "starting"}
{"date": "2024-04-16", "source": "complete", "count": "complete"}
{"passed": true, "date": "2024-04-16", "count_verified": true}
{"date": "2024-04-16", "source": "complete", "graph": "complete", "completed_days": 837, "stopped": null}
{"date": "2024-04-17", "phase": "extract", "status": "starting"}
{"date": "2024-04-17", "source": "complete", "count": "complete"}
{"passed": true, "date": "2024-04-17", "count_verified": true}
{"date": "2024-04-17", "source": "complete", "graph": "complete", "completed_days": 838, "stopped": null}
{"date": "2024-04-18", "phase": "extract", "status": "starting"}
{"date": "2024-04-18", "source": "complete", "count": "complete"}
{"passed": true, "date": "2024-04-18", "count_verified": true}
{"date": "2024-04-18", "source": "complete", "graph": "complete", "completed_days": 839, "stopped": null}
{"date": "2024-04-19", "phase": "extract", "status": "starting"}
{"date": "2024-04-19", "source": "complete", "count": "complete"}
{"passed": true, "date": "2024-04-19", "count_verified": true}
{"date": "2024-04-19", "source": "complete", "graph": "complete", "completed_days": 840, "stopped": null}
{"date": "2024-04-20", "phase": "extract", "status": "starting"}
{"date": "2024-04-20", "source": "complete", "count": "complete"}
{"passed": true, "date": "2024-04-20", "count_verified": true}
{"date": "2024-04-20", "source": "complete", "graph": "complete", "completed_days": 841, "stopped": null}
{"date": "2024-04-21", "phase": "extract", "status": "starting"}
{"date": "2024-04-21", "source": "complete", "count": "complete"}
{"passed": true, "date": "2024-04-21", "count_verified": true}
{"date": "2024-04-21", "source": "complete", "graph": "complete", "completed_days": 842, "stopped": null}
{"date": "2024-04-22", "phase": "extract", "status": "starting"}
{"date": "2024-04-22", "source": "complete", "count": "complete"}
{"passed": true, "date": "2024-04-22", "count_verified": true}
{"date": "2024-04-22", "source": "complete", "graph": "complete", "completed_days": 843, "stopped": null}
{"date": "2024-04-23", "phase": "extract", "status": "starting"}
{"date": "2024-04-23", "source": "complete", "count": "complete"}
{"passed": true, "date": "2024-04-23", "count_verified": true}
{"date": "2024-04-23", "source": "complete", "graph": "complete", "completed_days": 844, "stopped": null}
{"date": "2024-04-24", "phase": "extract", "status": "starting"}
{"date": "2024-04-24", "source": "complete", "count": "complete"}
{"passed": true, "date": "2024-04-24", "count_verified": true}
{"date": "2024-04-24", "source": "complete", "graph": "complete", "completed_days": 845, "stopped": null}
{"date": "2024-04-25", "phase": "extract", "status": "starting"}
{"date": "2024-04-25", "source": "complete", "count": "complete"}
{"passed": true, "date": "2024-04-25", "count_verified": true}
{"date": "2024-04-25", "source": "complete", "graph": "complete", "completed_days": 846, "stopped": null}
{"date": "2024-04-26", "phase": "extract", "status": "starting"}
{"date": "2024-04-26", "source": "complete", "count": "complete"}
{"passed": true, "date": "2024-04-26", "count_verified": true}
{"date": "2024-04-26", "source": "complete", "graph": "complete", "completed_days": 847, "stopped": null}
{"date": "2024-04-27", "phase": "extract", "status": "starting"}
{"date": "2024-04-27", "source": "complete", "count": "complete"}
{"passed": true, "date": "2024-04-27", "count_verified": true}
{"date": "2024-04-27", "source": "complete", "graph": "complete", "completed_days": 848, "stopped": null}
{"date": "2024-04-28", "phase": "extract", "status": "starting"}
{"date": "2024-04-28", "source": "complete", "count": "complete"}
{"passed": true, "date": "2024-04-28", "count_verified": true}
{"date": "2024-04-28", "source": "complete", "graph": "complete", "completed_days": 849, "stopped": null}
{"date": "2024-04-29", "phase": "extract", "status": "starting"}
{"date": "2024-04-29", "source": "complete", "count": "complete"}
{"passed": true, "date": "2024-04-29", "count_verified": true}
{"date": "2024-04-29", "source": "complete", "graph": "complete", "completed_days": 850, "stopped": null}
{"date": "2024-04-30", "phase": "extract", "status": "starting"}
{"date": "2024-04-30", "source": "complete", "count": "complete"}
{"passed": true, "date": "2024-04-30", "count_verified": true}
{"date": "2024-04-30", "source": "complete", "graph": "complete", "completed_days": 851, "stopped": null}
{"date": "2024-05-01", "phase": "extract", "status": "starting"}
{"date": "2024-05-01", "source": "complete", "count": "complete"}
{"passed": true, "date": "2024-05-01", "count_verified": true}
{"date": "2024-05-01", "source": "complete", "graph": "complete", "completed_days": 852, "stopped": null}
{"date": "2024-05-02", "phase": "extract", "status": "starting"}
{"date": "2024-05-02", "source": "complete", "count": "complete"}
{"passed": true, "date": "2024-05-02", "count_verified": true}
{"date": "2024-05-02", "source": "complete", "graph": "complete", "completed_days": 853, "stopped": null}
{"date": "2024-05-03", "phase": "extract", "status": "starting"}
{"date": "2024-05-03", "source": "complete", "count": "complete"}
{"passed": true, "date": "2024-05-03", "count_verified": true}
{"date": "2024-05-03", "source": "complete", "graph": "complete", "completed_days": 854, "stopped": null}
{"date": "2024-05-04", "phase": "extract", "status": "starting"}
{"date": "2024-05-04", "source": "complete", "count": "complete"}
{"passed": true, "date": "2024-05-04", "count_verified": true}
{"date": "2024-05-04", "source": "complete", "graph": "complete", "completed_days": 855, "stopped": null}
{"date": "2024-05-05", "phase": "extract", "status": "starting"}
{"date": "2024-05-05", "source": "complete", "count": "complete"}
{"passed": true, "date": "2024-05-05", "count_verified": true}
{"date": "2024-05-05", "source": "complete", "graph": "complete", "completed_days": 856, "stopped": null}
{"date": "2024-05-06", "phase": "extract", "status": "starting"}
{"date": "2024-05-06", "source": "complete", "count": "complete"}
{"passed": true, "date": "2024-05-06", "count_verified": true}
{"date": "2024-05-06", "source": "complete", "graph": "complete", "completed_days": 857, "stopped": null}
{"date": "2024-05-07", "phase": "extract", "status": "starting"}
{"date": "2024-05-07", "source": "complete", "count": "complete"}
{"passed": true, "date": "2024-05-07", "count_verified": true}
{"date": "2024-05-07", "source": "complete", "graph": "complete", "completed_days": 858, "stopped": null}
{"date": "2024-05-08", "phase": "extract", "status": "starting"}
{"date": "2024-05-08", "source": "complete", "count": "complete"}
{"passed": true, "date": "2024-05-08", "count_verified": true}
{"date": "2024-05-08", "source": "complete", "graph": "complete", "completed_days": 859, "stopped": null}
{"date": "2024-05-09", "phase": "extract", "status": "starting"}
{"date": "2024-05-09", "source": "complete", "count": "complete"}
{"passed": true, "date": "2024-05-09", "count_verified": true}
{"date": "2024-05-09", "source": "complete", "graph": "complete", "completed_days": 860, "stopped": null}
{"date": "2024-05-10", "phase": "extract", "status": "starting"}
{"date": "2024-05-10", "source": "complete", "count": "complete"}
{"passed": true, "date": "2024-05-10", "count_verified": true}
{"date": "2024-05-10", "source": "complete", "graph": "complete", "completed_days": 861, "stopped": null}
{"date": "2024-05-11", "phase": "extract", "status": "starting"}
{"date": "2024-05-11", "source": "complete", "count": "complete"}
{"passed": true, "date": "2024-05-11", "count_verified": true}
{"date": "2024-05-11", "source": "complete", "graph": "complete", "completed_days": 862, "stopped": null}
{"date": "2024-05-12", "phase": "extract", "status": "starting"}
{"date": "2024-05-12", "source": "complete", "count": "complete"}
{"passed": true, "date": "2024-05-12", "count_verified": true}
{"date": "2024-05-12", "source": "complete", "graph": "complete", "completed_days": 863, "stopped": null}
{"date": "2024-05-13", "phase": "extract", "status": "starting"}
{"date": "2024-05-13", "source": "complete", "count": "complete"}
{"passed": true, "date": "2024-05-13", "count_verified": true}
{"date": "2024-05-13", "source": "complete", "graph": "complete", "completed_days": 864, "stopped": null}
{"date": "2024-05-14", "phase": "extract", "status": "starting"}
{"date": "2024-05-14", "source": "complete", "count": "complete"}
{"passed": true, "date": "2024-05-14", "count_verified": true}
{"date": "2024-05-14", "source": "complete", "graph": "complete", "completed_days": 865, "stopped": null}
{"date": "2024-05-15", "phase": "extract", "status": "starting"}
{"date": "2024-05-15", "source": "complete", "count": "complete"}
{"passed": true, "date": "2024-05-15", "count_verified": true}
{"date": "2024-05-15", "source": "complete", "graph": "complete", "completed_days": 866, "stopped": null}
{"date": "2024-05-16", "phase": "extract", "status": "starting"}
{"date": "2024-05-16", "source": "complete", "count": "complete"}
{"passed": true, "date": "2024-05-16", "count_verified": true}
{"date": "2024-05-16", "source": "complete", "graph": "complete", "completed_days": 867, "stopped": null}
{"date": "2024-05-17", "phase": "extract", "status": "starting"}
{"date": "2024-05-17", "source": "complete", "count": "complete"}
{"passed": true, "date": "2024-05-17", "count_verified": true}
{"date": "2024-05-17", "source": "complete", "graph": "complete", "completed_days": 868, "stopped": null}
{"date": "2024-05-18", "phase": "extract", "status": "starting"}
{"date": "2024-05-18", "source": "complete", "count": "complete"}
{"passed": true, "date": "2024-05-18", "count_verified": true}
{"date": "2024-05-18", "source": "complete", "graph": "complete", "completed_days": 869, "stopped": null}
{"date": "2024-05-19", "phase": "extract", "status": "starting"}
{"date": "2024-05-19", "source": "complete", "count": "complete"}
{"passed": true, "date": "2024-05-19", "count_verified": true}
{"date": "2024-05-19", "source": "complete", "graph": "complete", "completed_days": 870, "stopped": null}
{"date": "2024-05-20", "phase": "extract", "status": "starting"}
{"date": "2024-05-20", "source": "complete", "count": "complete"}
{"passed": true, "date": "2024-05-20", "count_verified": true}
{"date": "2024-05-20", "source": "complete", "graph": "complete", "completed_days": 871, "stopped": null}
{"date": "2024-05-21", "phase": "extract", "status": "starting"}
{"date": "2024-05-21", "source": "complete", "count": "complete"}
{"passed": true, "date": "2024-05-21", "count_verified": true}
{"date": "2024-05-21", "source": "complete", "graph": "complete", "completed_days": 872, "stopped": null}
{"date": "2024-05-22", "phase": "extract", "status": "starting"}
{"date": "2024-05-22", "source": "complete", "count": "complete"}
{"passed": true, "date": "2024-05-22", "count_verified": true}
{"date": "2024-05-22", "source": "complete", "graph": "complete", "completed_days": 873, "stopped": null}
{"date": "2024-05-23", "phase": "extract", "status": "starting"}
{"date": "2024-05-23", "source": "complete", "count": "complete"}
{"passed": true, "date": "2024-05-23", "count_verified": true}
{"date": "2024-05-23", "source": "complete", "graph": "complete", "completed_days": 874, "stopped": null}
{"date": "2024-05-24", "phase": "extract", "status": "starting"}
{"date": "2024-05-24", "source": "complete", "count": "complete"}
{"passed": true, "date": "2024-05-24", "count_verified": true}
{"date": "2024-05-24", "source": "complete", "graph": "complete", "completed_days": 875, "stopped": null}
{"date": "2024-05-25", "phase": "extract", "status": "starting"}
{"date": "2024-05-25", "source": "complete", "count": "complete"}
{"passed": true, "date": "2024-05-25", "count_verified": true}
{"date": "2024-05-25", "source": "complete", "graph": "complete", "completed_days": 876, "stopped": null}
{"date": "2024-05-26", "phase": "extract", "status": "starting"}
{"date": "2024-05-26", "source": "complete", "count": "complete"}
{"passed": true, "date": "2024-05-26", "count_verified": true}
{"date": "2024-05-26", "source": "complete", "graph": "complete", "completed_days": 877, "stopped": null}
{"date": "2024-05-27", "phase": "extract", "status": "starting"}
{"date": "2024-05-27", "source": "complete", "count": "complete"}
{"passed": true, "date": "2024-05-27", "count_verified": true}
{"date": "2024-05-27", "source": "complete", "graph": "complete", "completed_days": 878, "stopped": null}
{"date": "2024-05-28", "phase": "extract", "status": "starting"}
{"date": "2024-05-28", "source": "complete", "count": "complete"}
{"passed": true, "date": "2024-05-28", "count_verified": true}
{"date": "2024-05-28", "source": "complete", "graph": "complete", "completed_days": 879, "stopped": null}
{"date": "2024-05-29", "phase": "extract", "status": "starting"}
{"date": "2024-05-29", "source": "complete", "count": "complete"}
{"passed": true, "date": "2024-05-29", "count_verified": true}
{"date": "2024-05-29", "source": "complete", "graph": "complete", "completed_days": 880, "stopped": null}
{"date": "2024-05-30", "phase": "extract", "status": "starting"}
{"date": "2024-05-30", "source": "complete", "count": "complete"}
{"passed": true, "date": "2024-05-30", "count_verified": true}
{"date": "2024-05-30", "source": "complete", "graph": "complete", "completed_days": 881, "stopped": null}
{"date": "2024-05-31", "phase": "extract", "status": "starting"}
{"date": "2024-05-31", "source": "complete", "count": "complete"}
{"passed": true, "date": "2024-05-31", "count_verified": true}
{"date": "2024-05-31", "source": "complete", "graph": "complete", "completed_days": 882, "stopped": null}
{"date": "2024-06-01", "phase": "extract", "status": "starting"}
{"date": "2024-06-01", "source": "complete", "count": "complete"}
{"passed": true, "date": "2024-06-01", "count_verified": true}
{"date": "2024-06-01", "source": "complete", "graph": "complete", "completed_days": 883, "stopped": null}
{"date": "2024-06-02", "phase": "extract", "status": "starting"}
{"date": "2024-06-02", "source": "complete", "count": "complete"}
{"passed": true, "date": "2024-06-02", "count_verified": true}
{"date": "2024-06-02", "source": "complete", "graph": "complete", "completed_days": 884, "stopped": null}
{"date": "2024-06-03", "phase": "extract", "status": "starting"}
{"date": "2024-06-03", "source": "complete", "count": "complete"}
{"passed": true, "date": "2024-06-03", "count_verified": true}
{"date": "2024-06-03", "source": "complete", "graph": "complete", "completed_days": 885, "stopped": null}
{"date": "2024-06-04", "phase": "extract", "status": "starting"}
{"date": "2024-06-04", "source": "complete", "count": "complete"}
{"passed": true, "date": "2024-06-04", "count_verified": true}
{"date": "2024-06-04", "source": "complete", "graph": "complete", "completed_days": 886, "stopped": null}
{"date": "2024-06-05", "phase": "extract", "status": "starting"}
{"date": "2024-06-05", "source": "complete", "count": "complete"}
{"passed": true, "date": "2024-06-05", "count_verified": true}
{"date": "2024-06-05", "source": "complete", "graph": "complete", "completed_days": 887, "stopped": null}
{"date": "2024-06-06", "phase": "extract", "status": "starting"}
{"date": "2024-06-06", "source": "complete", "count": "complete"}
{"passed": true, "date": "2024-06-06", "count_verified": true}
{"date": "2024-06-06", "source": "complete", "graph": "complete", "completed_days": 888, "stopped": null}
{"date": "2024-06-07", "phase": "extract", "status": "starting"}
{"date": "2024-06-07", "source": "complete", "count": "complete"}
{"passed": true, "date": "2024-06-07", "count_verified": true}
{"date": "2024-06-07", "source": "complete", "graph": "complete", "completed_days": 889, "stopped": null}
{"date": "2024-06-08", "phase": "extract", "status": "starting"}
{"date": "2024-06-08", "source": "complete", "count": "complete"}
{"passed": true, "date": "2024-06-08", "count_verified": true}
{"date": "2024-06-08", "source": "complete", "graph": "complete", "completed_days": 890, "stopped": null}
{"date": "2024-06-09", "phase": "extract", "status": "starting"}
{"date": "2024-06-09", "source": "complete", "count": "complete"}
{"passed": true, "date": "2024-06-09", "count_verified": true}
{"date": "2024-06-09", "source": "complete", "graph": "complete", "completed_days": 891, "stopped": null}
{"date": "2024-06-10", "phase": "extract", "status": "starting"}
{"date": "2024-06-10", "source": "complete", "count": "complete"}
{"passed": true, "date": "2024-06-10", "count_verified": true}
{"date": "2024-06-10", "source": "complete", "graph": "complete", "completed_days": 892, "stopped": null}
{"date": "2024-06-11", "phase": "extract", "status": "starting"}
{"date": "2024-06-11", "source": "complete", "count": "complete"}
{"passed": true, "date": "2024-06-11", "count_verified": true}
{"date": "2024-06-11", "source": "complete", "graph": "complete", "completed_days": 893, "stopped": null}
{"date": "2024-06-12", "phase": "extract", "status": "starting"}
{"date": "2024-06-12", "source": "complete", "count": "complete"}
{"passed": true, "date": "2024-06-12", "count_verified": true}
{"date": "2024-06-12", "source": "complete", "graph": "complete", "completed_days": 894, "stopped": null}
{"date": "2024-06-13", "phase": "extract", "status": "starting"}
{"date": "2024-06-13", "source": "complete", "count": "complete"}
{"passed": true, "date": "2024-06-13", "count_verified": true}
{"date": "2024-06-13", "source": "complete", "graph": "complete", "completed_days": 895, "stopped": null}
{"date": "2024-06-14", "phase": "extract", "status": "starting"}
{"date": "2024-06-14", "source": "complete", "count": "complete"}
{"passed": true, "date": "2024-06-14", "count_verified": true}
{"date": "2024-06-14", "source": "complete", "graph": "complete", "completed_days": 896, "stopped": null}
{"date": "2024-06-15", "phase": "extract", "status": "starting"}
{"date": "2024-06-15", "source": "complete", "count": "complete"}
{"passed": true, "date": "2024-06-15", "count_verified": true}
{"date": "2024-06-15", "source": "complete", "graph": "complete", "completed_days": 897, "stopped": null}
{"date": "2024-06-16", "phase": "extract", "status": "starting"}
{"date": "2024-06-16", "source": "complete", "count": "complete"}
{"passed": true, "date": "2024-06-16", "count_verified": true}
{"date": "2024-06-16", "source": "complete", "graph": "complete", "completed_days": 898, "stopped": null}
{"date": "2024-06-17", "phase": "extract", "status": "starting"}
{"date": "2024-06-17", "source": "complete", "count": "complete"}
{"passed": true, "date": "2024-06-17", "count_verified": true}
{"date": "2024-06-17", "source": "complete", "graph": "complete", "completed_days": 899, "stopped": null}
{"date": "2024-06-18", "phase": "extract", "status": "starting"}
{"date": "2024-06-18", "source": "complete", "count": "complete"}
{"passed": true, "date": "2024-06-18", "count_verified": true}
{"date": "2024-06-18", "source": "complete", "graph": "complete", "completed_days": 900, "stopped": null}
{"date": "2024-06-19", "phase": "extract", "status": "starting"}
{"date": "2024-06-19", "source": "complete", "count": "complete"}
{"passed": true, "date": "2024-06-19", "count_verified": true}
{"date": "2024-06-19", "source": "complete", "graph": "complete", "completed_days": 901, "stopped": null}
{"date": "2024-06-20", "phase": "extract", "status": "starting"}
{"date": "2024-06-20", "source": "complete", "count": "complete"}
{"passed": true, "date": "2024-06-20", "count_verified": true}
{"date": "2024-06-20", "source": "complete", "graph": "complete", "completed_days": 902, "stopped": null}
{"date": "2024-06-21", "phase": "extract", "status": "starting"}
{"date": "2024-06-21", "source": "complete", "count": "complete"}
{"passed": true, "date": "2024-06-21", "count_verified": true}
{"date": "2024-06-21", "source": "complete", "graph": "complete", "completed_days": 903, "stopped": null}
{"date": "2024-06-22", "phase": "extract", "status": "starting"}
{"date": "2024-06-22", "source": "complete", "count": "complete"}
{"passed": true, "date": "2024-06-22", "count_verified": true}
{"date": "2024-06-22", "source": "complete", "graph": "complete", "completed_days": 904, "stopped": null}
{"date": "2024-06-23", "phase": "extract", "status": "starting"}
{"date": "2024-06-23", "source": "complete", "count": "complete"}
{"passed": true, "date": "2024-06-23", "count_verified": true}
{"date": "2024-06-23", "source": "complete", "graph": "complete", "completed_days": 905, "stopped": null}
{"date": "2024-06-24", "phase": "extract", "status": "starting"}
{"date": "2024-06-24", "source": "complete", "count": "complete"}
{"passed": true, "date": "2024-06-24", "count_verified": true}
{"date": "2024-06-24", "source": "complete", "graph": "complete", "completed_days": 906, "stopped": null}
{"date": "2024-06-25", "phase": "extract", "status": "starting"}
{"date": "2024-06-25", "source": "complete", "count": "complete"}
{"passed": true, "date": "2024-06-25", "count_verified": true}
{"date": "2024-06-25", "source": "complete", "graph": "complete", "completed_days": 907, "stopped": null}
{"date": "2024-06-26", "phase": "extract", "status": "starting"}
{"date": "2024-06-26", "source": "complete", "count": "complete"}
{"passed": true, "date": "2024-06-26", "count_verified": true}
{"date": "2024-06-26", "source": "complete", "graph": "complete", "completed_days": 908, "stopped": null}
{"date": "2024-06-27", "phase": "extract", "status": "starting"}
{"date": "2024-06-27", "source": "complete", "count": "complete"}
{"passed": true, "date": "2024-06-27", "count_verified": true}
{"date": "2024-06-27", "source": "complete", "graph": "complete", "completed_days": 909, "stopped": null}
{"date": "2024-06-28", "phase": "extract", "status": "starting"}
{"date": "2024-06-28", "source": "complete", "count": "complete"}
{"passed": true, "date": "2024-06-28", "count_verified": true}
{"date": "2024-06-28", "source": "complete", "graph": "complete", "completed_days": 910, "stopped": null}
{"date": "2024-06-29", "phase": "extract", "status": "starting"}
{"date": "2024-06-29", "source": "complete", "count": "complete"}
{"passed": true, "date": "2024-06-29", "count_verified": true}
{"date": "2024-06-29", "source": "complete", "graph": "complete", "completed_days": 911, "stopped": null}
{"date": "2024-06-30", "phase": "extract", "status": "starting"}
{"date": "2024-06-30", "source": "complete", "count": "complete"}
{"passed": true, "date": "2024-06-30", "count_verified": true}
{"date": "2024-06-30", "source": "complete", "graph": "complete", "completed_days": 912, "stopped": null}
{"date": "2024-07-01", "phase": "extract", "status": "starting"}
{"date": "2024-07-01", "source": "complete", "count": "complete"}
{"passed": true, "date": "2024-07-01", "count_verified": true}
{"date": "2024-07-01", "source": "complete", "graph": "complete", "completed_days": 913, "stopped": null}
{"date": "2024-07-02", "phase": "extract", "status": "starting"}
{"date": "2024-07-02", "source": "complete", "count": "complete"}
{"passed": true, "date": "2024-07-02", "count_verified": true}
{"date": "2024-07-02", "source": "complete", "graph": "complete", "completed_days": 914, "stopped": null}
{"date": "2024-07-03", "phase": "extract", "status": "starting"}
{"date": "2024-07-03", "source": "complete", "count": "complete"}
{"passed": true, "date": "2024-07-03", "count_verified": true}
{"date": "2024-07-03", "source": "complete", "graph": "complete", "completed_days": 915, "stopped": null}
{"date": "2024-07-04", "phase": "extract", "status": "starting"}
{"date": "2024-07-04", "source": "complete", "count": "complete"}
{"passed": true, "date": "2024-07-04", "count_verified": true}
{"date": "2024-07-04", "source": "complete", "graph": "complete", "completed_days": 916, "stopped": null}
{"date": "2024-07-05", "phase": "extract", "status": "starting"}
{"date": "2024-07-05", "source": "complete", "count": "complete"}
{"passed": true, "date": "2024-07-05", "count_verified": true}
{"date": "2024-07-05", "source": "complete", "graph": "complete", "completed_days": 917, "stopped": null}
{"date": "2024-07-06", "phase": "extract", "status": "starting"}
{"date": "2024-07-06", "source": "complete", "count": "complete"}
{"passed": true, "date": "2024-07-06", "count_verified": true}
{"date": "2024-07-06", "source": "complete", "graph": "complete", "completed_days": 918, "stopped": null}
{"date": "2024-07-07", "phase": "extract", "status": "starting"}
{"date": "2024-07-07", "source": "complete", "count": "complete"}
{"passed": true, "date": "2024-07-07", "count_verified": true}
{"date": "2024-07-07", "source": "complete", "graph": "complete", "completed_days": 919, "stopped": null}
{"date": "2024-07-08", "phase": "extract", "status": "starting"}
{"date": "2024-07-08", "source": "complete", "count": "complete"}
{"passed": true, "date": "2024-07-08", "count_verified": true}
{"date": "2024-07-08", "source": "complete", "graph": "complete", "completed_days": 920, "stopped": null}
{"date": "2024-07-09", "phase": "extract", "status": "starting"}
{"date": "2024-07-09", "source": "complete", "count": "complete"}
{"passed": true, "date": "2024-07-09", "count_verified": true}
{"date": "2024-07-09", "source": "complete", "graph": "complete", "completed_days": 921, "stopped": null}
{"date": "2024-07-10", "phase": "extract", "status": "starting"}
{"date": "2024-07-10", "source": "complete", "count": "complete"}
{"passed": true, "date": "2024-07-10", "count_verified": true}
{"date": "2024-07-10", "source": "complete", "graph": "complete", "completed_days": 922, "stopped": null}
{"date": "2024-07-11", "phase": "extract", "status": "starting"}
{"date": "2024-07-11", "source": "complete", "count": "complete"}
{"passed": true, "date": "2024-07-11", "count_verified": true}
{"date": "2024-07-11", "source": "complete", "graph": "complete", "completed_days": 923, "stopped": null}
{"date": "2024-07-12", "phase": "extract", "status": "starting"}
{"date": "2024-07-12", "source": "complete", "count": "complete"}
{"passed": true, "date": "2024-07-12", "count_verified": true}
{"date": "2024-07-12", "source": "complete", "graph": "complete", "completed_days": 924, "stopped": null}
{"date": "2024-07-13", "phase": "extract", "status": "starting"}
{"date": "2024-07-13", "source": "complete", "count": "complete"}
{"passed": true, "date": "2024-07-13", "count_verified": true}
{"date": "2024-07-13", "source": "complete", "graph": "complete", "completed_days": 925, "stopped": null}
{"date": "2024-07-14", "phase": "extract", "status": "starting"}
{"date": "2024-07-14", "source": "complete", "count": "complete"}
{"passed": true, "date": "2024-07-14", "count_verified": true}
{"date": "2024-07-14", "source": "complete", "graph": "complete", "completed_days": 926, "stopped": null}
{"date": "2024-07-15", "phase": "extract", "status": "starting"}
{"date": "2024-07-15", "source": "complete", "count": "complete"}
{"passed": true, "date": "2024-07-15", "count_verified": true}
{"date": "2024-07-15", "source": "complete", "graph": "complete", "completed_days": 927, "stopped": null}
{"date": "2024-07-16", "phase": "extract", "status": "starting"}
{"date": "2024-07-16", "source": "complete", "count": "complete"}
{"passed": true, "date": "2024-07-16", "count_verified": true}
{"date": "2024-07-16", "source": "complete", "graph": "complete", "completed_days": 928, "stopped": null}
{"date": "2024-07-17", "phase": "extract", "status": "starting"}
{"date": "2024-07-17", "source": "complete", "count": "complete"}
{"passed": true, "date": "2024-07-17", "count_verified": true}
{"date": "2024-07-17", "source": "complete", "graph": "complete", "completed_days": 929, "stopped": null}
{"date": "2024-07-18", "phase": "extract", "status": "starting"}
{"date": "2024-07-18", "source": "complete", "count": "complete"}
{"passed": true, "date": "2024-07-18", "count_verified": true}
{"date": "2024-07-18", "source": "complete", "graph": "complete", "completed_days": 930, "stopped": null}
{"date": "2024-07-19", "phase": "extract", "status": "starting"}
{"date": "2024-07-19", "source": "complete", "count": "complete"}
{"passed": true, "date": "2024-07-19", "count_verified": true}
{"date": "2024-07-19", "source": "complete", "graph": "complete", "completed_days": 931, "stopped": null}
{"date": "2024-07-20", "phase": "extract", "status": "starting"}
{"date": "2024-07-20", "source": "complete", "count": "complete"}
{"passed": true, "date": "2024-07-20", "count_verified": true}
{"date": "2024-07-20", "source": "complete", "graph": "complete", "completed_days": 932, "stopped": null}
{"date": "2024-07-21", "phase": "extract", "status": "starting"}
{"date": "2024-07-21", "source": "complete", "count": "complete"}
{"passed": true, "date": "2024-07-21", "count_verified": true}
{"date": "2024-07-21", "source": "complete", "graph": "complete", "completed_days": 933, "stopped": null}
{"date": "2024-07-22", "phase": "extract", "status": "starting"}
{"date": "2024-07-22", "source": "complete", "count": "complete"}
{"passed": true, "date": "2024-07-22", "count_verified": true}
{"date": "2024-07-22", "source": "complete", "graph": "complete", "completed_days": 934, "stopped": null}
{"date": "2024-07-23", "phase": "extract", "status": "starting"}
{"date": "2024-07-23", "source": "complete", "count": "complete"}
{"passed": true, "date": "2024-07-23", "count_verified": true}
{"date": "2024-07-23", "source": "complete", "graph": "complete", "completed_days": 935, "stopped": null}
{"date": "2024-07-24", "phase": "extract", "status": "starting"}
{"date": "2024-07-24", "source": "complete", "count": "complete"}
{"passed": true, "date": "2024-07-24", "count_verified": true}
{"date": "2024-07-24", "source": "complete", "graph": "complete", "completed_days": 936, "stopped": null}
{"date": "2024-07-25", "phase": "extract", "status": "starting"}
{"date": "2024-07-25", "source": "complete", "count": "complete"}
{"passed": true, "date": "2024-07-25", "count_verified": true}
{"date": "2024-07-25", "source": "complete", "graph": "complete", "completed_days": 937, "stopped": null}
{"date": "2024-07-26", "phase": "extract", "status": "starting"}
{"date": "2024-07-26", "source": "complete", "count": "complete"}
{"passed": true, "date": "2024-07-26", "count_verified": true}
{"date": "2024-07-26", "source": "complete", "graph": "complete", "completed_days": 938, "stopped": null}
{"date": "2024-07-27", "phase": "extract", "status": "starting"}
{"date": "2024-07-27", "source": "complete", "count": "complete"}
{"passed": true, "date": "2024-07-27", "count_verified": true}
{"date": "2024-07-27", "source": "complete", "graph": "complete", "completed_days": 939, "stopped": null}
{"date": "2024-07-28", "phase": "extract", "status": "starting"}
{"date": "2024-07-28", "source": "complete", "count": "complete"}
{"passed": true, "date": "2024-07-28", "count_verified": true}
{"date": "2024-07-28", "source": "complete", "graph": "complete", "completed_days": 940, "stopped": null}
{"date": "2024-07-29", "phase": "extract", "status": "starting"}
{"date": "2024-07-29", "source": "complete", "count": "complete"}
{"passed": true, "date": "2024-07-29", "count_verified": true}
{"date": "2024-07-29", "source": "complete", "graph": "complete", "completed_days": 941, "stopped": null}
{"date": "2024-07-30", "phase": "extract", "status": "starting"}
{"date": "2024-07-30", "source": "complete", "count": "complete"}
{"passed": true, "date": "2024-07-30", "count_verified": true}
{"date": "2024-07-30", "source": "complete", "graph": "complete", "completed_days": 942, "stopped": null}
{"date": "2024-07-31", "phase": "extract", "status": "starting"}
{"date": "2024-07-31", "source": "complete", "count": "complete"}
{"passed": true, "date": "2024-07-31", "count_verified": true}
{"date": "2024-07-31", "source": "complete", "graph": "complete", "completed_days": 943, "stopped": null}
{"date": "2024-08-01", "phase": "extract", "status": "starting"}
{"date": "2024-08-01", "source": "complete", "count": "complete"}
{"passed": true, "date": "2024-08-01", "count_verified": true}
{"date": "2024-08-01", "source": "complete", "graph": "complete", "completed_days": 944, "stopped": null}
{"date": "2024-08-02", "phase": "extract", "status": "starting"}
{"date": "2024-08-02", "source": "complete", "count": "complete"}
{"passed": true, "date": "2024-08-02", "count_verified": true}
{"date": "2024-08-02", "source": "complete", "graph": "complete", "completed_days": 945, "stopped": null}
{"date": "2024-08-03", "phase": "extract", "status": "starting"}
{"date": "2024-08-03", "source": "complete", "count": "complete"}
{"passed": true, "date": "2024-08-03", "count_verified": true}
{"date": "2024-08-03", "source": "complete", "graph": "complete", "completed_days": 946, "stopped": null}
{"date": "2024-08-04", "phase": "extract", "status": "starting"}
{"date": "2024-08-04", "source": "complete", "count": "complete"}
{"passed": true, "date": "2024-08-04", "count_verified": true}
{"date": "2024-08-04", "source": "complete", "graph": "complete", "completed_days": 947, "stopped": null}
{"date": "2024-08-05", "phase": "extract", "status": "starting"}
{"date": "2024-08-05", "source": "complete", "count": "complete"}
{"passed": true, "date": "2024-08-05", "count_verified": true}
{"date": "2024-08-05", "source": "complete", "graph": "complete", "completed_days": 948, "stopped": null}
{"date": "2024-08-06", "phase": "extract", "status": "starting"}
{"date": "2024-08-06", "source": "complete", "count": "complete"}
{"passed": true, "date": "2024-08-06", "count_verified": true}
{"date": "2024-08-06", "source": "complete", "graph": "complete", "completed_days": 949, "stopped": null}
{"date": "2024-08-07", "phase": "extract", "status": "starting"}
{"date": "2024-08-07", "source": "complete", "count": "complete"}
{"passed": true, "date": "2024-08-07", "count_verified": true}
{"date": "2024-08-07", "source": "complete", "graph": "complete", "completed_days": 950, "stopped": null}
{"date": "2024-08-08", "phase": "extract", "status": "starting"}
{"date": "2024-08-08", "source": "complete", "count": "complete"}
{"passed": true, "date": "2024-08-08", "count_verified": true}
{"date": "2024-08-08", "source": "complete", "graph": "complete", "completed_days": 951, "stopped": null}
{"date": "2024-08-09", "phase": "extract", "status": "starting"}
{"date": "2024-08-09", "source": "complete", "count": "complete"}
{"passed": true, "date": "2024-08-09", "count_verified": true}
{"date": "2024-08-09", "source": "complete", "graph": "complete", "completed_days": 952, "stopped": null}
{"date": "2024-08-10", "phase": "extract", "status": "starting"}
{"date": "2024-08-10", "source": "complete", "count": "complete"}
{"passed": true, "date": "2024-08-10", "count_verified": true}
{"date": "2024-08-10", "source": "complete", "graph": "complete", "completed_days": 953, "stopped": null}
{"date": "2024-08-11", "phase": "extract", "status": "starting"}
{"date": "2024-08-11", "source": "complete", "count": "complete"}
{"passed": true, "date": "2024-08-11", "count_verified": true}
{"date": "2024-08-11", "source": "complete", "graph": "complete", "completed_days": 954, "stopped": null}
{"date": "2024-08-12", "phase": "extract", "status": "starting"}
{"date": "2024-08-12", "source": "complete", "count": "complete"}
{"passed": true, "date": "2024-08-12", "count_verified": true}
{"date": "2024-08-12", "source": "complete", "graph": "complete", "completed_days": 955, "stopped": null}
{"date": "2024-08-13", "phase": "extract", "status": "starting"}
{"date": "2024-08-13", "source": "complete", "count": "complete"}
{"passed": true, "date": "2024-08-13", "count_verified": true}
{"date": "2024-08-13", "source": "complete", "graph": "complete", "completed_days": 956, "stopped": null}
{"date": "2024-08-14", "phase": "extract", "status": "starting"}
{"date": "2024-08-14", "source": "complete", "count": "complete"}
{"passed": true, "date": "2024-08-14", "count_verified": true}
{"date": "2024-08-14", "source": "complete", "graph": "complete", "completed_days": 957, "stopped": null}
{"date": "2024-08-15", "phase": "extract", "status": "starting"}
{"date": "2024-08-15", "source": "complete", "count": "complete"}
{"passed": true, "date": "2024-08-15", "count_verified": true}
{"date": "2024-08-15", "source": "complete", "graph": "complete", "completed_days": 958, "stopped": null}
{"date": "2024-08-16", "phase": "extract", "status": "starting"}
{"date": "2024-08-16", "source": "complete", "count": "complete"}
{"passed": true, "date": "2024-08-16", "count_verified": true}
{"date": "2024-08-16", "source": "complete", "graph": "complete", "completed_days": 959, "stopped": null}
{"date": "2024-08-17", "phase": "extract", "status": "starting"}
{"date": "2024-08-17", "source": "complete", "count": "complete"}
{"passed": true, "date": "2024-08-17", "count_verified": true}
{"date": "2024-08-17", "source": "complete", "graph": "complete", "completed_days": 960, "stopped": null}
{"date": "2024-08-18", "phase": "extract", "status": "starting"}
{"date": "2024-08-18", "source": "complete", "count": "complete"}
{"passed": true, "date": "2024-08-18", "count_verified": true}
{"date": "2024-08-18", "source": "complete", "graph": "complete", "completed_days": 961, "stopped": null}
{"date": "2024-08-19", "phase": "extract", "status": "starting"}
{"date": "2024-08-19", "source": "complete", "count": "complete"}
{"passed": true, "date": "2024-08-19", "count_verified": true}
{"date": "2024-08-19", "source": "complete", "graph": "complete", "completed_days": 962, "stopped": null}
{"date": "2024-08-20", "phase": "extract", "status": "starting"}
{"date": "2024-08-20", "source": "complete", "count": "complete"}
{"passed": true, "date": "2024-08-20", "count_verified": true}
{"date": "2024-08-20", "source": "complete", "graph": "complete", "completed_days": 963, "stopped": null}
{"date": "2024-08-21", "phase": "extract", "status": "starting"}
{"date": "2024-08-21", "source": "complete", "count": "complete"}
{"passed": true, "date": "2024-08-21", "count_verified": true}
{"date": "2024-08-21", "source": "complete", "graph": "complete", "completed_days": 964, "stopped": null}
{"date": "2024-08-22", "phase": "extract", "status": "starting"}
{"date": "2024-08-22", "source": "complete", "count": "complete"}
{"passed": true, "date": "2024-08-22", "count_verified": true}
{"date": "2024-08-22", "source": "complete", "graph": "complete", "completed_days": 965, "stopped": null}
{"date": "2024-08-23", "phase": "extract", "status": "starting"}
{"date": "2024-08-23", "source": "complete", "count": "complete"}
{"passed": true, "date": "2024-08-23", "count_verified": true}
{"date": "2024-08-23", "source": "complete", "graph": "complete", "completed_days": 966, "stopped": null}
{"date": "2024-08-24", "phase": "extract", "status": "starting"}
{"date": "2024-08-24", "source": "complete", "count": "complete"}
{"passed": true, "date": "2024-08-24", "count_verified": true}
{"date": "2024-08-24", "source": "complete", "graph": "complete", "completed_days": 967, "stopped": null}
{"date": "2024-08-25", "phase": "extract", "status": "starting"}
{"date": "2024-08-25", "source": "complete", "count": "complete"}
{"passed": true, "date": "2024-08-25", "count_verified": true}
{"date": "2024-08-25", "source": "complete", "graph": "complete", "completed_days": 968, "stopped": null}
{"date": "2024-08-26", "phase": "extract", "status": "starting"}
{"date": "2024-08-26", "source": "complete", "count": "complete"}
{"passed": true, "date": "2024-08-26", "count_verified": true}
{"date": "2024-08-26", "source": "complete", "graph": "complete", "completed_days": 969, "stopped": null}
{"date": "2024-08-27", "phase": "extract", "status": "starting"}
{"date": "2024-08-27", "source": "complete", "count": "complete"}
{"passed": true, "date": "2024-08-27", "count_verified": true}
{"date": "2024-08-27", "source": "complete", "graph": "complete", "completed_days": 970, "stopped": null}
{"date": "2024-08-28", "phase": "extract", "status": "starting"}
{"date": "2024-08-28", "source": "complete", "count": "complete"}
{"passed": true, "date": "2024-08-28", "count_verified": true}
{"date": "2024-08-28", "source": "complete", "graph": "complete", "completed_days": 971, "stopped": null}
{"date": "2024-08-29", "phase": "extract", "status": "starting"}
{"date": "2024-08-29", "source": "complete", "count": "complete"}
{"passed": true, "date": "2024-08-29", "count_verified": true}
{"date": "2024-08-29", "source": "complete", "graph": "complete", "completed_days": 972, "stopped": null}
{"date": "2024-08-30", "phase": "extract", "status": "starting"}
{"date": "2024-08-30", "source": "complete", "count": "complete"}
{"passed": true, "date": "2024-08-30", "count_verified": true}
{"date": "2024-08-30", "source": "complete", "graph": "complete", "completed_days": 973, "stopped": null}
{"date": "2024-08-31", "phase": "extract", "status": "starting"}
{"date": "2024-08-31", "source": "complete", "count": "complete"}
{"passed": true, "date": "2024-08-31", "count_verified": true}
{"date": "2024-08-31", "source": "complete", "graph": "complete", "completed_days": 974, "stopped": null}
{"date": "2024-09-01", "phase": "extract", "status": "starting"}
{"date": "2024-09-01", "source": "complete", "count": "complete"}
{"passed": true, "date": "2024-09-01", "count_verified": true}
{"date": "2024-09-01", "source": "complete", "graph": "complete", "completed_days": 975, "stopped": null}
{"date": "2024-09-02", "phase": "extract", "status": "starting"}
{"date": "2024-09-02", "source": "complete", "count": "complete"}
{"passed": true, "date": "2024-09-02", "count_verified": true}
{"date": "2024-09-02", "source": "complete", "graph": "complete", "completed_days": 976, "stopped": null}
{"date": "2024-09-03", "phase": "extract", "status": "starting"}
{"date": "2024-09-03", "source": "complete", "count": "complete"}
{"passed": true, "date": "2024-09-03", "count_verified": true}
{"date": "2024-09-03", "source": "complete", "graph": "complete", "completed_days": 977, "stopped": null}
{"date": "2024-09-04", "phase": "extract", "status": "starting"}
{"date": "2024-09-04", "source": "complete", "count": "complete"}
{"passed": true, "date": "2024-09-04", "count_verified": true}
{"date": "2024-09-04", "source": "complete", "graph": "complete", "completed_days": 978, "stopped": null}
{"date": "2024-09-05", "phase": "extract", "status": "starting"}
{"date": "2024-09-05", "source": "complete", "count": "complete"}
{"passed": true, "date": "2024-09-05", "count_verified": true}
{"date": "2024-09-05", "source": "complete", "graph": "complete", "completed_days": 979, "stopped": null}
{"date": "2024-09-06", "phase": "extract", "status": "starting"}
{"date": "2024-09-06", "source": "complete", "count": "complete"}
{"passed": true, "date": "2024-09-06", "count_verified": true}
{"date": "2024-09-06", "source": "complete", "graph": "complete", "completed_days": 980, "stopped": null}
{"date": "2024-09-07", "phase": "extract", "status": "starting"}
{"date": "2024-09-07", "source": "complete", "count": "complete"}
{"passed": true, "date": "2024-09-07", "count_verified": true}
{"date": "2024-09-07", "source": "complete", "graph": "complete", "completed_days": 981, "stopped": null}
{"date": "2024-09-08", "phase": "extract", "status": "starting"}
{"date": "2024-09-08", "source": "complete", "count": "complete"}
{"passed": true, "date": "2024-09-08", "count_verified": true}
{"date": "2024-09-08", "source": "complete", "graph": "complete", "completed_days": 982, "stopped": null}
{"date": "2024-09-09", "phase": "extract", "status": "starting"}
{"date": "2024-09-09", "source": "complete", "count": "complete"}
{"passed": true, "date": "2024-09-09", "count_verified": true}
{"date": "2024-09-09", "source": "complete", "graph": "complete", "completed_days": 983, "stopped": null}
{"date": "2024-09-10", "phase": "extract", "status": "starting"}
{"date": "2024-09-10", "source": "complete", "count": "complete"}
{"passed": true, "date": "2024-09-10", "count_verified": true}
{"date": "2024-09-10", "source": "complete", "graph": "complete", "completed_days": 984, "stopped": null}
{"date": "2024-09-11", "phase": "extract", "status": "starting"}
{"date": "2024-09-11", "source": "complete", "count": "complete"}
{"passed": true, "date": "2024-09-11", "count_verified": true}
{"date": "2024-09-11", "source": "complete", "graph": "complete", "completed_days": 985, "stopped": null}
{"date": "2024-09-12", "phase": "extract", "status": "starting"}
{"date": "2024-09-12", "source": "complete", "count": "complete"}
{"passed": true, "date": "2024-09-12", "count_verified": true}
{"date": "2024-09-12", "source": "complete", "graph": "complete", "completed_days": 986, "stopped": null}
{"date": "2024-09-13", "phase": "extract", "status": "starting"}
{"date": "2024-09-13", "source": "complete", "count": "complete"}
{"passed": true, "date": "2024-09-13", "count_verified": true}
{"date": "2024-09-13", "source": "complete", "graph": "complete", "completed_days": 987, "stopped": null}
{"date": "2024-09-14", "phase": "extract", "status": "starting"}
{"date": "2024-09-14", "source": "complete", "count": "complete"}
{"passed": true, "date": "2024-09-14", "count_verified": true}
{"date": "2024-09-14", "source": "complete", "graph": "complete", "completed_days": 988, "stopped": null}
{"date": "2024-09-15", "phase": "extract", "status": "starting"}
{"date": "2024-09-15", "source": "complete", "count": "complete"}
{"passed": true, "date": "2024-09-15", "count_verified": true}
{"date": "2024-09-15", "source": "complete", "graph": "complete", "completed_days": 989, "stopped": null}
{"date": "2024-09-16", "phase": "extract", "status": "starting"}
{"date": "2024-09-16", "source": "complete", "count": "complete"}
{"passed": true, "date": "2024-09-16", "count_verified": true}
{"date": "2024-09-16", "source": "complete", "graph": "complete", "completed_days": 990, "stopped": null}
{"date": "2024-09-17", "phase": "extract", "status": "starting"}
{"date": "2024-09-17", "source": "complete", "count": "complete"}
{"passed": true, "date": "2024-09-17", "count_verified": true}
{"date": "2024-09-17", "source": "complete", "graph": "complete", "completed_days": 991, "stopped": null}
{"date": "2024-09-18", "phase": "extract", "status": "starting"}
{"date": "2024-09-18", "source": "complete", "count": "complete"}
{"passed": true, "date": "2024-09-18", "count_verified": true}
{"date": "2024-09-18", "source": "complete", "graph": "complete", "completed_days": 992, "stopped": null}
{"date": "2024-09-19", "phase": "extract", "status": "starting"}
{"date": "2024-09-19", "source": "complete", "count": "complete"}
{"passed": true, "date": "2024-09-19", "count_verified": true}
{"date": "2024-09-19", "source": "complete", "graph": "complete", "completed_days": 993, "stopped": null}
{"date": "2024-09-20", "phase": "extract", "status": "starting"}
{"date": "2024-09-20", "source": "complete", "count": "complete"}
{"passed": true, "date": "2024-09-20", "count_verified": true}
{"date": "2024-09-20", "source": "complete", "graph": "complete", "completed_days": 994, "stopped": null}
{"date": "2024-09-21", "phase": "extract", "status": "starting"}
{"date": "2024-09-21", "source": "complete", "count": "complete"}
{"passed": true, "date": "2024-09-21", "count_verified": true}
{"date": "2024-09-21", "source": "complete", "graph": "complete", "completed_days": 995, "stopped": null}
{"date": "2024-09-22", "phase": "extract", "status": "starting"}
{"date": "2024-09-22", "source": "complete", "count": "complete"}
{"passed": true, "date": "2024-09-22", "count_verified": true}
{"date": "2024-09-22", "source": "complete", "graph": "complete", "completed_days": 996, "stopped": null}
{"date": "2024-09-23", "phase": "extract", "status": "starting"}
{"date": "2024-09-23", "source": "complete", "count": "complete"}
{"passed": true, "date": "2024-09-23", "count_verified": true}
{"date": "2024-09-23", "source": "complete", "graph": "complete", "completed_days": 997, "stopped": null}
{"date": "2024-09-24", "phase": "extract", "status": "starting"}
{"date": "2024-09-24", "source": "complete", "count": "complete"}
{"passed": true, "date": "2024-09-24", "count_verified": true}
{"date": "2024-09-24", "source": "complete", "graph": "complete", "completed_days": 998, "stopped": null}
{"date": "2024-09-25", "phase": "extract", "status": "starting"}
{"date": "2024-09-25", "source": "complete", "count": "complete"}
{"passed": true, "date": "2024-09-25", "count_verified": true}
{"date": "2024-09-25", "source": "complete", "graph": "complete", "completed_days": 999, "stopped": null}
{"date": "2024-09-26", "phase": "extract", "status": "starting"}
{"date": "2024-09-26", "source": "complete", "count": "complete"}
{"passed": true, "date": "2024-09-26", "count_verified": true}
{"date": "2024-09-26", "source": "complete", "graph": "complete", "completed_days": 1000, "stopped": null}
{"date": "2024-09-27", "phase": "extract", "status": "starting"}
{"date": "2024-09-27", "source": "complete", "count": "complete"}
{"passed": true, "date": "2024-09-27", "count_verified": true}
{"date": "2024-09-27", "source": "complete", "graph": "complete", "completed_days": 1001, "stopped": null}
{"date": "2024-09-28", "phase": "extract", "status": "starting"}
{"date": "2024-09-28", "source": "complete", "count": "complete"}
{"passed": true, "date": "2024-09-28", "count_verified": true}
{"date": "2024-09-28", "source": "complete", "graph": "complete", "completed_days": 1002, "stopped": null}
{"date": "2024-09-29", "phase": "extract", "status": "starting"}
{"date": "2024-09-29", "source": "complete", "count": "complete"}
{"passed": true, "date": "2024-09-29", "count_verified": true}
{"date": "2024-09-29", "source": "complete", "graph": "complete", "completed_days": 1003, "stopped": null}
{"date": "2024-09-30", "phase": "extract", "status": "starting"}
{"date": "2024-09-30", "source": "complete", "count": "complete"}
{"passed": true, "date": "2024-09-30", "count_verified": true}
{"date": "2024-09-30", "source": "complete", "graph": "complete", "completed_days": 1004, "stopped": null}
{"date": "2024-10-01", "phase": "extract", "status": "starting"}
{"date": "2024-10-01", "source": "complete", "count": "complete"}
{"passed": true, "date": "2024-10-01", "count_verified": true}
{"date": "2024-10-01", "source": "complete", "graph": "complete", "completed_days": 1005, "stopped": null}
{"date": "2024-10-02", "phase": "extract", "status": "starting"}
{"date": "2024-10-02", "source": "complete", "count": "complete"}
{"passed": true, "date": "2024-10-02", "count_verified": true}
{"date": "2024-10-02", "source": "complete", "graph": "complete", "completed_days": 1006, "stopped": null}
{"date": "2024-10-03", "phase": "extract", "status": "starting"}
{"date": "2024-10-03", "source": "complete", "count": "complete"}
{"passed": true, "date": "2024-10-03", "count_verified": true}
{"date": "2024-10-03", "source": "complete", "graph": "complete", "completed_days": 1007, "stopped": null}
{"date": "2024-10-04", "phase": "extract", "status": "starting"}
{"date": "2024-10-04", "source": "complete", "count": "complete"}
{"passed": true, "date": "2024-10-04", "count_verified": true}
{"date": "2024-10-04", "source": "complete", "graph": "complete", "completed_days": 1008, "stopped": null}
{"date": "2024-10-05", "phase": "extract", "status": "starting"}
{"date": "2024-10-05", "source": "complete", "count": "complete"}
{"passed": true, "date": "2024-10-05", "count_verified": true}
{"date": "2024-10-05", "source": "complete", "graph": "complete", "completed_days": 1009, "stopped": null}
{"date": "2024-10-06", "phase": "extract", "status": "starting"}
{"date": "2024-10-06", "source": "complete", "count": "complete"}
{"passed": true, "date": "2024-10-06", "count_verified": true}
{"date": "2024-10-06", "source": "complete", "graph": "complete", "completed_days": 1010, "stopped": null}
{"date": "2024-10-07", "phase": "extract", "status": "starting"}
{"date": "2024-10-07", "source": "complete", "count": "complete"}
{"passed": true, "date": "2024-10-07", "count_verified": true}
{"date": "2024-10-07", "source": "complete", "graph": "complete", "completed_days": 1011, "stopped": null}
{"date": "2024-10-08", "phase": "extract", "status": "starting"}
{"date": "2024-10-08", "source": "complete", "count": "complete"}
{"passed": true, "date": "2024-10-08", "count_verified": true}
{"date": "2024-10-08", "source": "complete", "graph": "complete", "completed_days": 1012, "stopped": null}
{"date": "2024-10-09", "phase": "extract", "status": "starting"}
{"date": "2024-10-09", "source": "complete", "count": "complete"}
{"passed": true, "date": "2024-10-09", "count_verified": true}
{"date": "2024-10-09", "source": "complete", "graph": "complete", "completed_days": 1013, "stopped": null}
{"date": "2024-10-10", "phase": "extract", "status": "starting"}
{"date": "2024-10-10", "source": "complete", "count": "complete"}
{"passed": true, "date": "2024-10-10", "count_verified": true}
{"date": "2024-10-10", "source": "complete", "graph": "complete", "completed_days": 1014, "stopped": null}
{"date": "2024-10-11", "phase": "extract", "status": "starting"}
{"date": "2024-10-11", "source": "complete", "count": "complete"}
{"passed": true, "date": "2024-10-11", "count_verified": true}
{"date": "2024-10-11", "source": "complete", "graph": "complete", "completed_days": 1015, "stopped": null}
{"date": "2024-10-12", "phase": "extract", "status": "starting"}
{"date": "2024-10-12", "source": "complete", "count": "complete"}
{"passed": true, "date": "2024-10-12", "count_verified": true}
{"date": "2024-10-12", "source": "complete", "graph": "complete", "completed_days": 1016, "stopped": null}
{"date": "2024-10-13", "phase": "extract", "status": "starting"}
{"date": "2024-10-13", "source": "complete", "count": "complete"}
{"passed": true, "date": "2024-10-13", "count_verified": true}
{"date": "2024-10-13", "source": "complete", "graph": "complete", "completed_days": 1017, "stopped": null}
{"date": "2024-10-14", "phase": "extract", "status": "starting"}
{"date": "2024-10-14", "source": "complete", "count": "complete"}
{"passed": true, "date": "2024-10-14", "count_verified": true}
{"date": "2024-10-14", "source": "complete", "graph": "complete", "completed_days": 1018, "stopped": null}
{"date": "2024-10-15", "phase": "extract", "status": "starting"}
{"date": "2024-10-15", "source": "complete", "count": "complete"}
{"passed": true, "date": "2024-10-15", "count_verified": true}
{"date": "2024-10-15", "source": "complete", "graph": "complete", "completed_days": 1019, "stopped": null}
{"date": "2024-10-16", "phase": "extract", "status": "starting"}
{"date": "2024-10-16", "source": "complete", "count": "complete"}
{"passed": true, "date": "2024-10-16", "count_verified": true}
{"date": "2024-10-16", "source": "complete", "graph": "complete", "completed_days": 1020, "stopped": null}
{"date": "2024-10-17", "phase": "extract", "status": "starting"}
{"date": "2024-10-17", "source": "complete", "count": "complete"}
{"passed": true, "date": "2024-10-17", "count_verified": true}
{"date": "2024-10-17", "source": "complete", "graph": "complete", "completed_days": 1021, "stopped": null}
{"date": "2024-10-18", "phase": "extract", "status": "starting"}
{"date": "2024-10-18", "source": "complete", "count": "complete"}
{"passed": true, "date": "2024-10-18", "count_verified": true}
{"date": "2024-10-18", "source": "complete", "graph": "complete", "completed_days": 1022, "stopped": null}
{"date": "2024-10-19", "phase": "extract", "status": "starting"}
{"date": "2024-10-19", "source": "complete", "count": "complete"}
{"passed": true, "date": "2024-10-19", "count_verified": true}
{"date": "2024-10-19", "source": "complete", "graph": "complete", "completed_days": 1023, "stopped": null}
{"date": "2024-10-20", "phase": "extract", "status": "starting"}
{"date": "2024-10-20", "source": "complete", "count": "complete"}
{"passed": true, "date": "2024-10-20", "count_verified": true}
{"date": "2024-10-20", "source": "complete", "graph": "complete", "completed_days": 1024, "stopped": null}
{"date": "2024-10-21", "phase": "extract", "status": "starting"}
{"date": "2024-10-21", "source": "complete", "count": "complete"}
{"passed": true, "date": "2024-10-21", "count_verified": true}
{"date": "2024-10-21", "source": "complete", "graph": "complete", "completed_days": 1025, "stopped": null}
{"date": "2024-10-22", "phase": "extract", "status": "starting"}
{"date": "2024-10-22", "source": "complete", "count": "complete"}
{"passed": true, "date": "2024-10-22", "count_verified": true}
{"date": "2024-10-22", "source": "complete", "graph": "complete", "completed_days": 1026, "stopped": null}
{"date": "2024-10-23", "phase": "extract", "status": "starting"}
{"date": "2024-10-23", "source": "complete", "count": "complete"}
{"passed": true, "date": "2024-10-23", "count_verified": true}
{"date": "2024-10-23", "source": "complete", "graph": "complete", "completed_days": 1027, "stopped": null}
{"date": "2024-10-24", "phase": "extract", "status": "starting"}
{"date": "2024-10-24", "source": "complete", "count": "complete"}
{"passed": true, "date": "2024-10-24", "count_verified": true}
{"date": "2024-10-24", "source": "complete", "graph": "complete", "completed_days": 1028, "stopped": null}
{"date": "2024-10-25", "phase": "extract", "status": "starting"}
{"date": "2024-10-25", "source": "complete", "count": "complete"}
{"passed": true, "date": "2024-10-25", "count_verified": true}
{"date": "2024-10-25", "source": "complete", "graph": "complete", "completed_days": 1029, "stopped": null}
{"date": "2024-10-26", "phase": "extract", "status": "starting"}
{"date": "2024-10-26", "source": "complete", "count": "complete"}
{"passed": true, "date": "2024-10-26", "count_verified": true}
{"date": "2024-10-26", "source": "complete", "graph": "complete", "completed_days": 1030, "stopped": null}
{"date": "2024-10-27", "phase": "extract", "status": "starting"}
{"date": "2024-10-27", "source": "complete", "count": "complete"}
{"passed": true, "date": "2024-10-27", "count_verified": true}
{"date": "2024-10-27", "source": "complete", "graph": "complete", "completed_days": 1031, "stopped": null}
{"date": "2024-10-28", "phase": "extract", "status": "starting"}
{"date": "2024-10-28", "source": "complete", "count": "complete"}
{"passed": true, "date": "2024-10-28", "count_verified": true}
{"date": "2024-10-28", "source": "complete", "graph": "complete", "completed_days": 1032, "stopped": null}
{"date": "2024-10-29", "phase": "extract", "status": "starting"}
{"date": "2024-10-29", "source": "complete", "count": "complete"}
{"passed": true, "date": "2024-10-29", "count_verified": true}
{"date": "2024-10-29", "source": "complete", "graph": "complete", "completed_days": 1033, "stopped": null}
{"date": "2024-10-30", "phase": "extract", "status": "starting"}
{"date": "2024-10-30", "source": "complete", "count": "complete"}
{"passed": true, "date": "2024-10-30", "count_verified": true}
{"date": "2024-10-30", "source": "complete", "graph": "complete", "completed_days": 1034, "stopped": null}
{"date": "2024-10-31", "phase": "extract", "status": "starting"}
{"date": "2024-10-31", "source": "complete", "count": "complete"}
{"passed": true, "date": "2024-10-31", "count_verified": true}
{"date": "2024-10-31", "source": "complete", "graph": "complete", "completed_days": 1035, "stopped": null}
{"date": "2024-11-01", "phase": "extract", "status": "starting"}
{"date": "2024-11-01", "source": "complete", "count": "complete"}
{"passed": true, "date": "2024-11-01", "count_verified": true}
{"date": "2024-11-01", "source": "complete", "graph": "complete", "completed_days": 1036, "stopped": null}
{"date": "2024-11-02", "phase": "extract", "status": "starting"}
{"date": "2024-11-02", "source": "complete", "count": "complete"}
{"passed": true, "date": "2024-11-02", "count_verified": true}
{"date": "2024-11-02", "source": "complete", "graph": "complete", "completed_days": 1037, "stopped": null}
{"date": "2024-11-03", "phase": "extract", "status": "starting"}
{"date": "2024-11-03", "source": "complete", "count": "complete"}
{"passed": true, "date": "2024-11-03", "count_verified": true}
{"date": "2024-11-03", "source": "complete", "graph": "complete", "completed_days": 1038, "stopped": null}
{"date": "2024-11-04", "phase": "extract", "status": "starting"}
{"date": "2024-11-04", "source": "complete", "count": "complete"}
{"passed": true, "date": "2024-11-04", "count_verified": true}
{"date": "2024-11-04", "source": "complete", "graph": "complete", "completed_days": 1039, "stopped": null}
{"date": "2024-11-05", "phase": "extract", "status": "starting"}
{"date": "2024-11-05", "source": "complete", "count": "complete"}
{"passed": true, "date": "2024-11-05", "count_verified": true}
{"date": "2024-11-05", "source": "complete", "graph": "complete", "completed_days": 1040, "stopped": null}
{"date": "2024-11-06", "phase": "extract", "status": "starting"}
{"date": "2024-11-06", "source": "complete", "count": "complete"}
{"passed": true, "date": "2024-11-06", "count_verified": true}
{"date": "2024-11-06", "source": "complete", "graph": "complete", "completed_days": 1041, "stopped": null}
{"date": "2024-11-07", "phase": "extract", "status": "starting"}
{"date": "2024-11-07", "source": "complete", "count": "complete"}
{"passed": true, "date": "2024-11-07", "count_verified": true}
{"date": "2024-11-07", "source": "complete", "graph": "complete", "completed_days": 1042, "stopped": null}
{"date": "2024-11-08", "phase": "extract", "status": "starting"}
{"date": "2024-11-08", "source": "complete", "count": "complete"}
{"passed": true, "date": "2024-11-08", "count_verified": true}
{"date": "2024-11-08", "source": "complete", "graph": "complete", "completed_days": 1043, "stopped": null}
{"date": "2024-11-09", "phase": "extract", "status": "starting"}
{"date": "2024-11-09", "source": "complete", "count": "complete"}
{"passed": true, "date": "2024-11-09", "count_verified": true}
{"date": "2024-11-09", "source": "complete", "graph": "complete", "completed_days": 1044, "stopped": null}
{"date": "2024-11-10", "phase": "extract", "status": "starting"}
{"date": "2024-11-10", "source": "complete", "count": "complete"}
{"passed": true, "date": "2024-11-10", "count_verified": true}
{"date": "2024-11-10", "source": "complete", "graph": "complete", "completed_days": 1045, "stopped": null}
{"date": "2024-11-11", "phase": "extract", "status": "starting"}
{"date": "2024-11-11", "source": "complete", "count": "complete"}
{"passed": true, "date": "2024-11-11", "count_verified": true}
{"date": "2024-11-11", "source": "complete", "graph": "complete", "completed_days": 1046, "stopped": null}
{"date": "2024-11-12", "phase": "extract", "status": "starting"}
{"date": "2024-11-12", "source": "complete", "count": "complete"}
{"passed": true, "date": "2024-11-12", "count_verified": true}
{"date": "2024-11-12", "source": "complete", "graph": "complete", "completed_days": 1047, "stopped": null}
{"date": "2024-11-13", "phase": "extract", "status": "starting"}
{"date": "2024-11-13", "source": "complete", "count": "complete"}
{"passed": true, "date": "2024-11-13", "count_verified": true}
{"date": "2024-11-13", "source": "complete", "graph": "complete", "completed_days": 1048, "stopped": null}
{"date": "2024-11-14", "phase": "extract", "status": "starting"}
{"date": "2024-11-14", "source": "complete", "count": "complete"}
{"passed": true, "date": "2024-11-14", "count_verified": true}
{"date": "2024-11-14", "source": "complete", "graph": "complete", "completed_days": 1049, "stopped": null}
{"date": "2024-11-15", "phase": "extract", "status": "starting"}
{"date": "2024-11-15", "source": "complete", "count": "complete"}
{"passed": true, "date": "2024-11-15", "count_verified": true}
{"date": "2024-11-15", "source": "complete", "graph": "complete", "completed_days": 1050, "stopped": null}
{"date": "2024-11-16", "phase": "extract", "status": "starting"}
{"date": "2024-11-16", "source": "complete", "count": "complete"}
{"passed": true, "date": "2024-11-16", "count_verified": true}
{"date": "2024-11-16", "source": "complete", "graph": "complete", "completed_days": 1051, "stopped": null}
{"date": "2024-11-17", "phase": "extract", "status": "starting"}
{"date": "2024-11-17", "source": "complete", "count": "complete"}
{"passed": true, "date": "2024-11-17", "count_verified": true}
{"date": "2024-11-17", "source": "complete", "graph": "complete", "completed_days": 1052, "stopped": null}
{"date": "2024-11-18", "phase": "extract", "status": "starting"}
{"date": "2024-11-18", "source": "complete", "count": "complete"}
{"passed": true, "date": "2024-11-18", "count_verified": true}
{"date": "2024-11-18", "source": "complete", "graph": "complete", "completed_days": 1053, "stopped": null}
{"date": "2024-11-19", "phase": "extract", "status": "starting"}
{"date": "2024-11-19", "source": "complete", "count": "complete"}
{"passed": true, "date": "2024-11-19", "count_verified": true}
{"date": "2024-11-19", "source": "complete", "graph": "complete", "completed_days": 1054, "stopped": null}
{"date": "2024-11-20", "phase": "extract", "status": "starting"}
{"date": "2024-11-20", "source": "complete", "count": "complete"}
{"passed": true, "date": "2024-11-20", "count_verified": true}
{"date": "2024-11-20", "source": "complete", "graph": "complete", "completed_days": 1055, "stopped": null}
{"date": "2024-11-21", "phase": "extract", "status": "starting"}
{"date": "2024-11-21", "source": "complete", "count": "complete"}
{"passed": true, "date": "2024-11-21", "count_verified": true}
{"date": "2024-11-21", "source": "complete", "graph": "complete", "completed_days": 1056, "stopped": null}
{"date": "2024-11-22", "phase": "extract", "status": "starting"}
{"date": "2024-11-22", "source": "complete", "count": "complete"}
{"passed": true, "date": "2024-11-22", "count_verified": true}
{"date": "2024-11-22", "source": "complete", "graph": "complete", "completed_days": 1057, "stopped": null}
{"date": "2024-11-23", "phase": "extract", "status": "starting"}
{"date": "2024-11-23", "source": "complete", "count": "complete"}
{"passed": true, "date": "2024-11-23", "count_verified": true}
{"date": "2024-11-23", "source": "complete", "graph": "complete", "completed_days": 1058, "stopped": null}
{"date": "2024-11-24", "phase": "extract", "status": "starting"}
{"date": "2024-11-24", "source": "complete", "count": "complete"}
{"passed": true, "date": "2024-11-24", "count_verified": true}
{"date": "2024-11-24", "source": "complete", "graph": "complete", "completed_days": 1059, "stopped": null}
{"date": "2024-11-25", "phase": "extract", "status": "starting"}
{"date": "2024-11-25", "source": "complete", "count": "complete"}
{"passed": true, "date": "2024-11-25", "count_verified": true}
{"date": "2024-11-25", "source": "complete", "graph": "complete", "completed_days": 1060, "stopped": null}
{"date": "2024-11-26", "phase": "extract", "status": "starting"}
{"date": "2024-11-26", "source": "complete", "count": "complete"}
{"passed": true, "date": "2024-11-26", "count_verified": true}
{"date": "2024-11-26", "source": "complete", "graph": "complete", "completed_days": 1061, "stopped": null}
{"date": "2024-11-27", "phase": "extract", "status": "starting"}
{"date": "2024-11-27", "source": "complete", "count": "complete"}
{"passed": true, "date": "2024-11-27", "count_verified": true}
{"date": "2024-11-27", "source": "complete", "graph": "complete", "completed_days": 1062, "stopped": null}
{"date": "2024-11-28", "phase": "extract", "status": "starting"}
{"date": "2024-11-28", "source": "complete", "count": "complete"}
{"passed": true, "date": "2024-11-28", "count_verified": true}
{"date": "2024-11-28", "source": "complete", "graph": "complete", "completed_days": 1063, "stopped": null}
{"date": "2024-11-29", "phase": "extract", "status": "starting"}
{"date": "2024-11-29", "source": "complete", "count": "complete"}
{"passed": true, "date": "2024-11-29", "count_verified": true}
{"date": "2024-11-29", "source": "complete", "graph": "complete", "completed_days": 1064, "stopped": null}
{"date": "2024-11-30", "phase": "extract", "status": "starting"}
{"date": "2024-11-30", "source": "complete", "count": "complete"}
{"passed": true, "date": "2024-11-30", "count_verified": true}
{"date": "2024-11-30", "source": "complete", "graph": "complete", "completed_days": 1065, "stopped": null}
{"date": "2024-12-01", "phase": "extract", "status": "starting"}
{"date": "2024-12-01", "source": "complete", "count": "complete"}
{"passed": true, "date": "2024-12-01", "count_verified": true}
{"date": "2024-12-01", "source": "complete", "graph": "complete", "completed_days": 1066, "stopped": null}
{"date": "2024-12-02", "phase": "extract", "status": "starting"}
{"date": "2024-12-02", "source": "complete", "count": "complete"}
{"passed": true, "date": "2024-12-02", "count_verified": true}
{"date": "2024-12-02", "source": "complete", "graph": "complete", "completed_days": 1067, "stopped": null}
{"date": "2024-12-03", "phase": "extract", "status": "starting"}
{"date": "2024-12-03", "source": "complete", "count": "complete"}
{"passed": true, "date": "2024-12-03", "count_verified": true}
{"date": "2024-12-03", "source": "complete", "graph": "complete", "completed_days": 1068, "stopped": null}
{"date": "2024-12-04", "phase": "extract", "status": "starting"}
{"date": "2024-12-04", "source": "complete", "count": "complete"}
{"passed": true, "date": "2024-12-04", "count_verified": true}
{"date": "2024-12-04", "source": "complete", "graph": "complete", "completed_days": 1069, "stopped": null}
{"date": "2024-12-05", "phase": "extract", "status": "starting"}
{"date": "2024-12-05", "source": "complete", "count": "complete"}
{"passed": true, "date": "2024-12-05", "count_verified": true}
{"date": "2024-12-05", "source": "complete", "graph": "complete", "completed_days": 1070, "stopped": null}
{"date": "2024-12-06", "phase": "extract", "status": "starting"}
{"date": "2024-12-06", "source": "complete", "count": "complete"}
{"passed": true, "date": "2024-12-06", "count_verified": true}
{"date": "2024-12-06", "source": "complete", "graph": "complete", "completed_days": 1071, "stopped": null}
{"date": "2024-12-07", "phase": "extract", "status": "starting"}
{"date": "2024-12-07", "source": "complete", "count": "complete"}
{"passed": true, "date": "2024-12-07", "count_verified": true}
{"date": "2024-12-07", "source": "complete", "graph": "complete", "completed_days": 1072, "stopped": null}
{"date": "2024-12-08", "phase": "extract", "status": "starting"}
{"date": "2024-12-08", "source": "complete", "count": "complete"}
{"passed": true, "date": "2024-12-08", "count_verified": true}
{"date": "2024-12-08", "source": "complete", "graph": "complete", "completed_days": 1073, "stopped": null}
{"date": "2024-12-09", "phase": "extract", "status": "starting"}
{"date": "2024-12-09", "source": "complete", "count": "complete"}
{"passed": true, "date": "2024-12-09", "count_verified": true}
{"date": "2024-12-09", "source": "complete", "graph": "complete", "completed_days": 1074, "stopped": null}
{"date": "2024-12-10", "phase": "extract", "status": "starting"}
{"date": "2024-12-10", "source": "complete", "count": "complete"}
{"passed": true, "date": "2024-12-10", "count_verified": true}
{"date": "2024-12-10", "source": "complete", "graph": "complete", "completed_days": 1075, "stopped": null}
{"date": "2024-12-11", "phase": "extract", "status": "starting"}
{"date": "2024-12-11", "source": "complete", "count": "complete"}
{"passed": true, "date": "2024-12-11", "count_verified": true}
{"date": "2024-12-11", "source": "complete", "graph": "complete", "completed_days": 1076, "stopped": null}
{"date": "2024-12-12", "phase": "extract", "status": "starting"}
{"date": "2024-12-12", "source": "complete", "count": "complete"}
{"passed": true, "date": "2024-12-12", "count_verified": true}
{"date": "2024-12-12", "source": "complete", "graph": "complete", "completed_days": 1077, "stopped": null}
{"date": "2024-12-13", "phase": "extract", "status": "starting"}
{"date": "2024-12-13", "source": "complete", "count": "complete"}
{"passed": true, "date": "2024-12-13", "count_verified": true}
{"date": "2024-12-13", "source": "complete", "graph": "complete", "completed_days": 1078, "stopped": null}
{"date": "2024-12-14", "phase": "extract", "status": "starting"}
{"date": "2024-12-14", "source": "complete", "count": "complete"}
{"passed": true, "date": "2024-12-14", "count_verified": true}
{"date": "2024-12-14", "source": "complete", "graph": "complete", "completed_days": 1079, "stopped": null}
{"date": "2024-12-15", "phase": "extract", "status": "starting"}
{"date": "2024-12-15", "source": "complete", "count": "complete"}
{"passed": true, "date": "2024-12-15", "count_verified": true}
{"date": "2024-12-15", "source": "complete", "graph": "complete", "completed_days": 1080, "stopped": null}
{"date": "2024-12-16", "phase": "extract", "status": "starting"}
{"date": "2024-12-16", "source": "complete", "count": "complete"}
{"passed": true, "date": "2024-12-16", "count_verified": true}
{"date": "2024-12-16", "source": "complete", "graph": "complete", "completed_days": 1081, "stopped": null}
{"date": "2024-12-17", "phase": "extract", "status": "starting"}
{"date": "2024-12-17", "source": "complete", "count": "complete"}
{"passed": true, "date": "2024-12-17", "count_verified": true}
{"date": "2024-12-17", "source": "complete", "graph": "complete", "completed_days": 1082, "stopped": null}
{"date": "2024-12-18", "phase": "extract", "status": "starting"}
{"date": "2024-12-18", "source": "complete", "count": "complete"}
{"passed": true, "date": "2024-12-18", "count_verified": true}
{"date": "2024-12-18", "source": "complete", "graph": "complete", "completed_days": 1083, "stopped": null}
{"date": "2024-12-19", "phase": "extract", "status": "starting"}
{"date": "2024-12-19", "source": "complete", "count": "complete"}
{"passed": true, "date": "2024-12-19", "count_verified": true}
{"date": "2024-12-19", "source": "complete", "graph": "complete", "completed_days": 1084, "stopped": null}
{"date": "2024-12-20", "phase": "extract", "status": "starting"}
{"date": "2024-12-20", "source": "complete", "count": "complete"}
{"passed": true, "date": "2024-12-20", "count_verified": true}
{"date": "2024-12-20", "source": "complete", "graph": "complete", "completed_days": 1085, "stopped": null}
{"date": "2024-12-21", "phase": "extract", "status": "starting"}
{"date": "2024-12-21", "source": "complete", "count": "complete"}
{"passed": true, "date": "2024-12-21", "count_verified": true}
{"date": "2024-12-21", "source": "complete", "graph": "complete", "completed_days": 1086, "stopped": null}
{"date": "2024-12-22", "phase": "extract", "status": "starting"}
{"date": "2024-12-22", "source": "complete", "count": "complete"}
{"passed": true, "date": "2024-12-22", "count_verified": true}
{"date": "2024-12-22", "source": "complete", "graph": "complete", "completed_days": 1087, "stopped": null}
{"date": "2024-12-23", "phase": "extract", "status": "starting"}
{"date": "2024-12-23", "source": "complete", "count": "complete"}
{"passed": true, "date": "2024-12-23", "count_verified": true}
{"date": "2024-12-23", "source": "complete", "graph": "complete", "completed_days": 1088, "stopped": null}
{"date": "2024-12-24", "phase": "extract", "status": "starting"}
{"date": "2024-12-24", "source": "complete", "count": "complete"}
{"passed": true, "date": "2024-12-24", "count_verified": true}
{"date": "2024-12-24", "source": "complete", "graph": "complete", "completed_days": 1089, "stopped": null}
{"date": "2024-12-25", "phase": "extract", "status": "starting"}
{"date": "2024-12-25", "source": "complete", "count": "complete"}
{"passed": true, "date": "2024-12-25", "count_verified": true}
{"date": "2024-12-25", "source": "complete", "graph": "complete", "completed_days": 1090, "stopped": null}
{"date": "2024-12-26", "phase": "extract", "status": "starting"}
{"date": "2024-12-26", "source": "complete", "count": "complete"}
{"passed": true, "date": "2024-12-26", "count_verified": true}
{"date": "2024-12-26", "source": "complete", "graph": "complete", "completed_days": 1091, "stopped": null}
{"date": "2024-12-27", "phase": "extract", "status": "starting"}
{"date": "2024-12-27", "source": "complete", "count": "complete"}
{"passed": true, "date": "2024-12-27", "count_verified": true}
{"date": "2024-12-27", "source": "complete", "graph": "complete", "completed_days": 1092, "stopped": null}
{"date": "2024-12-28", "phase": "extract", "status": "starting"}
{"date": "2024-12-28", "source": "complete", "count": "complete"}
{"passed": true, "date": "2024-12-28", "count_verified": true}
{"date": "2024-12-28", "source": "complete", "graph": "complete", "completed_days": 1093, "stopped": null}
{"date": "2024-12-29", "phase": "extract", "status": "starting"}
{"date": "2024-12-29", "source": "complete", "count": "complete"}
{"passed": true, "date": "2024-12-29", "count_verified": true}
{"date": "2024-12-29", "source": "complete", "graph": "complete", "completed_days": 1094, "stopped": null}
{"date": "2024-12-30", "phase": "extract", "status": "starting"}
{"date": "2024-12-30", "source": "complete", "count": "complete"}
{"passed": true, "date": "2024-12-30", "count_verified": true}
{"date": "2024-12-30", "source": "complete", "graph": "complete", "completed_days": 1095, "stopped": null}
{"date": "2024-12-31", "phase": "extract", "status": "starting"}
{"date": "2024-12-31", "source": "complete", "count": "unavailable"}
{"passed": true, "date": "2024-12-31", "count_verified": false}
{"date": "2024-12-31", "source": "complete", "graph": "unavailable", "completed_days": 1096, "stopped": null}
